src/arXiv_src_2308_001.tar	c0a2b038794610f3efd69c7511e63b91	582695979
src/arXiv_src_2308_002.tar	155f8f471d3a29db27e161286658cc91	535150489
src/arXiv_src_2308_003.tar	a18344332353fdb57c89750da2f006b1	570372271
src/arXiv_src_2308_004.tar	9ee293237997f39bcd43f07b9ec1cdb4	543053074
src/arXiv_src_2308_005.tar	17c7cae5689d3042b41c4dff098430f1	499289290
src/arXiv_src_2308_006.tar	b9624aac1b5ed1f85155567b64e94aaf	553677442
src/arXiv_src_2308_007.tar	ede5119ac4966d17827f0821f282ff2b	580891040
src/arXiv_src_2308_008.tar	7d08fdc4ea5c46bd1bbd0f3a9aad75d0	535571412
src/arXiv_src_2308_009.tar	ec04f56963f29e00a1bacf6ed5fe8b8f	496029231
src/arXiv_src_2308_010.tar	dc80b46f5118f1dc1c66902de4b4bd44	529812586
src/arXiv_src_2308_011.tar	6d08886f27f0f76beef3787431c5c9a6	550096767
src/arXiv_src_2308_012.tar	7163d32190c913c2a78d3dd71134398a	475964209
src/arXiv_src_2308_013.tar	566bbffe40ad67c41230de4f395cfbaa	531109660
src/arXiv_src_2308_014.tar	ad3fea52b40018d172088a28bbd1a496	511349299
src/arXiv_src_2308_015.tar	be774201dee5f4a75c046b0625dd546e	544150180
src/arXiv_src_2308_016.tar	9f14b91c603983b952b04f963a960af0	537332949
src/arXiv_src_2308_017.tar	a1f971bdec991485ca17e0891bf092bb	532577791
src/arXiv_src_2308_018.tar	8f52eebfd24929b76923a5c02b23d19e	524906211
src/arXiv_src_2308_019.tar	29bfb3d6349dcbb06d652a9410af26ed	511490228
src/arXiv_src_2308_020.tar	79d5fb748052fbaf1cb255d1ba055465	525805069
src/arXiv_src_2308_021.tar	209db301efa130fd28b22ab6672f64db	526541183
src/arXiv_src_2308_022.tar	acd94dbde40f53da49f1af44b6d84c35	531176313
src/arXiv_src_2308_023.tar	a9091530face7f063526d7ffeefb46e3	521669299
src/arXiv_src_2308_024.tar	3384df60bda4a149a886ed0f1213fbfe	494187238
src/arXiv_src_2308_025.tar	ad9d767b4c0fe2a9a2bbf41ac53e6383	533222733
src/arXiv_src_2308_026.tar	65bda346ccc926c6cb997fe534e33f65	525063555
src/arXiv_src_2308_027.tar	c27112c3fe0743196d99b5d7851ed5d8	576221115
src/arXiv_src_2308_028.tar	208880a801ff7c70ed31ccca489543d5	524786827
src/arXiv_src_2308_029.tar	f67d4e9112d35cda58e1e7f902a73ba4	517403650
src/arXiv_src_2308_030.tar	e9f0caa24cef331eb0b44c80aa935be8	547243293
src/arXiv_src_2308_031.tar	7f7c81616a74ab1f732f26824e9b2a15	553327628
src/arXiv_src_2308_032.tar	1ee36d2b4578e51e14d4d9733f93010c	553875249
src/arXiv_src_2308_033.tar	11f0f989497573eacf00d3d9355f4339	562405880
src/arXiv_src_2308_034.tar	9328033a5c64e610f617ac6d0b0424ca	567236362
src/arXiv_src_2308_035.tar	a6e65f996ce33ef20a4fec6ffad84ec6	553963896
src/arXiv_src_2308_036.tar	7758b972cb5917c6120280d40583d6f4	503787487
src/arXiv_src_2308_037.tar	1d7dac85ee02038fad78fe2a90a39d39	553943695
src/arXiv_src_2308_038.tar	5a522a70ed64353169cfbff46f965a6c	603395370
src/arXiv_src_2308_039.tar	4afb1b7079c51859ab4df55aa781b883	541301554
src/arXiv_src_2308_040.tar	3771c9b6f9f3e8b8be67edcb95d7aab1	587396679
src/arXiv_src_2308_041.tar	156a5685754e6d8f9ca43e7af7a5b435	540011714
src/arXiv_src_2308_042.tar	8abd576fdfd31bc69c735b945b1ad236	550014250
src/arXiv_src_2308_043.tar	21d07153a81aa2099f1d43164a766b82	522459052
src/arXiv_src_2308_044.tar	d72269a940df51702d3314eaf9fde2f1	548257210
src/arXiv_src_2308_045.tar	2b4b3729cfae18e0b40f4b1b1e6e020c	544564732
src/arXiv_src_2308_046.tar	2ad209cd56b6166c7e3e946d5c3e9686	516667225
src/arXiv_src_2308_047.tar	1399bdd6243a43c4680c63532a302a66	562595236
src/arXiv_src_2308_048.tar	0d5b56f05f21f473297896b1fc98656a	541011646
src/arXiv_src_2308_049.tar	fc7c95bb7857f8ea8e641567f19d67b3	568111618
src/arXiv_src_2308_050.tar	22a244a7440924dfee69084f4ea3dd25	560806855
src/arXiv_src_2308_051.tar	d96b30c05b1ba2b2d227a01d03812888	568187815
src/arXiv_src_2308_052.tar	cd593477151ea99edca651ed0636ad64	549605496
src/arXiv_src_2308_053.tar	44fcbe5f590852eb8e7bc07553326e3f	525284913
src/arXiv_src_2308_054.tar	3e2405231953a4045b44ea3b56f5f31c	553128185
src/arXiv_src_2308_055.tar	a59d9633c4e8e68dfc62fffe9ba7ea91	547555647
src/arXiv_src_2308_056.tar	4f1846af7d9cc97dddb7adc01be329c7	517153906
src/arXiv_src_2308_057.tar	3624f4ded17fdce542e4a0f369922148	554173743
src/arXiv_src_2308_058.tar	1b19df9cfd12a4f31aff6d0b9acb93f2	526033915
src/arXiv_src_2308_059.tar	89a4dffd4105f0896428ea7dc4b15421	598298206
src/arXiv_src_2308_060.tar	9f6cc1ab26d16f5fbafd72b511a1f0fe	550113562
src/arXiv_src_2308_061.tar	c86c1676fcf52957ac504244cdce7925	526926896
src/arXiv_src_2308_062.tar	e7c4b9a2aa8ab8fac9841f8949652813	505532366
src/arXiv_src_2308_063.tar	d0a8b6876dc7c9798953f1b788c07482	530584507
src/arXiv_src_2308_064.tar	454ad3d0ade2f9dbf2658945648d3ab9	522340616
src/arXiv_src_2308_065.tar	c5efef6fb5922e010af4e32a8666a58b	527073788
src/arXiv_src_2308_066.tar	7ad91aedf647cd54a36837d12e17398f	535551473
src/arXiv_src_2308_067.tar	cdefa38192c972bc3743abc60ed1e8b1	510806162
src/arXiv_src_2308_068.tar	6b7f26a955b95728111aa70856e7f887	536744934
src/arXiv_src_2308_069.tar	57b4eb07db8418ef0ae3d9a48aebca34	587277662
src/arXiv_src_2308_070.tar	d086ed72e91a70391a911ed99e50c747	513077558
src/arXiv_src_2308_071.tar	948cc6bb2901dc7c1bac381078c42780	539075283
src/arXiv_src_2308_072.tar	31c1238ee4cfbc6c7b0a7022c5d444f4	547048066
src/arXiv_src_2308_073.tar	a6ca0fc6d3fa1a2f3bf92958d51232d0	572878561
src/arXiv_src_2308_074.tar	8b46e649bc1edc3f8eb1112d3ac1f0d5	585867879
src/arXiv_src_2308_075.tar	4ac22797aae975561e8704d97cffb293	569234903
src/arXiv_src_2308_076.tar	303d20a584af38b6d080959be19a323c	555615221
src/arXiv_src_2308_077.tar	cb3c49d6d2ae99a62ff67ae3f3bf9102	537295573
src/arXiv_src_2308_078.tar	450da3ba96dd79d6ff1279906ea6245f	540501846
src/arXiv_src_2308_079.tar	818074c25bd9f898be22c33c5a754f9d	526587483
src/arXiv_src_2308_080.tar	1ce0ba56f6c55bc688a13d71510c2efe	543433098
src/arXiv_src_2308_081.tar	a45cdbf8c9d8d2e8ddc509df14f1d7a3	565633711
src/arXiv_src_2308_082.tar	263a931323ac1b72a63e8006789b1cab	552361852
src/arXiv_src_2308_083.tar	86a3585eb49647667f90f1924d67e808	531530447
src/arXiv_src_2308_084.tar	2f9fd952c3e12499f4b781c829d76142	524728729
src/arXiv_src_2308_085.tar	3bb75c90eab6b0a364493b357c46501c	536339971
src/arXiv_src_2308_086.tar	2609e9e64c7ce2cb9a55271823c7625b	524662022
src/arXiv_src_2308_087.tar	ff6f863055901a3f700472bc8aa4e7f5	597232449
src/arXiv_src_2308_088.tar	eb6a5bdfe888b990f608a913d44a3764	547981388
src/arXiv_src_2308_089.tar	b23f6de88734a496348cbb6af33ef683	525281140
src/arXiv_src_2308_090.tar	25b5f784076f565ff22a62c3005fc9c4	545524734
src/arXiv_src_2308_091.tar	1eaeb9c3b0bbb592d13e9aaf9c958474	626969520
src/arXiv_src_2308_092.tar	d56397209337885edd5284ba28904083	525965216
src/arXiv_src_2308_093.tar	4c0dd9d8e8d7a8270b90fa0a44b9ef97	588238680
src/arXiv_src_2308_094.tar	d926ef382e4e19c49d62cedd252aad50	533871674
src/arXiv_src_2308_095.tar	af8ff609c42d0dbb29f72d55ba2e10e1	504082339
src/arXiv_src_2308_096.tar	3f149e8053aca5ec39e66b32c7d5f1c6	572871445
src/arXiv_src_2308_097.tar	2ce15b4726f1a30174712671242551ad	544154605
src/arXiv_src_2308_098.tar	7e96648c78e26026eb8b8e88835bc01d	578741165
src/arXiv_src_2308_099.tar	32e0d7fecb55180ede005ab30bfc1b70	550085521
src/arXiv_src_2308_100.tar	9238e98220d54a3d39d8010c61baaee4	539570536
src/arXiv_src_2308_101.tar	84befa41257049e142de915ef6a61ce9	485231299
src/arXiv_src_2308_102.tar	2886891adbae6d19123070d3f48e8c7f	507922761
src/arXiv_src_2308_103.tar	f5b2dc1dca27e3bdc31c8faa784a5797	579208890
src/arXiv_src_2308_104.tar	c3126a5826588e27b3d12c2e59ce0b93	522107022
src/arXiv_src_2308_105.tar	59cf08fba2173d3776cb7d30d04711fa	557816888
src/arXiv_src_2308_106.tar	afd4cab2e33fbc7ff3c05cfd3cc82c28	549487218
src/arXiv_src_2308_107.tar	41efa8d57fba1eda6780e67296f8f2ce	575869260
src/arXiv_src_2308_108.tar	7030b69e7684cb732ac730d7420c116c	595713157
src/arXiv_src_2308_109.tar	311e853b8b0ba9a4ea8b604c93984b1b	554724816
src/arXiv_src_2308_110.tar	0a3434d618b6ae7bf745ddcd7d5170a9	556929939
src/arXiv_src_2308_111.tar	b19f6b69e7ecff0d0376a5dae3eef50a	532505505
src/arXiv_src_2308_112.tar	48f13a0ecfe3c7267a1063160fccd273	537634556
src/arXiv_src_2308_113.tar	f2662110a93ed339566fbb2c70c12085	533378047
src/arXiv_src_2308_114.tar	4b952a2a384e32c2d43b7ed267abbfc8	495138106
src/arXiv_src_2308_115.tar	ecca282c181a9fdfc2ff3180fb4389aa	603618167
src/arXiv_src_2308_116.tar	cb5c17f34233113a64d9b6c1d9d59f59	495022776
src/arXiv_src_2308_117.tar	c0ef64f784ca537413efef24d4d495db	534721326
src/arXiv_src_2308_118.tar	9e3ffa3f3f704e7dce81a7fa669e3eca	528429739
src/arXiv_src_2308_119.tar	2e107713119a36b17b1ba40868c0b8ed	517037446
src/arXiv_src_2308_120.tar	43de36a96dae64a6c9c70bfcba6ba5b5	564801968
src/arXiv_src_2308_121.tar	59ae4d87d7393fdd0db8ca394230b238	553002785
src/arXiv_src_2308_122.tar	cb4345f492a71a3eacf4aef5aca87cc3	575899753
src/arXiv_src_2308_123.tar	e67f38acaa7dd5f657cafd5a249f65ac	590454289
src/arXiv_src_2308_124.tar	68c4c9db4e3484ba420e4ed17d7ff55f	590622254
src/arXiv_src_2308_125.tar	864cd7ef41b4048b3b5ee16a00fe4172	549748598
src/arXiv_src_2308_126.tar	241b9d89e5f9c8317b483f648bc5921f	73318706
src/arXiv_src_2309_001.tar	8558f0e7cbd27d1c950fc03d821b7e03	562175430
src/arXiv_src_2309_002.tar	d406f1bec20cb3ceee2cd03e561d7b6a	596126127
src/arXiv_src_2309_003.tar	00b915964c48265ee4528b4747bf208d	562614206
src/arXiv_src_2309_004.tar	7af700b03349dd5425a58a4a17ceb83b	531443882
src/arXiv_src_2309_005.tar	5e88f65ee7434c7a689fbaf3137dd08b	580729477
src/arXiv_src_2309_006.tar	43bfc54865e120bbc0e4ab73c1805b89	536448030
src/arXiv_src_2309_007.tar	e24eb70fde99cdbbeba47644688859e0	523668665
src/arXiv_src_2309_008.tar	a93b6082dadfb2ca8e2180f8688b93ac	526475569
src/arXiv_src_2309_009.tar	bd6f585a15c38600364643bb5287f40a	540098693
src/arXiv_src_2309_010.tar	4e07aa731391678e94462a07e0435d97	520060593
src/arXiv_src_2309_011.tar	0dd2dd5836460ccfa96556a6f8530706	510734916
src/arXiv_src_2309_012.tar	1f0d864a96d69685a98bc47973c02e9c	521218462
src/arXiv_src_2309_013.tar	7b0f539623df737878746b0ea200881d	568448477
src/arXiv_src_2309_014.tar	3acb4ab0e9e001440c721d17217f0f8a	541190992
src/arXiv_src_2309_015.tar	86bd97c47091b45135c2ce34d3209457	532667675
src/arXiv_src_2309_016.tar	985da21529e26244721b30b0946c42c2	525135476
src/arXiv_src_2309_017.tar	b398554f2c3441b2eb08bf7d803abff1	528043253
src/arXiv_src_2309_018.tar	f43dadaec5481332feb43aa11a09a4e5	524458105
src/arXiv_src_2309_019.tar	0be0b617039fc89c6f4f7878e8a70f78	488674436
src/arXiv_src_2309_020.tar	8804df846ba36cda64b518c0d40535e7	607259607
src/arXiv_src_2309_021.tar	5ffbc04359e28dcb97fb5df4177257f2	601357070
src/arXiv_src_2309_022.tar	7582a4f43fbc60e54978b346f94840ff	530021952
src/arXiv_src_2309_023.tar	2ca27a73dba18c1ca43d1a09d06a804c	578718303
src/arXiv_src_2309_024.tar	e3205463496d2c7239ba8912d2ce18bd	528465527
src/arXiv_src_2309_025.tar	56eb87571e7e0d82cd0d14937e8023be	542304717
src/arXiv_src_2309_026.tar	00921b9344b17ae6d1dcd310a0466e64	545613610
src/arXiv_src_2309_027.tar	241e888384ba0f12a35fc6bdea2be284	539379381
src/arXiv_src_2309_028.tar	e226ba8cf2fa49d7965e770e5a4ba881	589486605
src/arXiv_src_2309_029.tar	4dde70aa5a87d82cb2debc6bbcaf4e59	525089865
src/arXiv_src_2309_030.tar	0a56cd1b9e2577b588be04634851d373	530880842
src/arXiv_src_2309_031.tar	9261db2cb4cc4283c318140521be0c60	551556714
src/arXiv_src_2309_032.tar	bdd7264dd8d83186f751f5556a2b6104	528022151
src/arXiv_src_2309_033.tar	b02873da6ef929edb14449f6a31abcb6	533786629
src/arXiv_src_2309_034.tar	74663ef136c9382258c1c6594f58c51c	549291858
src/arXiv_src_2309_035.tar	c2b2be7e7262cdf49b448b14feb0c118	591622275
src/arXiv_src_2309_036.tar	efe1da1e4e989cc24993d22de6934f08	537798245
src/arXiv_src_2309_037.tar	08146d8eee2b9002fab268fb994708a7	580911478
src/arXiv_src_2309_038.tar	6192111ada3fe7811d841f46df213af2	527936530
src/arXiv_src_2309_039.tar	527e490a4a485aed82988e41c443e26c	560806001
src/arXiv_src_2309_040.tar	be580db7e5166f4281dafd1a723b686c	571960772
src/arXiv_src_2309_041.tar	da11dd0f4a69fa3e0c71c4557d0a6495	509971342
src/arXiv_src_2309_042.tar	e9ac40c8639a51dfa6efc2de324f2232	515649248
src/arXiv_src_2309_043.tar	d5b82d29964d18ccf53f727e07f29cd7	558906202
src/arXiv_src_2309_044.tar	ecc8da38f043c3619181249a87abcbe9	539982900
src/arXiv_src_2309_045.tar	c2275c2ee0a4c2d772af923e3e9770b3	546664715
src/arXiv_src_2309_046.tar	310f0f1faaeb762a49340a6251db73d3	560702749
src/arXiv_src_2309_047.tar	10bc7a2897abcf736d8e134f8422248d	539768955
src/arXiv_src_2309_048.tar	33467a5c0d57b86a80999a3e328a1c4f	534249576
src/arXiv_src_2309_049.tar	22a6639cb1655078dc8dae3294fe8808	546184853
src/arXiv_src_2309_050.tar	2c2bfa6c90f0dc6a3b21eac84cb0d4f4	521878623
src/arXiv_src_2309_051.tar	6da508e393772e0748b442eef1eccf93	601425337
src/arXiv_src_2309_052.tar	0ed81e61eb9ed934595f424432348844	525083249
src/arXiv_src_2309_053.tar	7413dbcd6170134e047d65f79e31621a	540681644
src/arXiv_src_2309_054.tar	db4af0d0faac2f3ac61cb3c6d6a55fef	592201714
src/arXiv_src_2309_055.tar	c23f8867971a1d910db8ace060c37fa0	583802662
src/arXiv_src_2309_056.tar	b3fb8cc1aca98ee1f5e25e072432c1c1	639141506
src/arXiv_src_2309_057.tar	8bb81b7d9745dd6532ceed9051582d87	533414008
src/arXiv_src_2309_058.tar	c9f2fbc174a42a5b7c1fff3432d0fb85	556615880
src/arXiv_src_2309_059.tar	760532d9beb0fbfb9475adb6bcb1f980	524455630
src/arXiv_src_2309_060.tar	e488b59b1a893324708016ff32c4b580	615105342
src/arXiv_src_2309_061.tar	41880a5637510b979ab8c743bb6ca1cd	494613055
src/arXiv_src_2309_062.tar	c56a6b8387b8ce3dc26513a41a129e11	483626878
src/arXiv_src_2309_063.tar	4175957da8de5c36ef61bdad403eeee5	526407848
src/arXiv_src_2309_064.tar	e4586a079b3e06f5d865568d8de15d34	545351534
src/arXiv_src_2309_065.tar	d68008f7d307b58a7301296d0d54f36f	529732499
src/arXiv_src_2309_066.tar	374d7b810e9323cf9d91ff1db6e94106	525299888
src/arXiv_src_2309_067.tar	b5a827a632ffcd4547c2d603782fd14f	540516679
src/arXiv_src_2309_068.tar	918384019ef6acc00299a71472867411	574569836
src/arXiv_src_2309_069.tar	712d912d88c7205ccfbeb508d3d0e667	525595901
src/arXiv_src_2309_070.tar	9bc679f57806bc6524760a3b9ccbb207	545335400
src/arXiv_src_2309_071.tar	96efcb4c8d32ea747fecd6a60b5eec24	545116644
src/arXiv_src_2309_072.tar	de0d9c2538281b6ca2d5a798c9c0545e	528323802
src/arXiv_src_2309_073.tar	b5b39cc143c6a7f7627fad2cd4d89243	524810581
src/arXiv_src_2309_074.tar	3b7781fd86c665f98f37174493b47795	537288301
src/arXiv_src_2309_075.tar	56ab2a443b4d77e384593b389b9d7606	532552651
src/arXiv_src_2309_076.tar	3127a07ee5829637490e8e4cd7f9da77	559131835
src/arXiv_src_2309_077.tar	4b273088432590c8afadc314ffdc774b	569537908
src/arXiv_src_2309_078.tar	7ef916f2d24777c97832acf0253a00e3	544501343
src/arXiv_src_2309_079.tar	ad1b16de07fc448cd564b0114a8bb37f	636663770
src/arXiv_src_2309_080.tar	29830ce7b8c600a749c399038999b5a5	540559756
src/arXiv_src_2309_081.tar	79270b83ec61d54ada05da77ee641481	557758283
src/arXiv_src_2309_082.tar	47f9d5f835095c4725ff022c3158ac25	530916491
src/arXiv_src_2309_083.tar	ff85926cb74dd9230704906310b78ef6	559896949
src/arXiv_src_2309_084.tar	2cc4cb000030e0e7971c6b3f2ca3310c	526882412
src/arXiv_src_2309_085.tar	79323ba906fdca267918888010810962	594339771
src/arXiv_src_2309_086.tar	92c2652b949b19dc69a66d8bb223e03c	518847856
src/arXiv_src_2309_087.tar	f6bff2e396ff276c57eaf66618e8595f	552896014
src/arXiv_src_2309_088.tar	852e7fed5ac8cf0460daaa246ae77e01	544789557
src/arXiv_src_2309_089.tar	f28ad40ee5315970b2aba34661eeb05a	538240231
src/arXiv_src_2309_090.tar	5f1b4a3ec66c10d398de55985235fa81	550033749
src/arXiv_src_2309_091.tar	44d963dd6207433d7a219f691f112532	573326925
src/arXiv_src_2309_092.tar	2204cc015dac6a943ea7d396c111a2b0	544589562
src/arXiv_src_2309_093.tar	ccab389a2400c65afe1ad3ed8e57297a	559493151
src/arXiv_src_2309_094.tar	880089e1f502510a4dd49c1605664e38	558965000
src/arXiv_src_2309_095.tar	f1af9f42f5c0ceeb7f3b99ef9c77cef7	551505642
src/arXiv_src_2309_096.tar	a47a665ab432fe9a4f56cee264dcfaa6	516851577
src/arXiv_src_2309_097.tar	8c935092d80afbf3d70f6835ad4087f0	546842438
src/arXiv_src_2309_098.tar	68e3778f56ae949dab76e5aaed9bddc9	602449428
src/arXiv_src_2309_099.tar	fefc19f0564929236603b3520f2c4c4b	499882156
src/arXiv_src_2309_100.tar	9c8c75acb1b72383da112aa56f18de18	571912196
src/arXiv_src_2309_101.tar	1649b2c69903e84fb11e4b1b37510ec4	531691491
src/arXiv_src_2309_102.tar	b49a139b2f471b2f2e51720d5770fb56	558553573
src/arXiv_src_2309_103.tar	8b79a9168a6c265731028fa9ef46e6ad	640295905
src/arXiv_src_2309_104.tar	06aa79342266575a1b02e56a97ae8d87	512789347
src/arXiv_src_2309_105.tar	2199669c25d2d2aa117821d736145800	524614263
src/arXiv_src_2309_106.tar	7e9677a7e06a2efdab0232ae08663195	535603212
src/arXiv_src_2309_107.tar	771f3aeced552e60ca49872c6fa4f467	556483533
src/arXiv_src_2309_108.tar	35cb6114a69ecc50e22d125314713bb3	542007464
src/arXiv_src_2309_109.tar	00f941096c44cec9b0b12265ff26bfe1	626962352
src/arXiv_src_2309_110.tar	463653c8c4e26b412812182bc6ff2bb0	551886446
src/arXiv_src_2309_111.tar	d4ae680f5d7e20ff1a38e9f6e2206701	620798361
src/arXiv_src_2309_112.tar	78622133bca2bb74c8853480a0eb19ef	531000515
src/arXiv_src_2309_113.tar	ec5e90d1308b75db49dd1f3ca859b02f	539703104
src/arXiv_src_2309_114.tar	e99a08cfe3f840a924762e54bf5e965a	525861183
src/arXiv_src_2309_115.tar	60904778b988880b826b0d8becf22c40	524875022
src/arXiv_src_2309_116.tar	61d3a23a22e19d31ed0ce0f81aa63938	493901224
src/arXiv_src_2309_117.tar	f7ee76ee0a2e219218a6dbde3315fac1	512248181
src/arXiv_src_2309_118.tar	179543c91a7ad59d154fb949d6d4a99f	497361393
src/arXiv_src_2309_119.tar	eff67e33c887dcd2cd40eed13788047d	531903279
src/arXiv_src_2309_120.tar	c8894614e4ac569233873aa6602a608a	621115834
src/arXiv_src_2309_121.tar	2ef5842b41bed65ada185c048690921d	625920909
src/arXiv_src_2309_122.tar	d179d284c56bc9305107392f5b845b5f	530879485
src/arXiv_src_2309_123.tar	8d8097c6d843a167ce95acc987d8d7cd	589228836
src/arXiv_src_2309_124.tar	ff886b0f0020eb03532cbb286e5923c3	539041011
src/arXiv_src_2309_125.tar	ec70f108dbfc940646d62e99fc812eb5	589368349
src/arXiv_src_2309_126.tar	84a1d2e1f1c6e4c57896b8ff25335e66	542716719
src/arXiv_src_2309_127.tar	9dc23c9b3e625bad1aa949b22d6e1744	537726571
src/arXiv_src_2309_128.tar	3b49b066aa5e3cdc33e11cdf90121bd5	473349334
src/arXiv_src_2309_129.tar	97174b7fc12cca9c5a6149b9a2d426a9	592433648
src/arXiv_src_2309_130.tar	0b592299d08a599901c20c96f43cde3e	530185750
src/arXiv_src_2309_131.tar	34af4d93445ef74d1599f896a25d244c	87819195
src/arXiv_src_2310_001.tar	5abc57a20a8bc66f956af86ea84069f0	627501683
src/arXiv_src_2310_002.tar	98aa13efb568ce443dfc692da732f1b1	532623377
src/arXiv_src_2310_003.tar	0819e85956fe3e79f0129bbc079256b1	597017787
src/arXiv_src_2310_004.tar	a51e15dbb0c18ed6cd8e7dac8ac61811	604411224
src/arXiv_src_2310_005.tar	93511b3e20ca5736a8f0ad1ce888015f	543534280
src/arXiv_src_2310_006.tar	88a1c8ba3de70a7f3bec95e27628e7b1	572425842
src/arXiv_src_2310_007.tar	42b2d15a4386d5b8a7c520d42da6d778	552686722
src/arXiv_src_2310_008.tar	57bfa9f1d50c2e500bae3dac4379e1e8	588692157
src/arXiv_src_2310_009.tar	42d202480710594a6b7cd2d2a447d876	571843920
src/arXiv_src_2310_010.tar	4402cfe44d074e5e1bbd1c75136fc916	539832881
src/arXiv_src_2310_011.tar	0a72c88206c0b8f2138118c5533c51bb	529342894
src/arXiv_src_2310_012.tar	844f4bd243567514bf660b246f755904	568004305
src/arXiv_src_2310_013.tar	7c986bffcb9f4ac9c107a8d94deb7953	530021388
src/arXiv_src_2310_014.tar	ab2eac893a3a59ecd823141424e4d916	521462552
src/arXiv_src_2310_015.tar	bccd3879b82be7eff0cb815ace028994	519739376
src/arXiv_src_2310_016.tar	1dc67633a0ef112be72969943bc78253	523197342
src/arXiv_src_2310_017.tar	55805f739bc1b29ceb73f454fd0ed945	595791082
src/arXiv_src_2310_018.tar	874bb5bbc22545770760357ba427a3ed	526456722
src/arXiv_src_2310_019.tar	0ea19a6ecc73fb4a58cbe92747c624c5	575055118
src/arXiv_src_2310_020.tar	86475f364a69a43737e422c1d0a4349b	526207522
src/arXiv_src_2310_021.tar	c856ca72c7422be2b1958f4c6f403d79	669535796
src/arXiv_src_2310_022.tar	e2ec2f023c7a45afafff3a73a5b9000f	560948948
src/arXiv_src_2310_023.tar	ebba5ec97d08818b93fafd10eac4279f	559607463
src/arXiv_src_2310_024.tar	f9a19c5c93b89d36030ebd16a374e00a	460698257
src/arXiv_src_2310_025.tar	eabf17782230e9c0f71f5e2f157a51f5	549016245
src/arXiv_src_2310_026.tar	8c3654c271ded70c685c41138239cbdd	632404309
src/arXiv_src_2310_027.tar	cccfdbae443b1f5e76b0ef125eb64222	567952540
src/arXiv_src_2310_028.tar	20999630d7ad4f0c267dabea7c85ac7f	558041889
src/arXiv_src_2310_029.tar	dcaec4c9e09a1bf954168ff0748dc070	522367091
src/arXiv_src_2310_030.tar	b840f586331b3d212531afdbaa9e43f7	611462717
src/arXiv_src_2310_031.tar	48ea39b6a256dc4813854613d43ef6aa	579268935
src/arXiv_src_2310_032.tar	7b4504bdb33aea1712f4d76d88cb8618	565661732
src/arXiv_src_2310_033.tar	049a715a8f39049f793350d1c5320c0c	563813071
src/arXiv_src_2310_034.tar	4b10ad883b9ab9a2b0a0141160e22d5c	573852025
src/arXiv_src_2310_035.tar	a55642495bfd9087fde26773c00672a1	563209709
src/arXiv_src_2310_036.tar	c77cb425c3431d5ceb529572319a6960	667003133
src/arXiv_src_2310_037.tar	045bd6acdecf312be75d7c7f3b31a736	575413093
src/arXiv_src_2310_038.tar	e8bc8b30aa7989c7087dab6d43b2edff	555621891
src/arXiv_src_2310_039.tar	a7fa61fb03d036c362df80015e0f1f98	541722113
src/arXiv_src_2310_040.tar	dd07f61b89becab161682d7d16e38ab1	540046444
src/arXiv_src_2310_041.tar	b7fa328e6198f5da0852306dab9267e4	526970766
src/arXiv_src_2310_042.tar	095555a957b3e435f3122f4ebd4bef7b	548798613
src/arXiv_src_2310_043.tar	8e4d09d19384bf389c0578d901efd660	540844418
src/arXiv_src_2310_044.tar	a82bfa4f4a2f9c8270c0a2b36b55d471	589715470
src/arXiv_src_2310_045.tar	8f7771fe2a4feba36ddd58595cea6126	612838032
src/arXiv_src_2310_046.tar	a5b4df57c9090fb3c39615d2aa37f857	591375164
src/arXiv_src_2310_047.tar	1bffe56b50029e06d61647cf8d33db83	558692206
src/arXiv_src_2310_048.tar	33858fce370e7dd1703f227aa44e6723	567293079
src/arXiv_src_2310_049.tar	a828e50e2a98f344e2c607aa6cbff34e	546748181
src/arXiv_src_2310_050.tar	ea76e47f670e4993cbf9611a57aebcda	593965841
src/arXiv_src_2310_051.tar	6892992c9ad2b5b7d209b56a7fdb131b	605469725
src/arXiv_src_2310_052.tar	6e56030a0900ac18b33498cb3b7ffbcf	554705357
src/arXiv_src_2310_053.tar	8da8779f9615a79b0f4d93d3e200942f	536943328
src/arXiv_src_2310_054.tar	9906f0ae3a237e2ebe3b4a373c778b6e	500996202
src/arXiv_src_2310_055.tar	115c7ee2091617cc2e6241ce582963e3	529513049
src/arXiv_src_2310_056.tar	d340999966fe8af62b705dfa603b9982	636683161
src/arXiv_src_2310_057.tar	87dd5c4199c1693e320f2573c2ddd165	537182769
src/arXiv_src_2310_058.tar	b96626b932607f5224cbf77747ff9ed2	541799418
src/arXiv_src_2310_059.tar	32f752969bed1aa90182e7a369985c6e	526056650
src/arXiv_src_2310_060.tar	44fbc24f0ae920ac635294b76f2d56dd	593808839
src/arXiv_src_2310_061.tar	117e6468aa2a8a2845d338afcc880992	535607377
src/arXiv_src_2310_062.tar	ccaab74d2f30c242a64eea65e1f02001	556547158
src/arXiv_src_2310_063.tar	4e3fa5022c028d75415040faa305345d	558671979
src/arXiv_src_2310_064.tar	e43c57798cabeefa93540b9047605207	656059119
src/arXiv_src_2310_065.tar	4bdfaecadd67261fef0afcd78bde5b74	493676403
src/arXiv_src_2310_066.tar	42e30b18f400ba5f82171d6347487411	524534334
src/arXiv_src_2310_067.tar	765cd9c239ef149129a8161ebd163d32	549989668
src/arXiv_src_2310_068.tar	99fa54226d6134c33400e36a7fcd8aa3	574754905
src/arXiv_src_2310_069.tar	55e2a0974c5de1a90b508226501cd306	499119316
src/arXiv_src_2310_070.tar	1f4430c32ee13c5e889d53abe36f5bc7	523730370
src/arXiv_src_2310_071.tar	c285d0ce2ba4e80af3335ed79e83f211	636051458
src/arXiv_src_2310_072.tar	c2223069e4261c7b0db34750f8cb59d5	526187615
src/arXiv_src_2310_073.tar	44edf472ff01b03ec725083c25a1313c	521074299
src/arXiv_src_2310_074.tar	9106b65580fff7372c530c7ccb38b662	570237587
src/arXiv_src_2310_075.tar	44bdd03d9a9b999c47a23e21d388fcea	535250104
src/arXiv_src_2310_076.tar	2d3ceccd296a520efc1c8a7adeb25c4c	536643513
src/arXiv_src_2310_077.tar	8b51f8cf9f9992ba001c7dc2c4b8130f	548211451
src/arXiv_src_2310_078.tar	74997794cd7b0a1bc58d70a0ef4ef023	546715451
src/arXiv_src_2310_079.tar	6b36b830a710cdcaf75fefdc1a77fdde	542865192
src/arXiv_src_2310_080.tar	6d40034bd4fe4538b4b8cd77a3a03953	615271702
src/arXiv_src_2310_081.tar	e28060517791806c38f543030b73b4dc	515222727
src/arXiv_src_2310_082.tar	36126d9d861af9840feacd64bdd468fb	527790632
src/arXiv_src_2310_083.tar	d7729be917e8a7e3e5e1f62f34e50ab5	558638971
src/arXiv_src_2310_084.tar	dcf9b486284500005a8dbb849253abeb	552796300
src/arXiv_src_2310_085.tar	cd7c7f31e8a50ac5c2a0541dbf4bdaa8	530202828
src/arXiv_src_2310_086.tar	5fbdba72f88b912bfead896e43dd05d5	568440767
src/arXiv_src_2310_087.tar	fe5431544f75d5278abf3fe359c71481	531720321
src/arXiv_src_2310_088.tar	483d12e57893542fdc2ce5aaf8d85b4b	517358670
src/arXiv_src_2310_089.tar	d40acf09117917f1557074e474ff7a10	513937564
src/arXiv_src_2310_090.tar	6e80e2e2039612b0f673ba163c58f466	573617160
src/arXiv_src_2310_091.tar	c525a2263504bfc73884c69f14dbb6c0	473885442
src/arXiv_src_2310_092.tar	3812dabcdbea4996a394b6c5d3a20e8c	528792216
src/arXiv_src_2310_093.tar	3ed68c5622fd3baf99db027e55354c77	528076428
src/arXiv_src_2310_094.tar	19520510130a6304e3feaa5ef9f0493b	523580631
src/arXiv_src_2310_095.tar	216e33c53d00214bcca4821f2e1c6165	527188926
src/arXiv_src_2310_096.tar	47fd68d2411dc039f6fb3193f9c62a44	538742990
src/arXiv_src_2310_097.tar	7889c24a783ae952777fa9b6aff096e6	536663747
src/arXiv_src_2310_098.tar	da03c7dc242dac55caf018ba1c0a2588	594850900
src/arXiv_src_2310_099.tar	9697c863b2f1d6672905693636107602	613734386
src/arXiv_src_2310_100.tar	cbaa11015550a3aed596dcf667417810	532206039
src/arXiv_src_2310_101.tar	5d2d8c85899bc61229fa6c856494839c	481897759
src/arXiv_src_2310_102.tar	ee1e563eb9d2620f46749b911a8d5bef	525346736
src/arXiv_src_2310_103.tar	06c1d47018c9d318cce94651091d8e93	530588653
src/arXiv_src_2310_104.tar	60cae6f6f62d802b037a56c6032fecc6	610836432
src/arXiv_src_2310_105.tar	2e30d5baf716db12ab3e50f120451967	519441258
src/arXiv_src_2310_106.tar	affdabc16cef69dc1f4251cf37f6ffc1	596830942
src/arXiv_src_2310_107.tar	24dcc934f7579a627c4bfe28429eacb2	536614834
src/arXiv_src_2310_108.tar	048a7d991da964adfa56d316d57fee8f	539546303
src/arXiv_src_2310_109.tar	02104d5f1e5b7954c25c719abdd47a5d	607424592
src/arXiv_src_2310_110.tar	81cbfe7d4d0ad38cdd2651de02b1a9b2	539553886
src/arXiv_src_2310_111.tar	288e551d350e6b0fb0de69a0386c70e4	571879909
src/arXiv_src_2310_112.tar	63c3dd1dffb033987e03d13415c02653	529339922
src/arXiv_src_2310_113.tar	07a3d93c3c197cf044bd0d442a16338d	531149035
src/arXiv_src_2310_114.tar	6931212e8d8939684bcaaa81916952ea	527646524
src/arXiv_src_2310_115.tar	c3980d673816e36b2a8c0fa087bbb258	594238530
src/arXiv_src_2310_116.tar	245a093ad208c14e1c4ae38a2c55dae4	531773674
src/arXiv_src_2310_117.tar	3f722df0c8d7a3c11f6bb5f3ba44fb7a	560018065
src/arXiv_src_2310_118.tar	dc1e6a9050ecf1cc022b8ddd2efb5d4c	504104463
src/arXiv_src_2310_119.tar	ff2bd90fdab2151209c1b488d96d6e17	555796230
src/arXiv_src_2310_120.tar	5acf651ac2386b8677a0f02a2cefe6cd	534581397
src/arXiv_src_2310_121.tar	0c87fc2a9fafdf0428bf5b38bc395829	527126937
src/arXiv_src_2310_122.tar	de2740c2973bfdaadbc06c07875414b9	525623985
src/arXiv_src_2310_123.tar	33f11aa6e8b4a8114cb034622fba353a	540898171
src/arXiv_src_2310_124.tar	86ee9133f45af87fdc9503c01ad8feac	525873374
src/arXiv_src_2310_125.tar	0da9647e9c5ffa0b63b4e1103cc44521	527544640
src/arXiv_src_2310_126.tar	acb411f1a16a99e152bd3a588fa9e8ad	599675506
src/arXiv_src_2310_127.tar	2a9555fdfe4b1a009f6d50b8ca67d339	533889975
src/arXiv_src_2310_128.tar	cb94434b2dc2bfe9aa354295e215da82	552119981
src/arXiv_src_2310_129.tar	14ff7d8da9beec4b47ad909bb5f8ea94	594568726
src/arXiv_src_2310_130.tar	f7071828065effcc441dee19b02a7c8a	530860486
src/arXiv_src_2310_131.tar	435e9856727a192a27df4b607d596887	560230264
src/arXiv_src_2310_132.tar	6964eb1f719ef6161166d5879c67f652	564119949
src/arXiv_src_2310_133.tar	663cda28af7c479168c5961adf84ae69	525427548
src/arXiv_src_2310_134.tar	279b7018f8723992bfb2b69a4b4111b4	547582479
src/arXiv_src_2310_135.tar	2109cde45ab35473ed95d97ff9c0c0f8	537677417
src/arXiv_src_2310_136.tar	fc069c2325b65ad0ce804dff885b96ad	562019158
src/arXiv_src_2310_137.tar	ffac64296985eb5ad12524181ae49448	514425791
src/arXiv_src_2310_138.tar	d88d45f8b1253902f1ccc2f1e684b911	542021688
src/arXiv_src_2310_139.tar	a3f80a5eec95359907a057aa25e6d3f6	515041025
src/arXiv_src_2310_140.tar	df8b39816bdfda9c513eeb713ff703ae	540486105
src/arXiv_src_2310_141.tar	34d2636663f14ada72ce82b558760f34	547656780
src/arXiv_src_2310_142.tar	cfc08a3b731fadfe1fca598208935be1	473443369
src/arXiv_src_2310_143.tar	73dc1c3ab6ae39530817e4c3e45b126e	526342049
src/arXiv_src_2310_144.tar	4be985192ef148b9bf7709557c53bc53	524820081
src/arXiv_src_2310_145.tar	6f9338f752599da70086e4c91b34f440	602169771
src/arXiv_src_2310_146.tar	dc40c6c2259c313b94e1cab43b0fa753	540749956
src/arXiv_src_2310_147.tar	407803ac731751790c43c5d3d91e72b3	552607889
src/arXiv_src_2310_148.tar	c5d8271852f7d6bef37b38bd0ae112bd	636593992
src/arXiv_src_2310_149.tar	2b0d845e5096d1a97567288abbe52810	526060489
src/arXiv_src_2310_150.tar	001aa468e68ded8d3d972989b3c16b5d	550301501
src/arXiv_src_2310_151.tar	debe06cc20880f17cfd8ca2684380b5a	567640510
src/arXiv_src_2310_152.tar	f26486bbf739300f763013c8af6883a1	524707954
src/arXiv_src_2310_153.tar	d004b1ea6419e3c1e3756c287c8878e7	574686794
src/arXiv_src_2310_154.tar	4e6cd1beb5f69dcc7f3be628d9e20ac0	538775154
src/arXiv_src_2310_155.tar	3010c33ddd956881439c11be42a319d2	556348405
src/arXiv_src_2310_156.tar	b0ecb263874ed681d2f3bc1e1f023697	468222989
src/arXiv_src_2311_001.tar	ecbccbe5ea373edced6b959069ced4b3	499092778
src/arXiv_src_2311_002.tar	273ef38724eb996c3611679957ad0da3	685368584
src/arXiv_src_2311_003.tar	e7a02d99b248a4919e101e1a0c723aa5	624101649
src/arXiv_src_2311_004.tar	364f2b283225d6c017ffe27163a4fcec	555623358
src/arXiv_src_2311_005.tar	1bd1c1d86547e30c04b2f9c9c9ce65a8	570593095
src/arXiv_src_2311_006.tar	7f784d395157b4169d930489b64d4f28	539550418
src/arXiv_src_2311_007.tar	f5d240dcf7f4a0d4e5434f6655aac79e	605732781
src/arXiv_src_2311_008.tar	5a5d550353538d3b4aa1e325a64ffd7d	575122205
src/arXiv_src_2311_009.tar	14eebc5443b55c2d872509a76b177a6b	547896328
src/arXiv_src_2311_010.tar	05e184d8939ad55e812ce742b5e5780f	558704194
src/arXiv_src_2311_011.tar	64c64fe37c04dc56f7a7df5639d17d70	483188463
src/arXiv_src_2311_012.tar	1a10827bbf98823ac0aa4a4bf4e26838	526803925
src/arXiv_src_2311_013.tar	ca6d62c388178ba0791921bd81f7bdb6	532769458
src/arXiv_src_2311_014.tar	d809e9468ef0ba2c93aa053a4973855f	575648403
src/arXiv_src_2311_015.tar	5ec19f01239a2a483b1156e2c11a81b1	560695267
src/arXiv_src_2311_016.tar	f1021a3c44c01725d6db0b436b9155de	500777278
src/arXiv_src_2311_017.tar	8846962a5d8456542b01feffb39e9158	551964369
src/arXiv_src_2311_018.tar	893ca48fece428a1b213689d6c3a8e84	540560245
src/arXiv_src_2311_019.tar	e0c27bb5387c57716908b419f99dd815	526099029
src/arXiv_src_2311_020.tar	fad669f06b3f441209bc419c3322809a	541535950
src/arXiv_src_2311_021.tar	b93da42bbb9387b8978fde71286af3f0	524274561
src/arXiv_src_2311_022.tar	2248ed7b0929bd2f5249b9852fd0800d	582009221
src/arXiv_src_2311_023.tar	220a25c4402910cc407ae0ef04765798	552909552
src/arXiv_src_2311_024.tar	893822fca38db41c5e96bc76cae799aa	556198904
src/arXiv_src_2311_025.tar	b9e8361f6bce2519eb926af8de2d5dcc	525375459
src/arXiv_src_2311_026.tar	1bd8be4f0189d067a6302b1321eb0f37	573942195
src/arXiv_src_2311_027.tar	36425218d28b819485e76f5c6d20fb9f	511437586
src/arXiv_src_2311_028.tar	47284c85899e7c1645e7324eb773432b	518171243
src/arXiv_src_2311_029.tar	0213b1fd9d63afc33bbba6980211cfa2	536790983
src/arXiv_src_2311_030.tar	78bc7c57a61b0d675db7c7c3c07abc1e	621141172
src/arXiv_src_2311_031.tar	b9ac7257db4b4c55d45fb6fcde9c307c	559878082
src/arXiv_src_2311_032.tar	107ca37961b10e8e59786e2fdf8fb0d8	570535960
src/arXiv_src_2311_033.tar	00bdddce61f74a50d3f1aed7635c5074	625158340
src/arXiv_src_2311_034.tar	a504cc0fdbec10314a50977d5fe1addb	530240266
src/arXiv_src_2311_035.tar	ad1da062d7a569dea64d9eda21f8749f	579624392
src/arXiv_src_2311_036.tar	c196a00a3d786821ddf61319467b3ff6	558984996
src/arXiv_src_2311_037.tar	2c4a152a32fad0ad0662a7957b994bf1	556004530
src/arXiv_src_2311_038.tar	596224bdf61ce557870ed45d56fa0411	531289803
src/arXiv_src_2311_039.tar	1a9cc1ba7b885b2f643dac97adc5c271	534083091
src/arXiv_src_2311_040.tar	626d43ca455919c3a559df71a0c911d0	520640078
src/arXiv_src_2311_041.tar	d8fadd32d95f3a2233f32cd96db7ac75	519448278
src/arXiv_src_2311_042.tar	16f8eb9c67f15ce5f0b22f5d93af5a15	549843474
src/arXiv_src_2311_043.tar	fb2850fa999cf3acc7b521da20b6a43a	565504879
src/arXiv_src_2311_044.tar	9852f3085308f492aff666b15c41b32f	548991284
src/arXiv_src_2311_045.tar	4c720f7aa190374954508baa8d8eb10c	484189936
src/arXiv_src_2311_046.tar	8b7671b481e0520d2a70db666d1c829b	543862960
src/arXiv_src_2311_047.tar	07cf07028b3663bd40120a7468a2a6bf	520134138
src/arXiv_src_2311_048.tar	3c6a9d914570993e27554f4fe56fbe14	471075883
src/arXiv_src_2311_049.tar	4a20f06798dc72779b6fb558dd0a8429	551728415
src/arXiv_src_2311_050.tar	6c425193066b318f72ce8b61a41d3b0a	529341915
src/arXiv_src_2311_051.tar	27052001d412fc04322b9cb8783b9771	558947429
src/arXiv_src_2311_052.tar	0f1ed785f94096b79175f8e3197feb83	529489429
src/arXiv_src_2311_053.tar	8e790c3cae2fd7f63a7ab8cb4dbe6f30	545823642
src/arXiv_src_2311_054.tar	206aca684532c1dc83c231e1139a3baa	561038037
src/arXiv_src_2311_055.tar	c896715c07d3b2660225941d8e8bf623	360529566
src/arXiv_src_2311_056.tar	1b572c6a06b671485b3fb8e0f2b1619d	506556878
src/arXiv_src_2311_057.tar	555a6dc70e8966acd5750a61a143d7b4	570885273
src/arXiv_src_2311_058.tar	45202d3b0097f0fca95fb887946c0021	524387458
src/arXiv_src_2311_059.tar	c57e5acdcbf95736e0f587f843c8a7c9	592967542
src/arXiv_src_2311_060.tar	f64c7eb113a27fd42a50f18b8da35fb3	565670483
src/arXiv_src_2311_061.tar	e0e8ea3f4e5eb673fb0edffff2af116a	554939954
src/arXiv_src_2311_062.tar	b53f5ecc2427a81f59519b24cc69aae5	539686968
src/arXiv_src_2311_063.tar	1495fa7f1147d552c3985feab3bc41da	584476661
src/arXiv_src_2311_064.tar	ba60c0bde962bf7086d37ea7b771e7af	522468688
src/arXiv_src_2311_065.tar	51f3cdfc143a2f60336f030c7020b7fe	550949736
src/arXiv_src_2311_066.tar	c307dd02d63fbb05b6b7005f274ad22f	571797059
src/arXiv_src_2311_067.tar	a0cce039bd5ca3827582bf3e52eae933	530827444
src/arXiv_src_2311_068.tar	aaa5abf1c97411de8982c56d94d5b0bb	524315937
src/arXiv_src_2311_069.tar	e689b1e6c8052b7491a0772d14e76ea0	536711468
src/arXiv_src_2311_070.tar	1c86ae3007ca33acd0bfb31b102ad994	571944465
src/arXiv_src_2311_071.tar	02a47f60f788e68f3c49844207b18a79	556666977
src/arXiv_src_2311_072.tar	62d34f3c64599831c85deac8db3dd2ac	542194224
src/arXiv_src_2311_073.tar	62696b5750c22676866e0d611e8f73a1	593275163
src/arXiv_src_2311_074.tar	189fe53ce523ce01d2b4ebd8bebf0998	612912323
src/arXiv_src_2311_075.tar	cafc781cbb9750fc755f0d3adf8e1828	513267589
src/arXiv_src_2311_076.tar	763521565f2407f012cb51adc3566b77	492755412
src/arXiv_src_2311_077.tar	cfec40465be3f9714f564b143dff9a4f	524321430
src/arXiv_src_2311_078.tar	8a0dad17efda5ee5b83f97a28e8f8f78	530726199
src/arXiv_src_2311_079.tar	947bad98e69ec4a8f8c22ba44ca74804	571798132
src/arXiv_src_2311_080.tar	8bde8b4ad46ac71038f1ff902fec0bf0	528001630
src/arXiv_src_2311_081.tar	c32a3978c78d6abd62725018e7715a43	526888609
src/arXiv_src_2311_082.tar	456be6e016060518eb3aabe782379167	530838519
src/arXiv_src_2311_083.tar	d819d4adf1e30f99e0aedea2b8b0c386	552778962
src/arXiv_src_2311_084.tar	69a68e739bd3e114cd1caca6703be196	544171657
src/arXiv_src_2311_085.tar	42fb05cb2a897dfe68050e870939db47	563648866
src/arXiv_src_2311_086.tar	ceebc013ee68390e91fa592241587e53	634259073
src/arXiv_src_2311_087.tar	4708ab589ff8cf84539a92061633f6d9	552280375
src/arXiv_src_2311_088.tar	75e7b1fb759c845e9d969dae55a7c9c7	562943472
src/arXiv_src_2311_089.tar	d09db4beecdf938ede0b64911c1fde38	524693309
src/arXiv_src_2311_090.tar	7a899ed5dc65e9319935694bf77037ca	547619889
src/arXiv_src_2311_091.tar	59a88128236cac2050b0b82ab7288876	524969376
src/arXiv_src_2311_092.tar	7b20972abb5d1cd4a6f4abbed6646e3b	546541173
src/arXiv_src_2311_093.tar	26fb7c102a17038eeb7e2cf1f0e3d848	577121195
src/arXiv_src_2311_094.tar	67b613a8033b094b3c05eebdf04e27d3	578267652
src/arXiv_src_2311_095.tar	79f9c5952c76fc0ae0e7fe88a3356cb3	645042413
src/arXiv_src_2311_096.tar	9d98e1a3d025fa3a1327723459fdf864	600461185
src/arXiv_src_2311_097.tar	a97220110cb4b4a268b92ddc2e5a7ff1	500112565
src/arXiv_src_2311_098.tar	ad562868994f9d2f2efe97cc7eedcccb	574674366
src/arXiv_src_2311_099.tar	fbdd3809199122a0932ef15efd335a11	525933761
src/arXiv_src_2311_100.tar	1e7afa3101be3efa614483da4711bef5	556829333
src/arXiv_src_2311_101.tar	6ceea31d9edf07c9f6c6f6b5ff496139	637034387
src/arXiv_src_2311_102.tar	5c85835d6f59b867fddf015e6ab32841	517415699
src/arXiv_src_2311_103.tar	7e897143f8571ce3dedf1287780f0807	517250184
src/arXiv_src_2311_104.tar	ba088ddfd04061262c71f6deebdd14a0	603936826
src/arXiv_src_2311_105.tar	72b167b088bc5a8d856acee4f865d636	611230657
src/arXiv_src_2311_106.tar	a89f06c084ee398523d9bfcbdabcb955	580003948
src/arXiv_src_2311_107.tar	ef2b67de48bf0507bc56566cc9583be0	524721773
src/arXiv_src_2311_108.tar	c6c5f2a2c4d4950186575e1e7b6fd88a	500466330
src/arXiv_src_2311_109.tar	611d8423e13ab5f275e648e221b46d5a	573265943
src/arXiv_src_2311_110.tar	cd789bee0709a41f09777250ed28d793	526101811
src/arXiv_src_2311_111.tar	365abc9a32ec758c88b71000109edc24	540589739
src/arXiv_src_2311_112.tar	3ce57f4b7f35607a5d04ecbb57ae5448	495812131
src/arXiv_src_2311_113.tar	42eae5934720fe1a3504540f11a637c9	514220953
src/arXiv_src_2311_114.tar	bfa63741913059f52094e0d373f42be8	527440689
src/arXiv_src_2311_115.tar	adb16ee47b41782ea1d7851e622a42f1	525228663
src/arXiv_src_2311_116.tar	ce4ef3617d8bd597cfd7eb1e6f36bdb5	557673859
src/arXiv_src_2311_117.tar	1d05365c37a02d4a3eeed80c45cb6aa2	440432909
src/arXiv_src_2311_118.tar	be0d9d14553c63950f36b67d126f75c8	558963838
src/arXiv_src_2311_119.tar	cbdb2f770de81de5aeca06c03d6514c2	526438977
src/arXiv_src_2311_120.tar	080aeba63f0de8047694bf5aec119ef7	524645699
src/arXiv_src_2311_121.tar	91df3ace9829cccc78bbda2204e699bd	503157047
src/arXiv_src_2311_122.tar	8d8158401c5eeb054097fc2e4704f3e3	526725531
src/arXiv_src_2311_123.tar	cdb4a681b8e46f436f688c4466dcbc67	534765783
src/arXiv_src_2311_124.tar	19830f84a8943ae31f3bde06a7e4f9a6	432809516
src/arXiv_src_2311_125.tar	285ed9e11f9008f9747b741097733def	556488190
src/arXiv_src_2311_126.tar	bcf1e1571b1c522b863dcb13c77296da	538038292
src/arXiv_src_2311_127.tar	fb8ba79feee1b0c1d977917150fcc609	535503126
src/arXiv_src_2311_128.tar	250500e5ea44e1ea59dc397dc1d2ea55	496598190
src/arXiv_src_2311_129.tar	d28d1fde8fc18f88bc2aec5f21e440d0	350593010
src/arXiv_src_2311_130.tar	46e8847921922df9991a9e8ad3cb11b6	543466121
src/arXiv_src_2311_131.tar	68c9302f724b09c25728b47637ee2a41	513160071
src/arXiv_src_2311_132.tar	8d27f66a0ab91df2baa7af64612fbf4e	576219127
src/arXiv_src_2311_133.tar	6c981ba4106f05121cf054173785dee3	582190134
src/arXiv_src_2311_134.tar	0c5e6309a8ed5220a25725e2a9e5f77e	602604157
src/arXiv_src_2311_135.tar	7ee72999cc1be972e240d5c17930303d	543868498
src/arXiv_src_2311_136.tar	60bc959fda0aa265ca5b43c8ae2933c4	534302576
src/arXiv_src_2311_137.tar	f1069826ff45d11491188097509b3157	524400995
src/arXiv_src_2311_138.tar	aebda29960a986f2e9ea4a7d63759e31	571058422
src/arXiv_src_2311_139.tar	4a5a1dd98bf438d79b3d5e8716608043	531649907
src/arXiv_src_2311_140.tar	ed003d9f2db8b67ea803146004ec8a2c	524656893
src/arXiv_src_2311_141.tar	2e62116780bc86f5fd5d6efe8913e75e	626913469
src/arXiv_src_2311_142.tar	9777489033d1c6991ef22612b8867e91	527468152
src/arXiv_src_2311_143.tar	e77c6f91f7751cc073898c334d548e65	549426391
src/arXiv_src_2311_144.tar	0eec45a6df90b6777d4a7611673d3b57	552613222
src/arXiv_src_2311_145.tar	1abb6cce8c41a9f8c60b542756dc97ab	527449708
src/arXiv_src_2311_146.tar	183f7cac8fe2553273ce962a138684b8	516264167
src/arXiv_src_2312_001.tar	79d2de5aa0c8f0414b064777625b6a37	514133262
src/arXiv_src_2312_002.tar	e4da2049bf6558609d5a16f04f156414	530039515
src/arXiv_src_2312_003.tar	0851ca6c74dcfc4e67ba777ff544a76c	538119278
src/arXiv_src_2312_004.tar	0bfe006391a430049f7d4dd1e480c748	542474611
src/arXiv_src_2312_005.tar	dbda7bdf09ba4bbbbe188b3d462fe5b0	572168402
src/arXiv_src_2312_006.tar	83d1e0297ec90539e0e9ffdfc9444044	487738856
src/arXiv_src_2312_007.tar	46cc48ebd0df43806af56da42bfa6b8e	545208184
src/arXiv_src_2312_008.tar	52cd4bd77e5b26350b26bc2596b0f945	532126363
src/arXiv_src_2312_009.tar	711935b11406d436afdda9b7d922b4ff	529890395
src/arXiv_src_2312_010.tar	61b49953610f82f83d0bc8fa6b48f1bd	576122298
src/arXiv_src_2312_011.tar	83d58291ddd7cd0df40ecc96bd23994b	571954233
src/arXiv_src_2312_012.tar	44331e4f3837d528a887e0e7208ee52b	595437955
src/arXiv_src_2312_013.tar	7724d45c45877fb8f801f3f77bfd9dc3	614462675
src/arXiv_src_2312_014.tar	669942776fbcc038e295651b64b546e2	562311939
src/arXiv_src_2312_015.tar	c4ec99c39b931fcc51d9c7a9f4d153a9	560856852
src/arXiv_src_2312_016.tar	1b50362d5c4385123e43adf67ca905b6	541839552
src/arXiv_src_2312_017.tar	e72215d79afab53c090105558ac8fd9c	528141557
src/arXiv_src_2312_018.tar	7e2d4f36d12a05bb681e3994240803b6	536191309
src/arXiv_src_2312_019.tar	08117a5c012b472a872066d00399adb2	525300048
src/arXiv_src_2312_020.tar	9a33282ecc8f4fbf8c82af86ab23adb8	527042321
src/arXiv_src_2312_021.tar	e767315aaad7ee7d2fb7d887c0a12107	540987585
src/arXiv_src_2312_022.tar	fbb44a37419db9a3b961dd478b1dda42	560549045
src/arXiv_src_2312_023.tar	d7b23465aa0412cb6075d4fe3b62e569	559018446
src/arXiv_src_2312_024.tar	1c060c67ed4018ba63c238b4e968a4f2	542908722
src/arXiv_src_2312_025.tar	fb60b846e00b3d6437028c3d6e0ae889	560189395
src/arXiv_src_2312_026.tar	0d703832b6d7bce95bb5fc5d78b18837	623638498
src/arXiv_src_2312_027.tar	76a16ce7b37446ca1076ce6c65629198	636556218
src/arXiv_src_2312_028.tar	d4785332d10eb30b6cfcdbde6f21419a	544827292
src/arXiv_src_2312_029.tar	706e8eb2699c1f78d9bff9da0edf6a17	520498897
src/arXiv_src_2312_030.tar	20945ba984e8baddeac2df3657959826	552917106
src/arXiv_src_2312_031.tar	6a7a29063197097fabd68bb9e44d7d3e	513251547
src/arXiv_src_2312_032.tar	b60ef8001b44f256820d1a95da8a7380	493438194
src/arXiv_src_2312_033.tar	a4cbcbf4f95ccb6822bd384091207838	587241960
src/arXiv_src_2312_034.tar	8dd5f123782a5123f28a223215f64106	546907433
src/arXiv_src_2312_035.tar	c866982f5739d9c47aa3bbcfd3b0a477	524317218
src/arXiv_src_2312_036.tar	ee8c766f9ebecd9f112e35fa7d3e7691	561228753
src/arXiv_src_2312_037.tar	a75aaaeff4873b907835f9495c180ad9	562888875
src/arXiv_src_2312_038.tar	e821f03c383827683caaa2b867bcd0f1	534284856
src/arXiv_src_2312_039.tar	228eae128b9dabc1ca414b28828f9179	525155736
src/arXiv_src_2312_040.tar	f930fd9e50a847ae853a748c2dcfd301	524614449
src/arXiv_src_2312_041.tar	fa27c996c563f3e4f357f5ccef2251da	549686275
src/arXiv_src_2312_042.tar	265457015d6aae908e02da1a3a900f65	527880251
src/arXiv_src_2312_043.tar	306d70fc549f20c381093c01884abc0a	524370272
src/arXiv_src_2312_044.tar	4f3394627f53b32197b25742f463603f	578077522
src/arXiv_src_2312_045.tar	2b8650ab47bb54addada448617691a9f	560151965
src/arXiv_src_2312_046.tar	83bffde4f0635661476e859eb507f8a2	541068465
src/arXiv_src_2312_047.tar	d7f262915a2016043cdc802d25e704de	559318860
src/arXiv_src_2312_048.tar	779044458567a73f72ce99192ba91673	557446176
src/arXiv_src_2312_049.tar	41e2150032c1b9101d075c2273dbcd40	565656415
src/arXiv_src_2312_050.tar	447d2182d2711343401c747ea2accfb2	533005368
src/arXiv_src_2312_051.tar	21b70bbc5192ffed69c5c4854ddff1bf	552453050
src/arXiv_src_2312_052.tar	43f7904f796b3b8bea85c17931a4a619	479836667
src/arXiv_src_2312_053.tar	1796329f9cf20d51e6873670328b5613	531001870
src/arXiv_src_2312_054.tar	c86164e4f6e81b05ee53f321b9992ca4	549988801
src/arXiv_src_2312_055.tar	d4c1193ccd1c6819a3db6d2e06c3cbc4	566314806
src/arXiv_src_2312_056.tar	8496e270dbc28d7c535bc8f28af19c14	551400554
src/arXiv_src_2312_057.tar	750adedc1ca81b6980c1b94441a66589	556836990
src/arXiv_src_2312_058.tar	47c0b17dc8d243a0a12118b9c2e46e10	534037533
src/arXiv_src_2312_059.tar	9b1d5bf378cf3c27b75e1c3b1bdf14e0	537306911
src/arXiv_src_2312_060.tar	7a1c8885ade63b8ac62c62a1cba6b138	583171125
src/arXiv_src_2312_061.tar	b76b35502bf557046bab1831f4b8f31d	568358633
src/arXiv_src_2312_062.tar	a9a9da15e63d438a8c7c19ddc692c395	490001306
src/arXiv_src_2312_063.tar	af11af75a91db6edd4fe1a9f8679c1e6	524742281
src/arXiv_src_2312_064.tar	a44766bf5101618f059b29de10f4c598	429076532
src/arXiv_src_2312_065.tar	b30e5578c5c647ddd37bb2b9016e73fc	566734994
src/arXiv_src_2312_066.tar	6833456ac6a122dd52e78d86afc68665	657694683
src/arXiv_src_2312_067.tar	1e974743019ce3a19cbf5075bedb438b	585998101
src/arXiv_src_2312_068.tar	e9b906ff2897a1c9ce194e347e4657ae	525896362
src/arXiv_src_2312_069.tar	b15d97529e889508be776679d4195766	559018588
src/arXiv_src_2312_070.tar	062df2e3d9e2830ce77791cf9ad43a77	527073233
src/arXiv_src_2312_071.tar	78b62679ff38bef2a4ce5182acb3498e	543760335
src/arXiv_src_2312_072.tar	aaece529ff2376ddc931e1b353033f5f	516521502
src/arXiv_src_2312_073.tar	0dda84ce860ba6cc4bdb64c540c54dab	529782613
src/arXiv_src_2312_074.tar	ec761996b73b567ca208ae0672e5e12d	570249223
src/arXiv_src_2312_075.tar	e91f5d710818d3879b26ec3d345b30e4	574012777
src/arXiv_src_2312_076.tar	b71e3db5474b692f010285a4087dd85c	521715048
src/arXiv_src_2312_077.tar	89214f6434453cb35f399fcdb8341ae1	540158429
src/arXiv_src_2312_078.tar	c0c38e4a3f228bab9889c1d7f8b3961e	528547091
src/arXiv_src_2312_079.tar	e34cf44777379c373d6035a4eb9ce59e	528513324
src/arXiv_src_2312_080.tar	17847cdb786e3777d588ff5b55dabd6e	548973570
src/arXiv_src_2312_081.tar	53105ae685e416eb71513cbe8791a597	477561532
src/arXiv_src_2312_082.tar	e829e19ff9b8cd2258545f70f726108c	533831537
src/arXiv_src_2312_083.tar	95f37257064f17e021072d1592e8b18b	506144577
src/arXiv_src_2312_084.tar	1d2cb09ab25f9d2dcc36839af7f9caa9	561186242
src/arXiv_src_2312_085.tar	01f345dba32e63c6e5781470de0ebe7e	558893828
src/arXiv_src_2312_086.tar	1c2ec1bf18ddb746a72b354012077db0	568706800
src/arXiv_src_2312_087.tar	e6ed12eee68e913096fade6f2bf0f8d2	525283155
src/arXiv_src_2312_088.tar	50afa0d79be90897ae894f3f8b6dee88	465945191
src/arXiv_src_2312_089.tar	abb945cd24ebf5466f70fd03e673fac3	540205877
src/arXiv_src_2312_090.tar	bd121b2cf453331501126cd9ac6b5059	566792105
src/arXiv_src_2312_091.tar	aa53c2f7370f02933e8c67da2925aad4	568943007
src/arXiv_src_2312_092.tar	ad8f872cb9b73075f63148222ee826c6	544577323
src/arXiv_src_2312_093.tar	0e64e1324d9ab1506e4a5565099e635b	555731906
src/arXiv_src_2312_094.tar	0d39bd77e77fb121d9da1cb6ee673e05	466866061
src/arXiv_src_2312_095.tar	b02ad90af3fe060bb27a2ef7933adcb1	563064441
src/arXiv_src_2312_096.tar	358f31a715fcf1c725ef5d0656ee0ccc	551154057
src/arXiv_src_2312_097.tar	717f9d04183a7d55ee69b3a4400aec00	530671002
src/arXiv_src_2312_098.tar	1360dac0115bfc92c6bf7db8d6fc0ba9	508761344
src/arXiv_src_2312_099.tar	9202fe567fb23b69d11893924f1e9a3b	526812039
src/arXiv_src_2312_100.tar	34ffb760dfb8ef2ec6ff7f27c51f31d5	515416628
src/arXiv_src_2312_101.tar	cd2af4a89d45686adf0c0f666d425f5e	562763614
src/arXiv_src_2312_102.tar	7d8a099f94df8f276552baba3bf837b3	526714895
src/arXiv_src_2312_103.tar	5b1e604a23c8b714da62aff3f3add3bf	545085279
src/arXiv_src_2312_104.tar	7c59a55bf5c821a65c849f495c43e1b3	556803379
src/arXiv_src_2312_105.tar	228c0e92963233eb505e8420a8bdf479	535059962
src/arXiv_src_2312_106.tar	bf033029d168a40879fbc685378b1d30	489431615
src/arXiv_src_2312_107.tar	a94274e53e6bfc88114b3b546089b600	539767945
src/arXiv_src_2312_108.tar	d5ba4d79dc71ac6809691122e9742ad3	610737797
src/arXiv_src_2312_109.tar	9164c108931e470da631b0ff3136422b	537692757
src/arXiv_src_2312_110.tar	ded464ff9ec822939fb10fa0e7722d88	593658170
src/arXiv_src_2312_111.tar	148f397e79a28f8645a9384c77b6743f	494795488
src/arXiv_src_2312_112.tar	f617a0261155813c0b13d5f8a33e5fc9	525346350
src/arXiv_src_2312_113.tar	735b37b4c8905f1bcd66872239875c7d	437968147
src/arXiv_src_2312_114.tar	68b92ba46357dc98bc54dc6fa8944397	512803861
src/arXiv_src_2312_115.tar	bda47987a11ad03d28dbfaffc25280b9	525646839
src/arXiv_src_2312_116.tar	60c46589554538f6bc6b4f178450fffa	646947527
src/arXiv_src_2312_117.tar	8b563570f6db3dbf1b68c351b7adf2d7	547372005
src/arXiv_src_2312_118.tar	5dd73f8f549a087bbb49d5b050cbc144	547540252
src/arXiv_src_2312_119.tar	56d84a0dda1a181898347b6856eb7c5e	513992710
src/arXiv_src_2312_120.tar	bcd93bde9186497baf90a52453907f21	595994092
src/arXiv_src_2312_121.tar	2f233156e391a1d3cfc92f7c45c444ea	516613761
src/arXiv_src_2312_122.tar	9f7193a5f359d9be67aee34e73fb4ec9	509751168
src/arXiv_src_2312_123.tar	c1e8ef126dc6f7df6a64e4c4c0fb4452	545067839
src/arXiv_src_2312_124.tar	fe6085b6ab3e5bfb406e5aff43bb4794	565949271
src/arXiv_src_2312_125.tar	1a8ca6abebb47ee9fd246e4fdcf2eec8	641487468
src/arXiv_src_2312_126.tar	b9def23d8ade9ccaaf0a4b94d20d8995	537154383
src/arXiv_src_2312_127.tar	9e7b636179f64a69b27f7d55dc76c949	528541383
src/arXiv_src_2312_128.tar	00236b700d4a190d0e72e41a5e21196b	532495972
src/arXiv_src_2312_129.tar	0be58a3dea7fff483ad239f580aaed2c	556041810
src/arXiv_src_2312_130.tar	4fecd491b6acdd4ee67baabc7139f108	552000557
src/arXiv_src_2312_131.tar	a23726fd72f5690a427b797737dc7f7d	534377450
src/arXiv_src_2312_132.tar	354e6ce3aef3bfa0f6e79c1a32876993	551546582
src/arXiv_src_2312_133.tar	6ce2ff69e7905fc47024d3ad28143459	545755319
src/arXiv_src_2312_134.tar	a78f9c607074c389a73002a11c84c111	606165739
src/arXiv_src_2312_135.tar	08927bd7193accfca18bfa2fdcab211b	542205038
src/arXiv_src_2312_136.tar	dbf12d1c572aa281c014c9d073d0479b	575045076
src/arXiv_src_2312_137.tar	33a4da04af720bff8a0a6fa657a5f936	569916338
src/arXiv_src_2312_138.tar	831d414dbad0106b5f73f0297e59958b	527754323
src/arXiv_src_2312_139.tar	5825758dee6b2713d5d806521a7d022a	622222278
src/arXiv_src_2312_140.tar	177982d0abc3fe360f690e68fcf99843	534845160
src/arXiv_src_2312_141.tar	d5945949a2538b13b3fdba3007feda44	548622133
src/arXiv_src_2312_142.tar	982a91dec9ca29f07a6d39cae632b588	543196704
src/arXiv_src_2312_143.tar	663885f85a8d343b60529844bef5796c	568538638
src/arXiv_src_2312_144.tar	bbf05445541caab014244f299e624d15	531161271
src/arXiv_src_2312_145.tar	d9d3a858522d33a836e7aeeeeefe1404	270818018
src/arXiv_src_2401_001.tar	ebf5e1a73790bc0288a6133bd21a1e34	581179057
src/arXiv_src_2401_002.tar	dacb2460b54c6915e9064fccf71c3d8f	587048589
src/arXiv_src_2401_003.tar	ea540f684c29e45dddb9c9415b7d6e8d	573477566
src/arXiv_src_2401_004.tar	1046e570faeb7f2653f5b11c752ee070	554948329
src/arXiv_src_2401_005.tar	6f931a9d9b3eae96b9f6740cd98d4ab4	522263422
src/arXiv_src_2401_006.tar	0ce114fe41234524c47ced8314c54e73	489401269
src/arXiv_src_2401_007.tar	184493d9f1d4d6bc2b015152e0397488	512829062
src/arXiv_src_2401_008.tar	d75b0e26cc655ac93213291346e1ba0f	652956759
src/arXiv_src_2401_009.tar	e8b7443181b72cb57094e469953e7c3a	538491071
src/arXiv_src_2401_010.tar	007925f3945a21082ed2ccf58a19408e	553567463
src/arXiv_src_2401_011.tar	7b5db094524a221839e1156de206c3c2	526256390
src/arXiv_src_2401_012.tar	b15b6e19c4eb0d54bc710e02d4b01e46	527714336
src/arXiv_src_2401_013.tar	09d7d2926e7ced3d579a0db858834608	506326321
src/arXiv_src_2401_014.tar	efedd7892ad4071a5aa7702d19212255	527306065
src/arXiv_src_2401_015.tar	45fcc574aecef9ffd1a3cf44742a1adb	576433025
src/arXiv_src_2401_016.tar	c782a61eff84de5238a5c077b4240ef3	580169484
src/arXiv_src_2401_017.tar	5e53ba847fe5d1272b14b90cf93aa032	555661844
src/arXiv_src_2401_018.tar	125789e755acbcf4d095b2ff5b8091d1	538394627
src/arXiv_src_2401_019.tar	2dd9a43ad2383a2f56f86288dd78838f	538750211
src/arXiv_src_2401_020.tar	2e68279aabf687522eef149ed3fab112	533572947
src/arXiv_src_2401_021.tar	e36a997a34af48367e99475b739f779b	545846533
src/arXiv_src_2401_022.tar	647bf57a05133b9727174b58a804a1da	526255518
src/arXiv_src_2401_023.tar	365b97b161947b8b7e7ae0ea2cf67439	520664495
src/arXiv_src_2401_024.tar	d69f80c17b9dd9f05b772d3e3eb573d2	538985824
src/arXiv_src_2401_025.tar	f3d6dcb8b9e99334f4f5254dca9d508a	506017568
src/arXiv_src_2401_026.tar	07954c65825e1006e0afe0cb04f9ef5f	539957490
src/arXiv_src_2401_027.tar	f23f59afd5458678b77abd62890fa774	483053023
src/arXiv_src_2401_028.tar	74ab51a96749c5eac3d12989faca670e	565988702
src/arXiv_src_2401_029.tar	3a172381e44ee06149dcfc427472a389	605990467
src/arXiv_src_2401_030.tar	193c2b4e15abd0b163c0f308d55f20f0	531298859
src/arXiv_src_2401_031.tar	ee54f337430f7b0836a636b5955e4aa5	605934321
src/arXiv_src_2401_032.tar	9f626b62c9a3155b91ed4f22f9ea3cc8	528346871
src/arXiv_src_2401_033.tar	9db8808a5d5d5fd7096d6c0004f696cc	533054818
src/arXiv_src_2401_034.tar	1c8c09031744e6e011d63f3646818a87	507277303
src/arXiv_src_2401_035.tar	62a0fdd8a61482245499e70deacf6a7f	539024182
src/arXiv_src_2401_036.tar	771ac2641c833be7ee0e6b4734d15f12	493852130
src/arXiv_src_2401_037.tar	2f2e1761a0556ed2a4b00775fe9b6b7c	642281142
src/arXiv_src_2401_038.tar	434ee53d004a7411c4cf8153cafd1659	552616770
src/arXiv_src_2401_039.tar	222407f5a348f99b895dafe2b3819f70	531936260
src/arXiv_src_2401_040.tar	d1304e9a07d3edfa3dfe8ecc37716c6f	715176085
src/arXiv_src_2401_041.tar	b72b9ebbf6a3450baf752369521e7158	523815602
src/arXiv_src_2401_042.tar	4df62df9268a039a27e8942e081a7edc	577800363
src/arXiv_src_2401_043.tar	bdeb510cb19011b5ee6580daa57ee1f7	536879131
src/arXiv_src_2401_044.tar	44cf8ae12aae39f7defc125414f9c72f	568327466
src/arXiv_src_2401_045.tar	53393537241ced9864dfb3553b4756a3	536274863
src/arXiv_src_2401_046.tar	ef9b68943c80c7c5a1e58453f0ca4257	566700188
src/arXiv_src_2401_047.tar	6eb40c3de31dbe84617a99780c3e3dbd	546551780
src/arXiv_src_2401_048.tar	921e444749ff974d8c13bf9b58e04c87	555074416
src/arXiv_src_2401_049.tar	789168828af1168a59087d5138a50bf2	552440619
src/arXiv_src_2401_050.tar	e4ea3baa8dbd224f1d79115b8b7b757d	534046335
src/arXiv_src_2401_051.tar	dba01af1fb68b3948e0a4e34cfdf9500	520128312
src/arXiv_src_2401_052.tar	a02534cca11e6fd0dc84807df6b01b95	562722350
src/arXiv_src_2401_053.tar	c3b40afb3a21c19e71e68b51ebf0db82	548699484
src/arXiv_src_2401_054.tar	2be7ed27ab73d7dc9a99fd8b3ca4f173	530299355
src/arXiv_src_2401_055.tar	cf21a9ebe5dc2ec2d378cf98d0dad200	535875924
src/arXiv_src_2401_056.tar	3d3cd83bf50138ef50226fb34ba9034f	554907229
src/arXiv_src_2401_057.tar	95a712cdd0d0846865bb7d0e1ebec632	552084850
src/arXiv_src_2401_058.tar	322e7bbd9d5fa6f8a9b9efed1377afa1	537260948
src/arXiv_src_2401_059.tar	8e6de512f84b91da4dbc83d1241cd7c5	547872319
src/arXiv_src_2401_060.tar	681c00fc9dce79567d49c8b63e12c2cd	520608415
src/arXiv_src_2401_061.tar	cc015b0709325a42f82d55ad45509efe	517040116
src/arXiv_src_2401_062.tar	1db0938e5db7bc381171f0f1891929fc	463305097
src/arXiv_src_2401_063.tar	1462e447d065601ce383a56c6c814c89	577693948
src/arXiv_src_2401_064.tar	5dc1621a120694c57ac997472bfee134	638698569
src/arXiv_src_2401_065.tar	d4cd0fab95a1af53d16d2080ba80a038	552145437
src/arXiv_src_2401_066.tar	99c094ac2c23e98b320c8d1d96d5ba5a	568076669
src/arXiv_src_2401_067.tar	801df0f798234b6ff34d5edb543f791b	527701964
src/arXiv_src_2401_068.tar	c72e8f96b83fef041f447af5f0fe07f0	567094027
src/arXiv_src_2401_069.tar	2ce2b6886fd43dae7b71f03342fcd779	595858149
src/arXiv_src_2401_070.tar	8b040773b8b236fd29621f8ed8fb3291	595958372
src/arXiv_src_2401_071.tar	8c671d3a361604b54f9003c9aed419d6	558297935
src/arXiv_src_2401_072.tar	b04fb8b01f14b94d9744f126be0f906a	536499836
src/arXiv_src_2401_073.tar	43e71cc39e0b869a3a20b24f10d1d981	558566406
src/arXiv_src_2401_074.tar	9604876b8fb6679719787daaefc77fed	557697109
src/arXiv_src_2401_075.tar	956e5e3a137fa43809d530cee664bc79	594050617
src/arXiv_src_2401_076.tar	2c21a9acc2bd92e51720b673960d308b	573949021
src/arXiv_src_2401_077.tar	bfd9b67a57ad208d52036affd06bf534	525712674
src/arXiv_src_2401_078.tar	b89eb59e3b64860c548d56aa2a0e11f1	545888770
src/arXiv_src_2401_079.tar	36d396dee4833c80d8260535b173dcc4	585738900
src/arXiv_src_2401_080.tar	6ed9d2ca3c70151f9d97f872344df970	516163486
src/arXiv_src_2401_081.tar	2cdb70976d82e91951f68d6f32230655	528147605
src/arXiv_src_2401_082.tar	c638b68a08051647345b001045ed2d4b	557253104
src/arXiv_src_2401_083.tar	3385502b97b783fa47ce9f65a0d1db0e	528869229
src/arXiv_src_2401_084.tar	34dab657daa81d8abaad1406bd40232c	580460504
src/arXiv_src_2401_085.tar	1fe3e83337c8c01076c17cab38d87bfb	578396673
src/arXiv_src_2401_086.tar	d00394ad211d42e8533fb9bb61825886	538710902
src/arXiv_src_2401_087.tar	d12765ef514bdac7ce6b4331767e8823	557899970
src/arXiv_src_2401_088.tar	b8471e8cb8c0b132557e9015e34a1fd0	570996195
src/arXiv_src_2401_089.tar	352ddffcc47229afc7a9e92ffb634b83	540584160
src/arXiv_src_2401_090.tar	21b4c67e6a0fd2f805bb45ebe0d25aee	540696044
src/arXiv_src_2401_091.tar	9cccdda97c0c7ce9abd3e7220f0cfd90	558899821
src/arXiv_src_2401_092.tar	b656d6e65953c6efd1b57f6aa9af2708	534852198
src/arXiv_src_2401_093.tar	483d16724f1a4c61dce29ed701a1ac72	560920226
src/arXiv_src_2401_094.tar	cc16ac78616fc253cb6b5de13b42cfd3	555500396
src/arXiv_src_2401_095.tar	9bd4e579d4cf6dde481570a976e456b4	496513054
src/arXiv_src_2401_096.tar	65d788ed5dd50cb1787f2fb28a8bdd95	528898025
src/arXiv_src_2401_097.tar	5e4818e93e28f7244fb192aeadfb5659	548413026
src/arXiv_src_2401_098.tar	76b234e649a97621fdc304b85bb932cc	549371694
src/arXiv_src_2401_099.tar	2783c0f6dec8ec9323e4333106f5ef6d	550580563
src/arXiv_src_2401_100.tar	817617a743ddd3c1ad96a70b3f6eb7d3	538768386
src/arXiv_src_2401_101.tar	e31d6dba8ab1038d191924270600376c	556359044
src/arXiv_src_2401_102.tar	5c838c05696d1b48f31dee568d307aad	502854180
src/arXiv_src_2401_103.tar	76074d7e436b89e594309d751fe3c3ca	543343694
src/arXiv_src_2401_104.tar	6540f3975bf540bf897220f7066715cd	570634312
src/arXiv_src_2401_105.tar	df5d0ffa27e47ce3f7667190237958ea	512195594
src/arXiv_src_2401_106.tar	ff714f5d4a41fb574be2d3de66eab055	553544534
src/arXiv_src_2401_107.tar	065d6620a4d6e03913e9bfe64602906f	525530845
src/arXiv_src_2401_108.tar	07c0ca7d31513656894860988bd8516b	525254956
src/arXiv_src_2401_109.tar	3ef762e7a2dbfc5e20ba7ce13faf47a8	549066614
src/arXiv_src_2401_110.tar	9bf10ec5a0590ad8e060e3eba62bb991	543335153
src/arXiv_src_2401_111.tar	8dcebf376bae3b634b858fa91d57137a	533377450
src/arXiv_src_2401_112.tar	2496437eb88822c413ac7aa822859489	539562818
src/arXiv_src_2401_113.tar	45cfe91a4baf4b7c98a1361cbbf3fe36	505849866
src/arXiv_src_2401_114.tar	47dccbc18f21eda05425e2f36ca838ee	538646312
src/arXiv_src_2401_115.tar	4adca384e453478e64b1bdc6e64757b2	555723201
src/arXiv_src_2401_116.tar	4fac773f9b065b9fa9a409462bc94c27	539405798
src/arXiv_src_2401_117.tar	c18cb78dd10dc7840c1cab01250a9707	513853319
src/arXiv_src_2401_118.tar	fb72c31227a588a6412a07115e105645	523576611
src/arXiv_src_2401_119.tar	b4e68b6d5b6ea227d3f64359cd00002b	548398714
src/arXiv_src_2401_120.tar	db58dc30c240d123b9b823342ded2296	537639143
src/arXiv_src_2401_121.tar	9d681a2295ccb40fbe9365c86be9a0db	629132578
src/arXiv_src_2401_122.tar	0a0813cf3a0254ea6b2f12b5a4741205	531075666
src/arXiv_src_2401_123.tar	4d39bf006e28ccf6e41e40ca18f0bee5	527327787
src/arXiv_src_2401_124.tar	c5ad158219c5dc1d335c0dafc350bc11	547727206
src/arXiv_src_2401_125.tar	19c98d50988c59c9298e1af265d54b78	575216315
src/arXiv_src_2401_126.tar	8817e4b6fd8adc59abbfef3bf44ed2ee	511188155
src/arXiv_src_2401_127.tar	8bcee7b62147d58988eda707ba260ca2	550929640
src/arXiv_src_2401_128.tar	4ee2ce9ad4db416f1c8435203ed708f3	461754203
src/arXiv_src_2401_129.tar	bfae2ce32011b7702a8ec52039a8bdcb	610525307
src/arXiv_src_2401_130.tar	ed5f61869ffb671628314015a00d39da	529546734
src/arXiv_src_2401_131.tar	2749fb6e182cae7b57cf001332532442	538825300
src/arXiv_src_2401_132.tar	8f6e7ed2352aee415174782914fa0382	529063686
src/arXiv_src_2401_133.tar	50d40d6285fe461ae4113df56d79643b	527918389
src/arXiv_src_2401_134.tar	6ff2de8dff4c5099d7d6ac16b9c848d1	161134294
src/arXiv_src_2402_001.tar	cb9a1a7c76e0e86bed955efb1290bf5a	561820275
src/arXiv_src_2402_002.tar	4055336d30a01e753fbde392c84d97b6	504548350
src/arXiv_src_2402_003.tar	654b2fef9d18a8c6ab292c7c1cee5246	560720812
src/arXiv_src_2402_004.tar	a60c2a8dccc59f457eda72a9d33f6448	529705211
src/arXiv_src_2402_005.tar	46ffd93e35a85f8d13d52fcbf97019f6	526118783
src/arXiv_src_2402_006.tar	1c8bf12788c6cbe18390a6a756adecb9	505394041
src/arXiv_src_2402_007.tar	d3686077c24ddbbe75522a1b2e3854f9	539427385
src/arXiv_src_2402_008.tar	2877a518ded1fd2b0d0e225e265d2f19	526636908
src/arXiv_src_2402_009.tar	d8a92348249145064347dc44388e4a48	646126293
src/arXiv_src_2402_010.tar	a8a0dcd34db1caba77af47f883041211	623449067
src/arXiv_src_2402_011.tar	bf1bbf3a3fd354a3ae2edd939ea79980	575983955
src/arXiv_src_2402_012.tar	3a2f59edaba142e0e190bcb62cbfbafd	548246824
src/arXiv_src_2402_013.tar	556e784e6ed9fb83c9c3100cbb1cb3e7	576469136
src/arXiv_src_2402_014.tar	56f613cd8c690cd71b7330dd664093a3	538412358
src/arXiv_src_2402_015.tar	425497aac829bb407bb74c549f168a1b	528547829
src/arXiv_src_2402_016.tar	ef747509d17d6b311ada5105678a72ad	532514779
src/arXiv_src_2402_017.tar	520af3526f056896cd0e30fef35d1e1a	545329172
src/arXiv_src_2402_018.tar	43f97ce95b7384925ee8b403797b7ab4	501738966
src/arXiv_src_2402_019.tar	02677ab9cfc253b060a21d317a83e0fb	560890565
src/arXiv_src_2402_020.tar	54fc8f7e62d22154cc10e9ea171db3c0	550538536
src/arXiv_src_2402_021.tar	a8820ad297f76aab9f400acac4c07e5c	571026758
src/arXiv_src_2402_022.tar	09ffd8fc4ba9498c96c5218f108711c0	534455514
src/arXiv_src_2402_023.tar	018c89e7d168735d7b4e0b72e4d8bfa5	578187480
src/arXiv_src_2402_024.tar	ada5c96c084891ab4f2bad6e3da1c00b	494812927
src/arXiv_src_2402_025.tar	165d1aeebcd892c1a1b24cb95da74421	509699739
src/arXiv_src_2402_026.tar	976185af6600c4c820844af6b4992388	532481933
src/arXiv_src_2402_027.tar	ac767ba75b96b7fcfac2936e2feecf3f	524447753
src/arXiv_src_2402_028.tar	93d7bbad68e626b2a4b499d64bbc6c41	534452977
src/arXiv_src_2402_029.tar	b0d7fc497d13cbff73d22cd2b6c74fc5	549187761
src/arXiv_src_2402_030.tar	c2015e630319f70cc17e3f10881c8df7	565144291
src/arXiv_src_2402_031.tar	2e6b425c17988931672a59385c1ab458	606927714
src/arXiv_src_2402_032.tar	2ffeda535e157e48e2702da69f32922b	587804595
src/arXiv_src_2402_033.tar	e5e71f44e6a540b95ae0aa43d000e696	546681612
src/arXiv_src_2402_034.tar	3a0d1ceeca2ecfe231dd2188b45f2694	541498126
src/arXiv_src_2402_035.tar	507e605324f4be54d58052354aebc5d5	470598748
src/arXiv_src_2402_036.tar	49db8b2fbe82b24f1897eb7cd9f84eb9	613917986
src/arXiv_src_2402_037.tar	f93cbf84cba6e68455dfabf258965c88	568465205
src/arXiv_src_2402_038.tar	5a3c736650ce477269444136b31b6e33	532925003
src/arXiv_src_2402_039.tar	9255d083c59b63a5bbd2da2dbaeafd7f	655053956
src/arXiv_src_2402_040.tar	9c375932dff0d24c3f2aae117907e61b	530353676
src/arXiv_src_2402_041.tar	f2e24555bd0c6ebd8fc9ad2b5fb44810	524534394
src/arXiv_src_2402_042.tar	ae78d483177f50757a7f0bc140fc582d	551733341
src/arXiv_src_2402_043.tar	bf3c1dcf32a0a1871af78202bb34c810	607765796
src/arXiv_src_2402_044.tar	307731a0deed1acddb19e3cf3052c66c	482825479
src/arXiv_src_2402_045.tar	2fc2720c706cef78e62a1bc3500546cc	534227128
src/arXiv_src_2402_046.tar	82ffcaaa0adaf53e65712832941ce622	531916629
src/arXiv_src_2402_047.tar	a50df9ca2dbf6fd55ce1d2c48f4e5b39	608343239
src/arXiv_src_2402_048.tar	96979c58d20f0c4f68d6b93ee238edba	532081096
src/arXiv_src_2402_049.tar	7d008080efd7230e0d306edfd1bd4bb5	561707830
src/arXiv_src_2402_050.tar	6502fbb95499d27d43fd31224bf310b2	495357222
src/arXiv_src_2402_051.tar	ba599b8af964956b5bf9d12d657fe7b2	542902230
src/arXiv_src_2402_052.tar	7c5e662f4e24f5c09a8023c80cdb7c33	489231190
src/arXiv_src_2402_053.tar	cac6460769c6cfb82c6cbc13490ccd9a	534333265
src/arXiv_src_2402_054.tar	2814ca50a1519c3461b1a74174e81e1a	636391793
src/arXiv_src_2402_055.tar	cf35911673ad8aa1487c70df09bf8ffe	482409560
src/arXiv_src_2402_056.tar	7c21a88e7c0aeeccb9f7b064e3d0d1b9	526476144
src/arXiv_src_2402_057.tar	6ce1fd7e77acd8cd0c90e00c088ca604	551872689
src/arXiv_src_2402_058.tar	78c103fce39d6021d4354730c188f529	542318469
src/arXiv_src_2402_059.tar	7850f6558937507779684bf976ce29e7	555678421
src/arXiv_src_2402_060.tar	567585b6d237c776c303aec08e892ebc	524748941
src/arXiv_src_2402_061.tar	6c0009be3d7fd5d46707c793015423e5	536443791
src/arXiv_src_2402_062.tar	aea972f97a1ffa9fb95152bfeac9d020	564830043
src/arXiv_src_2402_063.tar	b49ac2a8d50dba312a9c08177224dc17	520824443
src/arXiv_src_2402_064.tar	d59afde8d1fea930c10040dc264b63a1	541372965
src/arXiv_src_2402_065.tar	49e63da816173eb2aeb35339f64466bb	542658166
src/arXiv_src_2402_066.tar	c8e3279459b1e024e149e54fbc1db854	534851314
src/arXiv_src_2402_067.tar	c8cc3b9de159a33eba122afe9d0e9167	523956546
src/arXiv_src_2402_068.tar	3a47347418b7b0d06e9c02950f6cc326	541483871
src/arXiv_src_2402_069.tar	f044677543c1c96ab9015f0e9a048b67	569041749
src/arXiv_src_2402_070.tar	89d2dd2044a9d4a8a9e319b616e6a5b4	538633830
src/arXiv_src_2402_071.tar	e2134969962c32490be46acf4bdbf9e4	581399709
src/arXiv_src_2402_072.tar	4abdd6a6fdd740525bb81b76084dbc75	533130512
src/arXiv_src_2402_073.tar	d4f1dd49065787556d6ed9d3d3e4cffc	536934092
src/arXiv_src_2402_074.tar	90e97e1b9adfb393e2df67ec6fa22d02	538490507
src/arXiv_src_2402_075.tar	645638c8c35a3de6d6714a195d09e343	588713129
src/arXiv_src_2402_076.tar	4f3019fe76ab5582cbd16b2b4fed9626	578274797
src/arXiv_src_2402_077.tar	235074e50259a2a9c9b9284487c829e8	586088458
src/arXiv_src_2402_078.tar	b15d03b410aef523f49ad5848c655ef1	530210879
src/arXiv_src_2402_079.tar	0cf5f5df9e12e0b40591d6b77518f322	475841148
src/arXiv_src_2402_080.tar	8b6a0f1207fe194a52c80b0991a6d55e	566913381
src/arXiv_src_2402_081.tar	8109502aa93fd162cbc876d269ecb7ec	530347908
src/arXiv_src_2402_082.tar	128a947340023c58076e91065d1bc93c	543139605
src/arXiv_src_2402_083.tar	a261bcccfb1905d77d3833611093327e	554163977
src/arXiv_src_2402_084.tar	d970ae94f67727910ec6bd175bab73c0	495982396
src/arXiv_src_2402_085.tar	71b79a34a432ab14d45b00360a28c5eb	534613436
src/arXiv_src_2402_086.tar	162b8d72dcfb2884f387ba689bde34dc	537242209
src/arXiv_src_2402_087.tar	afdad79799b7288b4bd347b117338bea	575548860
src/arXiv_src_2402_088.tar	1ffac3b8821a721ca503e7b1c4957def	587638486
src/arXiv_src_2402_089.tar	f273799b7c062ef1e755148c7b0222cd	516521956
src/arXiv_src_2402_090.tar	25be443922fa98c3a1c840f50d4719d6	544750073
src/arXiv_src_2402_091.tar	62a44b4dfa5d24a1ded02a7f17fdaed4	591365952
src/arXiv_src_2402_092.tar	4865efb7a0cda26feec52c7a3d4e2d18	545773488
src/arXiv_src_2402_093.tar	8cf0e85dd73b36dadc3261c48b886cdd	536905569
src/arXiv_src_2402_094.tar	d6d296718a4f4ae956836f55e2f87819	553391649
src/arXiv_src_2402_095.tar	890719c638b848d93481cd25e72ea81f	525345482
src/arXiv_src_2402_096.tar	6003f6057a6179d5c4b67dda2f4bfe1d	574590611
src/arXiv_src_2402_097.tar	9c7ec8f46e49ba0849bc27cc6d68d180	524370934
src/arXiv_src_2402_098.tar	a72f435fd9f8cb6417fb7455f733bb86	564210448
src/arXiv_src_2402_099.tar	e9833956824e3dd94d0bd14e653d9d72	533340161
src/arXiv_src_2402_100.tar	d32c0055e20ab62d30e8a57a807a049b	569271915
src/arXiv_src_2402_101.tar	b49392de6ea10b65a904bf3f5c5578e9	526487790
src/arXiv_src_2402_102.tar	30e05a6879d8487e3e8abd8d87d41f72	531910371
src/arXiv_src_2402_103.tar	8965a1ca9f9c4c5b992c24b7e16b3e18	612133047
src/arXiv_src_2402_104.tar	47295d814b827670ca2ba35117d362fc	506882869
src/arXiv_src_2402_105.tar	91f6b03efe732781c30a3f0c3089f656	524717329
src/arXiv_src_2402_106.tar	875084cc25607bfdf46ffe582f3e6ef2	540058962
src/arXiv_src_2402_107.tar	cab58271e758f29ecc0ef88951ba15c5	493445920
src/arXiv_src_2402_108.tar	7d8c1d6495232e6ed8d0a98cfa865ea4	542658536
src/arXiv_src_2402_109.tar	666856c3eea0d4cf7e35e82885414a7a	546057963
src/arXiv_src_2402_110.tar	d415dd13b3b4317cf44358fb6d2a3877	555978529
src/arXiv_src_2402_111.tar	59bb371c3d0c47cb0a2c6bca5d0264a4	550790273
src/arXiv_src_2402_112.tar	3c100b66111e6c3f07a4ad45e12d2bcf	567235867
src/arXiv_src_2402_113.tar	7954359fb3672e4c708fc894501baf72	583664004
src/arXiv_src_2402_114.tar	1739af29171b89073fa2bd432b6e2d23	524427278
src/arXiv_src_2402_115.tar	b7cd00e0b7ff23bcc36464e4ffd8286a	529502259
src/arXiv_src_2402_116.tar	91f7e12691471934860745363a4fb207	562257713
src/arXiv_src_2402_117.tar	ae4547b1a9a9dbc8da6f06ee66717f61	526893569
src/arXiv_src_2402_118.tar	7148c22c1ed824db03ab96d6a7e8162c	562164067
src/arXiv_src_2402_119.tar	ebb0c223b34da15f099acc2c8cb9e563	537981135
src/arXiv_src_2402_120.tar	0095594bd0fa1c14627a483a08e22c20	535847548
src/arXiv_src_2402_121.tar	9a0b74b28eef1fe28a4badbb51a679ea	497453708
src/arXiv_src_2402_122.tar	d05e5ecca39b1e3ff5fa73279ac78924	579084751
src/arXiv_src_2402_123.tar	f2f0b9a872b317d4f4c73767d00ca036	602306639
src/arXiv_src_2402_124.tar	6148efc08fb55e9f138c7370ec150ad9	505664656
src/arXiv_src_2402_125.tar	b40ae976333f890d1a9b0654fff0717d	566680689
src/arXiv_src_2402_126.tar	4623f4d9115e56744244dbdeaa7de60e	567360347
src/arXiv_src_2402_127.tar	f42decd477c8ef8570ba74cc5440f692	505343172
src/arXiv_src_2402_128.tar	b390bc76e9f2fef8c3848777d10ca340	561667771
src/arXiv_src_2402_129.tar	3d19a9b7d7232f65c3402b8201a43a79	518881135
src/arXiv_src_2402_130.tar	2e98a85c4cdea2fbc46e91b723a9edb5	589547904
src/arXiv_src_2402_131.tar	c32163b42854a7ae949531dbc88a6028	575638256
src/arXiv_src_2402_132.tar	00a782fb53d26a7d408b8ec5f3335083	516026164
src/arXiv_src_2402_133.tar	a720aaecfca43017cf2918757a809fbd	565399165
src/arXiv_src_2402_134.tar	6826045bf000ecbe7927de459ace1deb	683132569
src/arXiv_src_2402_135.tar	ffa1df92acaf00e18faae362b22932e5	561959980
src/arXiv_src_2402_136.tar	b3347e77c43276c7e882b385d9fd79a8	528726885
src/arXiv_src_2402_137.tar	206281e09f2ea6edb37dfafa3d68ff46	531822746
src/arXiv_src_2402_138.tar	5e1e40c84065d9a493c2a3812666612e	525416883
src/arXiv_src_2402_139.tar	0f5669d139586b431ae2966b0b5440f4	545199201
src/arXiv_src_2402_140.tar	3eebd5f4e113c43ae3025b47c231d66a	571130062
src/arXiv_src_2402_141.tar	ccad97932c8f648a08ad6ca84eab5d55	544180151
src/arXiv_src_2402_142.tar	650f89c147247a09bd69d0f89f0d3f96	544476250
src/arXiv_src_2402_143.tar	9e12300e12b807b7710895c4852b2fdc	531604555
src/arXiv_src_2402_144.tar	1e46b9fcc4bf630f0c7483c2c5e03f28	548944695
src/arXiv_src_2402_145.tar	44916ca9c54c89a98df257c3f3e406d1	525695602
src/arXiv_src_2402_146.tar	ef7adb0e40547cfe5f048df5afaf2d31	576108637
src/arXiv_src_2402_147.tar	23a02afc5551ea172726ace7864025ee	533527518
src/arXiv_src_2402_148.tar	25dcaa9733a40b10e4c89d2461fab77f	559859061
src/arXiv_src_2402_149.tar	ca900b3975480e02d6c845feaec72bc1	286974613
src/arXiv_src_2403_001.tar	eab01025ff170b5d11d5c3e0c9fd9e5b	567197988
src/arXiv_src_2403_002.tar	a43d1fbeeb7bc3a32e6cf520d6f5868b	537869824
src/arXiv_src_2403_003.tar	640c998ac8aff23ce5ca3ffc7e51eed0	512263194
src/arXiv_src_2403_004.tar	4289217f872616a662402623cd80118c	555150353
src/arXiv_src_2403_005.tar	a43a5561a20f5282f027d95a09de9512	521213932
src/arXiv_src_2403_006.tar	5285d614fca708a19e78d6f755abc2b1	532098639
src/arXiv_src_2403_007.tar	02e3637400b63361ac6d87b6f7fdaa1a	526882039
src/arXiv_src_2403_008.tar	bb459e7a023e71c0b01279072bfa8cce	544113943
src/arXiv_src_2403_009.tar	35c4f872d8353e7d7759b867427f1f67	540831524
src/arXiv_src_2403_010.tar	c334485ef307d04a527d11fd90f58d01	486526446
src/arXiv_src_2403_011.tar	d025c4cd39655eb2f24e61e3f7049f1b	515967047
src/arXiv_src_2403_012.tar	1a63b26af232e7d30ec87f1765b90ff2	557244708
src/arXiv_src_2403_013.tar	d4101743986b0562ab16c16fd31cbf0f	529390713
src/arXiv_src_2403_014.tar	edfa32f35f43128d47665a7f4ef0be60	570667441
src/arXiv_src_2403_015.tar	13a71aa159bf6228cbba4d0e3a089c15	518267594
src/arXiv_src_2403_016.tar	1552985838bf17114f505a40d607fc47	537043155
src/arXiv_src_2403_017.tar	d4c46dc6b7c735d5d5a74ff97e512ff7	541603646
src/arXiv_src_2403_018.tar	848fc248f9b64e518371eb77568003d5	544414765
src/arXiv_src_2403_019.tar	0aaa8631aaae3aa77db6bb47334bb79b	489864513
src/arXiv_src_2403_020.tar	efbd22724047f9e1834b31a478b5ccc6	603017084
src/arXiv_src_2403_021.tar	8a4ef973688a9ab4aa5e2740df9f20ad	524295246
src/arXiv_src_2403_022.tar	e350f2ef09c0045c80a2d37592025d42	541540787
src/arXiv_src_2403_023.tar	02da8c6c7a09a7dfeb6bbba3ba9eef53	510261090
src/arXiv_src_2403_024.tar	8ff4523c5e58b3a4a8bb51adbae7d518	527713958
src/arXiv_src_2403_025.tar	470898016c9cdb3f33fa50afc7789c2b	520333127
src/arXiv_src_2403_026.tar	b9876e2e1678bc11f2e9e3ace1e6b417	540708614
src/arXiv_src_2403_027.tar	f6fd59405ae77a57fb70ccca1eb54809	594910510
src/arXiv_src_2403_028.tar	e5c9b6283a0dce30fb064c71198f03a0	556313630
src/arXiv_src_2403_029.tar	746088176616eca91735e7fdf1941dd2	535042036
src/arXiv_src_2403_030.tar	1206c361738cd3d1cfbd7e765071bfce	522049967
src/arXiv_src_2403_031.tar	0f32f0a6f2a6bf67c3219727ef5ca195	567519101
src/arXiv_src_2403_032.tar	03b68e968f273a43dc6bd6d1048b9ac0	528376057
src/arXiv_src_2403_033.tar	bd41a6541ada5fe1794c963ee87f3fd2	554102275
src/arXiv_src_2403_034.tar	218a90b2e7fc6497a4207c7dc1172c06	638840466
src/arXiv_src_2403_035.tar	434541e989ea402930c12bdb22882310	622642363
src/arXiv_src_2403_036.tar	55ff85313b3249ae61032b8371c6a603	518555849
src/arXiv_src_2403_037.tar	4b63b96d89a94623c75bbf9903c48d9c	533754333
src/arXiv_src_2403_038.tar	dee99184f4b946102b9791c1ddb4c0ce	540690432
src/arXiv_src_2403_039.tar	f105806555e7beb884d24ef644a71ab9	575578188
src/arXiv_src_2403_040.tar	11d6c6b9c0f62947c7e100cc1449979c	525261524
src/arXiv_src_2403_041.tar	a19be24c68d1fabd39781b495324040d	520524846
src/arXiv_src_2403_042.tar	e3ed673967137ab56de4c67763fbc177	503033893
src/arXiv_src_2403_043.tar	7948aa829c15613b7e72b63c28e3ab39	511168289
src/arXiv_src_2403_044.tar	691ec1994c4f5e2a2c3b042c89d46ff1	422226363
src/arXiv_src_2403_045.tar	83a0ddc38dcaf12b3905f1216564c99f	521483318
src/arXiv_src_2403_046.tar	3fd84e5428651ac28b9249d34cfe01a2	527144421
src/arXiv_src_2403_047.tar	4a94d16c3c89f55574bd1f9628c954f5	561761507
src/arXiv_src_2403_048.tar	2229f5d282376865aed71fde48eba8e9	522805000
src/arXiv_src_2403_049.tar	0d9f481a345f9dd19ce922abbcc9f3af	542711045
src/arXiv_src_2403_050.tar	8f252d83d50d16d278fb0bc1c42eee34	543311657
src/arXiv_src_2403_051.tar	6fc7dd40a4c53b8e0116260a1c8d06ed	547425909
src/arXiv_src_2403_052.tar	8e98715694967cd2c82b816d6bfb6d59	626245376
src/arXiv_src_2403_053.tar	029765ed15389188f3a4a07f8685f8e0	595270680
src/arXiv_src_2403_054.tar	df329ca37d0173f531242b903fc75d19	526897471
src/arXiv_src_2403_055.tar	df6290d64e16e9d1eb8f604391523235	524050235
src/arXiv_src_2403_056.tar	4a0e7bcf1afcc75017a63da3db4ee3d5	538608187
src/arXiv_src_2403_057.tar	225941b1b9974dd17ce5defbe9f91a06	526485937
src/arXiv_src_2403_058.tar	bd9e596973ce00fb4abde51ffac94aa8	503474630
src/arXiv_src_2403_059.tar	e1ad184af0d32066b25de49538c57406	533947193
src/arXiv_src_2403_060.tar	7b06ad17cf48862a7c5861169512aa8f	583819734
src/arXiv_src_2403_061.tar	927147e2dc5e62302e851ce4b2345430	518489857
src/arXiv_src_2403_062.tar	8d2c0430c873319a1307ae7896ae7349	523471837
src/arXiv_src_2403_063.tar	eb6d96ae809c3827f91bc7c01911f594	551776679
src/arXiv_src_2403_064.tar	13550fdafc114ff3964b47cca9d11101	525410253
src/arXiv_src_2403_065.tar	9d363481293e584b2cb2e73988f9cee9	535081005
src/arXiv_src_2403_066.tar	515b69d93750023297148cdacfbaa96f	519312837
src/arXiv_src_2403_067.tar	4268edff2d1a2aac33f26357755baeea	561409662
src/arXiv_src_2403_068.tar	c5d65168be0f38ba465d4b5eae498a33	562447357
src/arXiv_src_2403_069.tar	c8e1ed7a008702b647ba4f8d7daa97fe	571836851
src/arXiv_src_2403_070.tar	21a4bbf1123fc5c3a5b70b4253475604	549121463
src/arXiv_src_2403_071.tar	e5a72207eeec250295656f2035472628	526775476
src/arXiv_src_2403_072.tar	3476dbe64b27396c819f786ee1468487	532133598
src/arXiv_src_2403_073.tar	d1e5b97899e45eac187284f04039a303	521567383
src/arXiv_src_2403_074.tar	7633bc15964f559d223836962dcf1cde	515149079
src/arXiv_src_2403_075.tar	ca9e7a72ce8b8c4b04822bb108b93f43	575569281
src/arXiv_src_2403_076.tar	de76a90ffa7bae074c67a8a9cbce218f	526972019
src/arXiv_src_2403_077.tar	d2f4fd7cd122eb85a2e421eba3c35c2b	484773924
src/arXiv_src_2403_078.tar	7cdef543cd665265e8161f2149a8c040	564056130
src/arXiv_src_2403_079.tar	d8d05a78049bb5ae2fa94dc0c64cb09e	572258781
src/arXiv_src_2403_080.tar	bacce812531b62bcbf804744128b7318	528208963
src/arXiv_src_2403_081.tar	6af36fb3e66058f04e08eae84738f3a7	561518929
src/arXiv_src_2403_082.tar	357cc41ef13ecd40dae67511086c54a3	543214883
src/arXiv_src_2403_083.tar	4b7a3df788611e8a7892fea460a8be9c	482092044
src/arXiv_src_2403_084.tar	9eaf7292be3dfa0eb544c1f7b2f44be2	531288755
src/arXiv_src_2403_085.tar	a39ed736afb62e459cd738d74d10cb95	533665942
src/arXiv_src_2403_086.tar	8eafe25987ef28632ff5627b2cb96fda	567934718
src/arXiv_src_2403_087.tar	0c23f8105d0219a1bbda51430738b4d5	519665028
src/arXiv_src_2403_088.tar	c78f54eb231f27e77aca0ffc2964e84c	527565742
src/arXiv_src_2403_089.tar	c6c5c5d5c7a73f9915245b9fed032f4a	583390546
src/arXiv_src_2403_090.tar	f91b4a473b3aef451fa730e01b8e57ae	668659041
src/arXiv_src_2403_091.tar	ceb2b8ad778cdc22266fee257397c3fb	531571822
src/arXiv_src_2403_092.tar	38d91e7b0f609c70eef944e8e2f6815b	604453642
src/arXiv_src_2403_093.tar	f7ca19e71c35d6c28484a22c1b75321a	520018489
src/arXiv_src_2403_094.tar	737f1aa7fb9cc483b8848ab6877e8b92	548638350
src/arXiv_src_2403_095.tar	18f5cc0940d65146575c50bf0c0a41b1	547029994
src/arXiv_src_2403_096.tar	6875975a6ccd661d84269a0d7f4eabfc	526301300
src/arXiv_src_2403_097.tar	47a35caa3134b37b0ddcbea0620fd933	605616640
src/arXiv_src_2403_098.tar	71c70a09407b20a123cb95609d2b0097	579119821
src/arXiv_src_2403_099.tar	f90a6930b392c57ec96d83e36e1b144a	528550298
src/arXiv_src_2403_100.tar	b80fbe949005ff70e3065cfa327e9152	506841289
src/arXiv_src_2403_101.tar	0d68cb0b591454ba6ce9ff56734967c8	495890018
src/arXiv_src_2403_102.tar	a90b2e3764f9fa7f443167c69900f41c	527351940
src/arXiv_src_2403_103.tar	f36a8e47a25e2bf1f69b2cb58bb181b2	511968546
src/arXiv_src_2403_104.tar	44366a7a36b2cf53604c6316dbb66cd0	558302145
src/arXiv_src_2403_105.tar	20179aa70d18dc3de6a408fa60ea744b	602399331
src/arXiv_src_2403_106.tar	74418ca58bd1a060cbe286bb62b34ffa	521740224
src/arXiv_src_2403_107.tar	6bdab5b1bb1a5d41c2a8e3bf9b9b61c3	529288358
src/arXiv_src_2403_108.tar	ac1194733c07f39a5d32dad70a157308	531007426
src/arXiv_src_2403_109.tar	9154736827012ebb24fdcc275ac012c2	561536828
src/arXiv_src_2403_110.tar	84a29cfa204b75b1e7cbc0f6c9427f33	547497612
src/arXiv_src_2403_111.tar	5036afdf577ad234b4fa85ea02219123	497061299
src/arXiv_src_2403_112.tar	140308f4babdff6bb93533ba5b0e9585	541306298
src/arXiv_src_2403_113.tar	2d8f746dccce1c285c93957323a44d53	561212238
src/arXiv_src_2403_114.tar	8727b974ac1b24ff06d8c291179cb2fb	540642955
src/arXiv_src_2403_115.tar	0d2fadfd45d8db98e0ff3283d2b05aca	602703763
src/arXiv_src_2403_116.tar	ba35d1c6815437018821171cfe92b4cd	603940135
src/arXiv_src_2403_117.tar	d71ffe07405abab39e5a6f407e3e4985	541733153
src/arXiv_src_2403_118.tar	878350d0a7e18ead27fd206a47b25bf2	560867547
src/arXiv_src_2403_119.tar	15d55d808a756a413ab26e6ca35837f0	525112704
src/arXiv_src_2403_120.tar	defceda8b301fbc27a0e4e0c597852ed	544181829
src/arXiv_src_2403_121.tar	effd4ef537b795b2ae35b5cec4e44df3	524564568
src/arXiv_src_2403_122.tar	315e8fd5c24ba656efa751b451bbdb76	532660910
src/arXiv_src_2403_123.tar	c49d1908f18d3a5e24d0174c884676db	555356853
src/arXiv_src_2403_124.tar	87837a71ef28e947b0bb03ac7b176993	525112993
src/arXiv_src_2403_125.tar	ffd417d5bfc20cc9e5208bd80f60b493	488504257
src/arXiv_src_2403_126.tar	050d7a0c68cfa31b261786be69c3cfc7	508007860
src/arXiv_src_2403_127.tar	a62cb09be7c12b630e9f60486dc9c589	538151724
src/arXiv_src_2403_128.tar	0fbf0fbcb2a39886ed4457e0d396ae4f	514230167
src/arXiv_src_2403_129.tar	45fbd12dd15e6ae0c5dea51fd0f65816	571497459
src/arXiv_src_2403_130.tar	bb4adfb051dc97fdf59b6db1644fc1f4	522657331
src/arXiv_src_2403_131.tar	b5158d67809b6329e0be9e486dd45876	541090894
src/arXiv_src_2403_132.tar	b4b5e848ac5430af2e3bea961af9ada6	564231635
src/arXiv_src_2403_133.tar	2637bef9931547a823000e0bf70b0f2f	532801555
src/arXiv_src_2403_134.tar	f678bbe3853f46c689f748e6660c2a45	530509765
src/arXiv_src_2403_135.tar	308f1d19cb18099b36b430f7d1a36161	546619029
src/arXiv_src_2403_136.tar	82f43a8784e3c19147019be7039be820	541552530
src/arXiv_src_2403_137.tar	a41842e2424db224beabff59159b1997	451006524
src/arXiv_src_2403_138.tar	a7977cb7435e08ed40f249b1805b427a	492511698
src/arXiv_src_2403_139.tar	0d5259741eaef463940c499b3c87232a	556649138
src/arXiv_src_2403_140.tar	9b18b29b2a5ca4cd33845d06e52c05b7	527929209
src/arXiv_src_2403_141.tar	187512236aa9b8fca88b8f0fdef98fb5	529126338
src/arXiv_src_2403_142.tar	fbb913ca66196d21cf6661c0872aa330	532563567
src/arXiv_src_2403_143.tar	a363f6a4a0484ae46789745a5a5b6f17	524310138
src/arXiv_src_2403_144.tar	53fcde8aead4fb5ae704b4d3b6b99e1f	534053521
src/arXiv_src_2403_145.tar	000d4f3b285062d218be7c6cf125d6f9	544546163
src/arXiv_src_2403_146.tar	87ff90e1523a1a720180e36a90a5580f	630879003
src/arXiv_src_2403_147.tar	5a873f64d27e892e8991d99cbe8767f3	551576424
src/arXiv_src_2403_148.tar	e688ecda7255bb7819f7172ac6a21ab0	521348297
src/arXiv_src_2403_149.tar	3dc368b16d6cd10cdd027d945fc42914	567443223
src/arXiv_src_2403_150.tar	d40d5ae0ec73e34115b3a2e436f8eeb2	535040329
src/arXiv_src_2403_151.tar	9a1bf3acacd284aa97981cf54680ce4f	551203533
src/arXiv_src_2403_152.tar	fa00f3b5cce71eace91e4c922a5ce0fa	524598912
src/arXiv_src_2403_153.tar	8b40892a821bc8a69eabca1e66cb5aec	547945943
src/arXiv_src_2403_154.tar	df7ed1e355a9862e06f38ea9b1d23321	552361560
src/arXiv_src_2403_155.tar	a62e98d312b2703c22487e8cb6c6a56e	542206571
src/arXiv_src_2403_156.tar	d3c3364a4b310e78506eefee163ddf6a	550195079
src/arXiv_src_2403_157.tar	316acb4ffdb7ca2e631cf5ca97ec6ae0	525469910
src/arXiv_src_2403_158.tar	06ce1d362d2a746cdc8bbe490721217a	546047163
src/arXiv_src_2403_159.tar	ac2516a6b37bc9b75d8ea2364fbd4fe7	528133283
src/arXiv_src_2403_160.tar	05a9de2697fb87e1b132173260400320	501720782
src/arXiv_src_2403_161.tar	39f492de9636f202b47a318ed10b9bb5	546498605
src/arXiv_src_2403_162.tar	04f01f687c9cfe7a7e7a75f0419cdc68	578653028
src/arXiv_src_2403_163.tar	bf26ee1f885ac9745ec0a38dffd13e51	526628847
src/arXiv_src_2403_164.tar	708183e113bbd7211e0729d2cfcf5907	546399210
src/arXiv_src_2403_165.tar	bf9b6f71bf477b90a8bcb8a9875be0ff	563038547
src/arXiv_src_2403_166.tar	495efcfa1941a5a2c7dcee790a384a57	529080521
src/arXiv_src_2403_167.tar	2d061aa47b982b0eb884c476d502536f	550726779
src/arXiv_src_2403_168.tar	e317efc910a683379e795bb0169ed48b	552090547
src/arXiv_src_2403_169.tar	57da44cacca827439d04910698f0b41a	515193108
src/arXiv_src_2403_170.tar	d4ed8304019dfb22bdfd5e187b674e78	608066705
src/arXiv_src_2403_171.tar	5f660f9c070b412e01a0f3bd5d77d203	554434167
src/arXiv_src_2403_172.tar	0a3995a55c7d1abc43d92c7aeb9b0cf3	520585004
src/arXiv_src_2403_173.tar	97c6eb8320ac27a72f0d9e39747735f8	560090659
src/arXiv_src_2403_174.tar	248cc0c86143384872893ef0a2ec6156	535589932
src/arXiv_src_2403_175.tar	939ab1f9f295759d1cf818e44cc79e71	528188238
src/arXiv_src_2403_176.tar	1b53bc89dac9ada8c4b244fafcf3658e	384197904
src/arXiv_src_2404_001.tar	0eca26c49680d1a8676749bfca83b2fb	580900091
src/arXiv_src_2404_002.tar	d5984954e1896c411bcc7d473e4ae6ce	484512599
src/arXiv_src_2404_003.tar	86cf5c511dfe1b830cabd6ad7d1e4f77	539146991
src/arXiv_src_2404_004.tar	2dd97ea474774719ea5be4705eaaa5d3	447348211
src/arXiv_src_2404_005.tar	39897659a53d5ca83c024c68e6e4e6ab	542658982
src/arXiv_src_2404_006.tar	bd8ee1f06c545db4cbfb8556fe3fee54	532881125
src/arXiv_src_2404_007.tar	2c3c9b4f1619fa1e13773b89bdf79dfe	512891112
src/arXiv_src_2404_008.tar	d2a29102e36f7aaf5bf37116c3c680bd	526965222
src/arXiv_src_2404_009.tar	ce27a615eb4294e8f9be1dfd07a4456d	673938818
src/arXiv_src_2404_010.tar	0250e1e898589e2e3200248e2dbffdff	568107707
src/arXiv_src_2404_011.tar	31ebea5bc07903f069468ca2790d0227	572556913
src/arXiv_src_2404_012.tar	e6d82d5f25675f8a420b450cc4b952fb	509317378
src/arXiv_src_2404_013.tar	96a805cee2b592231cba386c3cd507ca	536981441
src/arXiv_src_2404_014.tar	62a695c4a409ca44faf1a8f0b5b479f3	539427320
src/arXiv_src_2404_015.tar	bb5e8f1e922469f79fbffb1b1b447937	474126048
src/arXiv_src_2404_016.tar	cc42c79ee7434ff55a078f24877adfb5	533566085
src/arXiv_src_2404_017.tar	3541eefbaa95165619b8e46a343f7e1b	534861186
src/arXiv_src_2404_018.tar	67828750b234bf66fb082cfe449c645c	511539843
src/arXiv_src_2404_019.tar	79b572a4ab0017d865b05ad975702e25	605209408
src/arXiv_src_2404_020.tar	5c32be62069ddf455a1d58f89dcc4a6a	549770176
src/arXiv_src_2404_021.tar	80ea449467cb13b185afbcac719702e2	491515489
src/arXiv_src_2404_022.tar	a1697aa5331e708b07cdcbd9299c5f81	567920370
src/arXiv_src_2404_023.tar	212fb8caa51d9778e6ed7ce8883126c2	527452753
src/arXiv_src_2404_024.tar	5efccc133c071cfd083f0b903149910d	560437616
src/arXiv_src_2404_025.tar	b04746e5367d1eaf4a59ff9a5f806a06	544626263
src/arXiv_src_2404_026.tar	ed0ee2471697a9fbfc0ef7ef4009885d	530083204
src/arXiv_src_2404_027.tar	6227aee7763551eda0036c87601f82e2	528134869
src/arXiv_src_2404_028.tar	2155f97c1529ec8f96cca20c5e5e824f	572373208
src/arXiv_src_2404_029.tar	fa8a1dedea8627f5a77ce2061d9aefbc	561808785
src/arXiv_src_2404_030.tar	1eeae30c5345c4e9e22cdfd0fab7565e	541958865
src/arXiv_src_2404_031.tar	fd5bda97b656e3d69061767b9a5c7e99	528922724
src/arXiv_src_2404_032.tar	c2980cf510faeb93cf6fc0571ea7ff3e	542099618
src/arXiv_src_2404_033.tar	02d770ea20f5d7fee710e10d93964f36	577537033
src/arXiv_src_2404_034.tar	edb8bbf5a51a1639dec681bdd502929b	570496851
src/arXiv_src_2404_035.tar	ff05bfa4051a0e4a08626873f7b43810	526522475
src/arXiv_src_2404_036.tar	9c4390609367c706cb77698c14fdf2a3	499217049
src/arXiv_src_2404_037.tar	f2521863d768a5616fda7b9f69b423f2	543597252
src/arXiv_src_2404_038.tar	2def9e71c818e3a755a89d143a9678f2	549017956
src/arXiv_src_2404_039.tar	1187455708b9c162d02ea326d173aabd	586011168
src/arXiv_src_2404_040.tar	979874a851c51bd1a842fe1fa3771f20	517614764
src/arXiv_src_2404_041.tar	d482bd1bdbb5fe1b8fecc86cb86982c7	529779586
src/arXiv_src_2404_042.tar	0694fb63bd33c04bb30f53e48bb4dab4	546774728
src/arXiv_src_2404_043.tar	ea8e11f4324d51ffa0b5437dc613737b	558756214
src/arXiv_src_2404_044.tar	4c09ba8dc96160276c70c8c2f39e0818	579737203
src/arXiv_src_2404_045.tar	68f697235c31576f36f2c2cec56b5019	574946933
src/arXiv_src_2404_046.tar	1c9c8a650d72487066c256fff98ea463	586216622
src/arXiv_src_2404_047.tar	ac999a4be81e5c4a4ad7945190991a98	542313046
src/arXiv_src_2404_048.tar	8dc4830c614549f4807011b5151e8b1c	562426143
src/arXiv_src_2404_049.tar	8535b8b607667babcfb6dc5b0f72f109	541307242
src/arXiv_src_2404_050.tar	49012b445749fbd7ff257d40cfdc46e6	520075543
src/arXiv_src_2404_051.tar	dd0378018badb43ec71144306654d855	517189868
src/arXiv_src_2404_052.tar	7285ae7fb32aa49b855f64c6c4b87b39	565249179
src/arXiv_src_2404_053.tar	51a3b05df7bda252e618f885e1c2a2e3	584892886
src/arXiv_src_2404_054.tar	57aa6108a2325c2f12fe2b2ed2fc07b3	499325597
src/arXiv_src_2404_055.tar	0c7d51ea07eedae81335f2635846321f	538674825
src/arXiv_src_2404_056.tar	003cf1ee9d9942ab1a9e4e07bc63ae41	536868325
src/arXiv_src_2404_057.tar	cef41f9bb63fa54b219af4176a0cb56a	538628306
src/arXiv_src_2404_058.tar	d3af4d28536c469c78c2af2435b52fab	525319623
src/arXiv_src_2404_059.tar	c3fbd9229365f56ecece056aa5af2d61	575136660
src/arXiv_src_2404_060.tar	a9cf0728e592a8525b334cdfae956d5f	533064800
src/arXiv_src_2404_061.tar	cf5953312c74c7aeb0001906357a06cd	566335002
src/arXiv_src_2404_062.tar	eeb08f27b06c70c247efcea5cb6e4588	544972715
src/arXiv_src_2404_063.tar	de3701d3a7aa6c39cf1b60f9feb56863	558439760
src/arXiv_src_2404_064.tar	bf6ac5e39cd094c7ae8f91ad5c7bb8d7	572762419
src/arXiv_src_2404_065.tar	a47cb260dbf0fbba817a8ffe692e3529	532819197
src/arXiv_src_2404_066.tar	1e3e4c4ee1e4990df1b1d0ac17f8c8a8	543519784
src/arXiv_src_2404_067.tar	5d3822efffc23fe162e046efb27e0f6b	559134434
src/arXiv_src_2404_068.tar	805f6a8b7827dd3698f381594e60be8e	514347401
src/arXiv_src_2404_069.tar	bec6c70b86317874e4e785b88f3ce102	569100004
src/arXiv_src_2404_070.tar	c79de3899687e71834bb3347fdb51fbc	536174851
src/arXiv_src_2404_071.tar	c3f525f10700df5475025f8042491af9	554861302
src/arXiv_src_2404_072.tar	418072b399807e5cb186311892c87648	585245368
src/arXiv_src_2404_073.tar	aa2087282696dbdd651fd09b02ebbaeb	531591988
src/arXiv_src_2404_074.tar	c792abe0a6edc55a94197a9e5845ff38	544870827
src/arXiv_src_2404_075.tar	4a0ba0cd5c1785b6107e515e5c59ef6d	586301709
src/arXiv_src_2404_076.tar	45a67c9c8cab4d7084890615c49d9ab8	617086818
src/arXiv_src_2404_077.tar	ac3a84896c38b432b4962ebecb7dfcf0	575801885
src/arXiv_src_2404_078.tar	9926b5a0957389eb4a26b8404bd89c94	538804047
src/arXiv_src_2404_079.tar	81ed9c8f12ab76b845a5dd7501363d1f	507601414
src/arXiv_src_2404_080.tar	2653ca4fda1f0ec41258be3afdfee3c6	551229513
src/arXiv_src_2404_081.tar	9ba233466bddf9a04fa2d5e4d73aadc2	534069749
src/arXiv_src_2404_082.tar	9f381eea3863c817a41fbd7cd95af333	564391769
src/arXiv_src_2404_083.tar	c4145b1aae09e92801bcd4cc043cf82b	562226124
src/arXiv_src_2404_084.tar	695680e836923dde56bc2aa1614da52b	538684035
src/arXiv_src_2404_085.tar	6459d61f49a485e12afd701c5f0a0734	456090611
src/arXiv_src_2404_086.tar	e6d50c6782cf9269e8a78d2c261f87b1	525635099
src/arXiv_src_2404_087.tar	4b808631514e08f17c0041b28c59be2b	538073596
src/arXiv_src_2404_088.tar	c527712b44a0cde3c87aa83c21d657d2	537247297
src/arXiv_src_2404_089.tar	5f1917f0a451ed5e8022c169a9ac4027	558625601
src/arXiv_src_2404_090.tar	7c391759d1fdebacef33c96f58c191ea	604289651
src/arXiv_src_2404_091.tar	81de2726764c4986fab93fc697e88c6d	606350003
src/arXiv_src_2404_092.tar	64fbabd77bf34094126cd0f66425cfbe	539028941
src/arXiv_src_2404_093.tar	4d0d8bd2dbb84f1739e39551ff565186	530293881
src/arXiv_src_2404_094.tar	1a662807bf27617132b02e601cba73bd	558483322
src/arXiv_src_2404_095.tar	90893c5fc3f710a7a37751419e1b904f	545410324
src/arXiv_src_2404_096.tar	ae4965d4fe93691ee7cbd938f8522c3e	518226949
src/arXiv_src_2404_097.tar	67bf48bff8cd8e728e429bc75ce8c478	538849557
src/arXiv_src_2404_098.tar	116669cc5afc7452e9d2da7fdf4c5148	575895282
src/arXiv_src_2404_099.tar	10abaca04181f67a61e8fc8d60ebca7d	564770174
src/arXiv_src_2404_100.tar	5e7e9b4875b77a105a16ab0d488a45cc	531485207
src/arXiv_src_2404_101.tar	610c53a6a53ceb117eeb324592392a3e	581163823
src/arXiv_src_2404_102.tar	b183cd38d77b358141e4c9148d1d7b51	532430036
src/arXiv_src_2404_103.tar	7bcc4a2f5369b9d6bd2a52b3418d9013	564571735
src/arXiv_src_2404_104.tar	6490db6edc623de3f6724cb8a820eedd	516620290
src/arXiv_src_2404_105.tar	8038214ea5c7f9bacb3b36a86035036c	530158849
src/arXiv_src_2404_106.tar	7eb3dd47907d4e0af46e472fc4f59338	586329078
src/arXiv_src_2404_107.tar	72180a39bae56e605906004ba5430131	533618361
src/arXiv_src_2404_108.tar	a887237fb4450935cd15878a936975ba	482838494
src/arXiv_src_2404_109.tar	6e7c12af541928e2d6b40a3de428d601	540000748
src/arXiv_src_2404_110.tar	0e461e1b63a813888d6bcb72bc0afec0	535292425
src/arXiv_src_2404_111.tar	381a3ee08b80ff50f4ef1741c2318003	415970145
src/arXiv_src_2404_112.tar	caf845c13b761cf5acd6690633bb4c57	574636532
src/arXiv_src_2404_113.tar	126543fa04ba9c346fc884fe87dfe087	500217843
src/arXiv_src_2404_114.tar	7a610833678b0db3c74723d88e3adbb9	539340218
src/arXiv_src_2404_115.tar	9f73ba87880da101abd511dee6f02193	562978023
src/arXiv_src_2404_116.tar	a244bd74ab506121add40e354c28022f	668893199
src/arXiv_src_2404_117.tar	001a0893af669a5d138b6eadbbc8a66f	500452094
src/arXiv_src_2404_118.tar	22eb06d280bd936206a3ac7d99d40899	540995540
src/arXiv_src_2404_119.tar	bab57c1b0885d4315a7eff982818c1a9	543059983
src/arXiv_src_2404_120.tar	c5f95473649e21baf0f82d8caedca9cd	537805686
src/arXiv_src_2404_121.tar	e614a050a5676d4be614ce9f1bbd1b74	485748421
src/arXiv_src_2404_122.tar	a6af1c9ee182691f0a9470c7878ecc80	568230249
src/arXiv_src_2404_123.tar	542f489bdf0164c28a4cfd64a9eca6b5	521311674
src/arXiv_src_2404_124.tar	db10f316dcbf7ba2123d8dbaa8b4689d	513173081
src/arXiv_src_2404_125.tar	00cbf7b2074194db0c595a0e5909e87d	518795081
src/arXiv_src_2404_126.tar	631ccdacc29508161fbea5c663dd87d5	525343455
src/arXiv_src_2404_127.tar	612bfabb9ed10b0cb520b32c66ed10d3	570418193
src/arXiv_src_2404_128.tar	72c91dc8bf67763b501e941516d75bc6	547255617
src/arXiv_src_2404_129.tar	d9965a1781a9b72ebe4cd4f5f4a62c5d	537056491
src/arXiv_src_2404_130.tar	7f79aebea4a40e820a681c79063df9bc	520565391
src/arXiv_src_2404_131.tar	30155c67305ebaba11f63e47857af968	529561026
src/arXiv_src_2404_132.tar	c8b8fb0f8bce94548538acde6447bd38	531957570
src/arXiv_src_2404_133.tar	304b55421539d3a40337d84af7bab183	552581527
src/arXiv_src_2404_134.tar	27c3b3cb3642a7f1b0894bbf0b107978	550661640
src/arXiv_src_2404_135.tar	924d2eaa6ecca01657b91e5f9c4bfdd0	558242733
src/arXiv_src_2404_136.tar	0add8857aeca50901efd6166d2e8cea9	531141290
src/arXiv_src_2404_137.tar	4afc0813c492346254c6afbf65aba319	619513432
src/arXiv_src_2404_138.tar	acb4de62987edbda5851d4da96c6fc36	537360164
src/arXiv_src_2404_139.tar	b19941abce9bcb3fcc9b983fd859a1f5	526056544
src/arXiv_src_2404_140.tar	ae6f417204ed1c21b6aad079d9cd14fa	553313416
src/arXiv_src_2404_141.tar	bb5a8b44e4f69bb45a71b33a3ac2bb7d	536935751
src/arXiv_src_2404_142.tar	bca3746982b3b75136c91b1bb6c928c9	527046470
src/arXiv_src_2404_143.tar	10197660fd1fd56f86f4fc42f7a15625	526140179
src/arXiv_src_2404_144.tar	7f2ee7055b7475926257ce7a0cede4a5	571943522
src/arXiv_src_2404_145.tar	9d14d490275cbd1f1ee0707687b507cc	551225008
src/arXiv_src_2404_146.tar	3ca984b00a5073720401247ee392d3ce	508418699
src/arXiv_src_2404_147.tar	14b3750ea920975aff56bd20beed91e8	524352819
src/arXiv_src_2404_148.tar	80c7f9d2a096257d1597df51c7e446d8	555988163
src/arXiv_src_2404_149.tar	5fa216485444bde014d84b2b5978ec43	551086819
src/arXiv_src_2404_150.tar	719773294357118d7a19c586be189df8	583959429
src/arXiv_src_2404_151.tar	4e2d4cfea2f7748daf9f34a999d20dfe	681493920
src/arXiv_src_2404_152.tar	265037e99c2064ba06df3f01490f853c	532166992
src/arXiv_src_2404_153.tar	c00e44aa90356fbcd873863a986f5933	519185024
src/arXiv_src_2404_154.tar	2b7cf15e35855f94dbe2af2ef71e583b	510378120
src/arXiv_src_2404_155.tar	e955d2b2274a1fdce572d82e7e482bfa	538591609
src/arXiv_src_2404_156.tar	f54f29b91407ebc1d68f8d9427916d45	516419972
src/arXiv_src_2404_157.tar	331fa8fb5b6ffd5d3625af95e760b3dc	540405275
src/arXiv_src_2404_158.tar	75ec4eca7201c6d67844126cc5ca0f31	545211930
src/arXiv_src_2404_159.tar	bd65b78950b9b1a84c82df6830919eef	508123826
src/arXiv_src_2404_160.tar	6fb8a345dec53f61aad719267ad03f23	530840717
src/arXiv_src_2404_161.tar	194b6984c32a7290214951f222930bf0	452756288
src/arXiv_src_2405_001.tar	0e792a5c7c550e51cbb3482ee7f07a41	558564414
src/arXiv_src_2405_002.tar	ce76558f138fbe146cd592f8b98f7465	561938979
src/arXiv_src_2405_003.tar	532a3c36690e0d19b5b43dde8f37cf55	553678739
src/arXiv_src_2405_004.tar	a82f221c7167a941525ef061d99928ee	513468620
src/arXiv_src_2405_005.tar	10b5423a98486f571ba16f188a6c9fba	559205324
src/arXiv_src_2405_006.tar	236e5f67f52cbb3e8ebe9e96d45561b8	541744208
src/arXiv_src_2405_007.tar	af01f8f6a59e2b5213b552b1de8a9761	476378029
src/arXiv_src_2405_008.tar	c321488f821862123365050f60845615	528464374
src/arXiv_src_2405_009.tar	3990171fdefe3a7e96703ec2f4436f9f	493475332
src/arXiv_src_2405_010.tar	a27d53810dd2f5be899002fc299550d7	558188550
src/arXiv_src_2405_011.tar	1718c3bebc047e2e5b1a2e4f1307132c	576582778
src/arXiv_src_2405_012.tar	dd2cf8767eaf83d7de0de1f19afac906	596940688
src/arXiv_src_2405_013.tar	82b2dd912528bbc6ad6b27bfd5a4ccf6	551420133
src/arXiv_src_2405_014.tar	376859b3180298a7721a10e444323c9c	555243359
src/arXiv_src_2405_015.tar	71956a0b9be09143a47090d73e7dc716	542944216
src/arXiv_src_2405_016.tar	ab44fefdea56079a1345be66bc66e27e	522392554
src/arXiv_src_2405_017.tar	74b6662869234ebe6a7fc777c6036365	432052832
src/arXiv_src_2405_018.tar	c85f51bf3a4d01b8fa881a217ede84b0	575506364
src/arXiv_src_2405_019.tar	2044b0d9354159845ed037b370c94476	533486700
src/arXiv_src_2405_020.tar	a45c045443db0819202275dc89201d82	608441406
src/arXiv_src_2405_021.tar	1b14d0a4c53710efc73be888a6f1d37d	523108726
src/arXiv_src_2405_022.tar	600e80b3d9f316d58ecda8efcb16195d	555335432
src/arXiv_src_2405_023.tar	dd2a2160d725ae2f3201384d39202a2a	560299413
src/arXiv_src_2405_024.tar	856fa6568fdb13247fa82c3b2593a621	502663021
src/arXiv_src_2405_025.tar	83d283578622b800e651c8a892b46480	521476425
src/arXiv_src_2405_026.tar	92236bb3a2cfd9b016b7ae0f47fa7bf6	558504698
src/arXiv_src_2405_027.tar	1063edb9c61aad8ca31d2509e4019bbf	534779025
src/arXiv_src_2405_028.tar	ba1a6c32f0e96ef093914a32829e777a	545406945
src/arXiv_src_2405_029.tar	196433998dc0cddfbaa09b6b0e1db70e	524443497
src/arXiv_src_2405_030.tar	ca96033c913360f3579c10c5e0792bfc	540813206
src/arXiv_src_2405_031.tar	067e0f6531abfef63986b4c49f329aaa	521535800
src/arXiv_src_2405_032.tar	d33d57ae0307c234c115d9c447bc77e7	558628009
src/arXiv_src_2405_033.tar	e0ad45430d124d113247bbd5d5d2264f	536328467
src/arXiv_src_2405_034.tar	e9860f1d97fe4ee203e2323668ff877c	536827993
src/arXiv_src_2405_035.tar	09b2618949f740c22253b39ee0c98862	560951087
src/arXiv_src_2405_036.tar	9a555d7cafba47070d8c5db3d06ab99f	581919787
src/arXiv_src_2405_037.tar	b69603d71b79a79f0ac51a02ece3337c	539587343
src/arXiv_src_2405_038.tar	53424dd6b14f73a1e35c20608a493fd1	585336767
src/arXiv_src_2405_039.tar	a14a9a52574dbeb87f4bcd641647fca2	533237562
src/arXiv_src_2405_040.tar	cd5930ac35aa46222dad5524704df9d9	549271649
src/arXiv_src_2405_041.tar	87e8a56230b313efb970a91d49367cce	526670494
src/arXiv_src_2405_042.tar	b1ecda959db6db969cada7523c142e2f	528512914
src/arXiv_src_2405_043.tar	24038d8d9c92cb76047898551f3afa5a	544576460
src/arXiv_src_2405_044.tar	fbfc73586ddf2eb1c18e8643d54eff10	456014295
src/arXiv_src_2405_045.tar	6593c0f96a287620ed4a1becf3007d02	626333734
src/arXiv_src_2405_046.tar	d019ee0fd1b3d93f1b4b218305df9728	539471080
src/arXiv_src_2405_047.tar	bac807204232e6a2e5127c7021fab845	524521811
src/arXiv_src_2405_048.tar	f50d61dc341ad4a62be0d27df78d50f0	511809959
src/arXiv_src_2405_049.tar	5cb99122eacb6f7934cb5a307a0a171b	519735185
src/arXiv_src_2405_050.tar	5060bdae46c4cc1b0cdfa3922bb400c3	532724218
src/arXiv_src_2405_051.tar	bc3631f8b54beffba736054735272d44	490559231
src/arXiv_src_2405_052.tar	1eaf6979a0ea9bccd5402bcbfd78cf95	541359445
src/arXiv_src_2405_053.tar	d40f0a99a8aeb2d68bae49ccf426a2d7	609975761
src/arXiv_src_2405_054.tar	983ab7b6a445eae110a25df2348613c0	536944178
src/arXiv_src_2405_055.tar	967d053a5bacfe3df6d53d85983f8712	604303794
src/arXiv_src_2405_056.tar	8b4c763b841ff5bd8635f062d9679519	481577155
src/arXiv_src_2405_057.tar	7375c3ae385f8951e048e4ccf4fd86cb	537893325
src/arXiv_src_2405_058.tar	b752f09546215c05a1fab08b0373f586	537344155
src/arXiv_src_2405_059.tar	a5c347f23247f2708768af5bb5c44823	546762326
src/arXiv_src_2405_060.tar	354f741d5b76eca42973ca23cfddf566	528360740
src/arXiv_src_2405_061.tar	f04a2f092fe5849567152e54bd638788	560778093
src/arXiv_src_2405_062.tar	c4759821cc7e9f635b82f01242cea077	493310109
src/arXiv_src_2405_063.tar	24e4329d80aeae0694219aebf6125b68	525987878
src/arXiv_src_2405_064.tar	f3c75f5f08733d900d7d87dfbf9f47db	542080004
src/arXiv_src_2405_065.tar	1ddbb568548f20c0255df468d73ad721	547620265
src/arXiv_src_2405_066.tar	0c7d33df34c8484cef606ca7a090576a	620580832
src/arXiv_src_2405_067.tar	103da7337471af17c10e187b679053f8	614454397
src/arXiv_src_2405_068.tar	d569b7affd2eee32e1a9e4a207a58adb	580588023
src/arXiv_src_2405_069.tar	5a2c6cb58681fd7c1089c06d64a734e8	618563568
src/arXiv_src_2405_070.tar	e3547dd083e4968f4f0a3961f99bcdfe	542840714
src/arXiv_src_2405_071.tar	94584bd4f2ffd4283e51c6a58d0c046c	556093956
src/arXiv_src_2405_072.tar	208ce2ee25b0be2031762276b60b028f	575721110
src/arXiv_src_2405_073.tar	71fa6b2aaa6d62124e2b4d3822228034	496525063
src/arXiv_src_2405_074.tar	6106dcd2bec0108490b9c28cff14cdd3	617547079
src/arXiv_src_2405_075.tar	39263b03e74763aedc24cf15a7d46fff	520629095
src/arXiv_src_2405_076.tar	079d0e4b994695dcf327a13b6711ae7a	524918533
src/arXiv_src_2405_077.tar	1b5b14c03752adff2e4829a827c51b14	540461628
src/arXiv_src_2405_078.tar	7bc7f31556b57a0b3dd566f9584c9c23	501214340
src/arXiv_src_2405_079.tar	63b971afbb3cd6ce3e1b69165ee2e991	507358287
src/arXiv_src_2405_080.tar	95f2dfe916a7be7b86b89bb748f43e48	586656977
src/arXiv_src_2405_081.tar	69511f0c783d62de3fe6ec1e7da7d27e	550462040
src/arXiv_src_2405_082.tar	399178bbdc5d0dc1139629ecb1a760fd	528249601
src/arXiv_src_2405_083.tar	4299e7cc69f89c88117c0bb23917b2ae	540892131
src/arXiv_src_2405_084.tar	76d258eb12effc3d7e8950e5712022dc	585207996
src/arXiv_src_2405_085.tar	fbbc0f1ef72c1f872bbec89a4d6e2f87	562707465
src/arXiv_src_2405_086.tar	4debab8cc1dc115ef644b4efc1af2830	543389117
src/arXiv_src_2405_087.tar	37e91ae1bc9c6cede0cc361b3a54c0e7	562216978
src/arXiv_src_2405_088.tar	714d421cbaa6b1f62664eee437649d4c	573345959
src/arXiv_src_2405_089.tar	172551ddc38ca5094492ca977ae9f8e8	533175037
src/arXiv_src_2405_090.tar	fcae99f6fabb0e6847d2aeb3be1b369e	543865611
src/arXiv_src_2405_091.tar	5ec93e265e897a0dbca03cfef466d087	521938125
src/arXiv_src_2405_092.tar	060b6a8c149e36cdf8ffe70601f58cf7	531487310
src/arXiv_src_2405_093.tar	8eeedb7eb8a64541513bd0bdc34417ff	604576339
src/arXiv_src_2405_094.tar	ffd4af2b296b1651953e3a4ed8633fae	599286922
src/arXiv_src_2405_095.tar	c24f9a16234e46b507b62ce05bbe7f76	567888343
src/arXiv_src_2405_096.tar	736d9f7b31ea0e666e9979275339bc7a	561848158
src/arXiv_src_2405_097.tar	7e8f85c75c8b9716f9d7094fd3e84991	536171056
src/arXiv_src_2405_098.tar	32ee9657a0ee143342a72c2ec6b46cff	533724507
src/arXiv_src_2405_099.tar	c3ee5a924be77d4c30a0f4ecaaf3a795	596627582
src/arXiv_src_2405_100.tar	cce4c87da780e888a9e2cf752035b4a8	530347901
src/arXiv_src_2405_101.tar	586a6e563c10d2188d819b434b123a5d	541213389
src/arXiv_src_2405_102.tar	d185ae1e92ed4ac4ccc25cc8e0fed431	451490347
src/arXiv_src_2405_103.tar	7e63317ddbd2c8b57134e2a2f5042076	542918652
src/arXiv_src_2405_104.tar	95c491fa5ef8d054793942f2f8fe212f	576124997
src/arXiv_src_2405_105.tar	3e8731eeca182c861c88bfc482fe801e	540738660
src/arXiv_src_2405_106.tar	8c12b108799980bcc3db39d15d79be07	526753408
src/arXiv_src_2405_107.tar	88a802d7212a63304f5bd5b3c7031d5d	555316132
src/arXiv_src_2405_108.tar	969e8aa3200e67f67a43a4938d904bde	555724691
src/arXiv_src_2405_109.tar	ededf5f93d819d57489567ea0f1cd775	549997022
src/arXiv_src_2405_110.tar	a05d3bcb657c7d81971681a8aea073e4	580475455
src/arXiv_src_2405_111.tar	2bccfb22c5ad9e69b3ba96c84c6e5d0a	632530639
src/arXiv_src_2405_112.tar	78751736ed539b4b725ee801fb536b02	584404647
src/arXiv_src_2405_113.tar	bc265c153f37888d44af827ed0ef6aab	638177974
src/arXiv_src_2405_114.tar	53adf6ed15e406c0ccdce73bb3e4facd	535281222
src/arXiv_src_2405_115.tar	4c1f221896f29bdf5e01e8ddee6630d3	586915797
src/arXiv_src_2405_116.tar	84f9ec3db2b291d8354c2a44a27a7786	508175939
src/arXiv_src_2405_117.tar	442ca24768d3be42b383d02b43d02df5	471242853
src/arXiv_src_2405_118.tar	4be83dfc5759ab237df42af3db18e763	559005836
src/arXiv_src_2405_119.tar	fa486b2d7c11ca761fa3a5e9a6fcbb20	604809122
src/arXiv_src_2405_120.tar	d0435cd908fd0b43475808faa81d215d	593081252
src/arXiv_src_2405_121.tar	a9e2731c1cce1f82ce7f10f5e6ccb708	506057182
src/arXiv_src_2405_122.tar	043dd6101e3fa75fc70ed55ad7c4b7c9	601680575
src/arXiv_src_2405_123.tar	a0b31ddaff4c3caf28dc7c10d9f47553	541065814
src/arXiv_src_2405_124.tar	90a4897cde81968054756eb881175963	602620405
src/arXiv_src_2405_125.tar	96007635f4095db1b84307b3fd7038e3	591656237
src/arXiv_src_2405_126.tar	fa16a622ae2b952d3911287427610df8	618690217
src/arXiv_src_2405_127.tar	ad4953be34b3aa0b162638429dc584a9	535311590
src/arXiv_src_2405_128.tar	32b7b731215a8326b6babff6acf14c53	566663797
src/arXiv_src_2405_129.tar	eac95159407cb89d4088c755aeceed2c	443438820
src/arXiv_src_2405_130.tar	8e66c38a36f2ab4b0896c038f83b9140	580317711
src/arXiv_src_2405_131.tar	97e998f496ae45b9826a86f06b5f6f11	523964034
src/arXiv_src_2405_132.tar	275c0f10b80881b49edfb9082b3de6fd	600994291
src/arXiv_src_2405_133.tar	09216f36880ef425f2b366cc6fc9049c	610980176
src/arXiv_src_2405_134.tar	12e8b9f072c6d896bdbb102aff2571b9	571917176
src/arXiv_src_2405_135.tar	8fe5e48a4c5f756dc73b0429e2733d29	562119493
src/arXiv_src_2405_136.tar	a4e3b71b921bdac66a2fd983bb592c62	552492488
src/arXiv_src_2405_137.tar	01c9f73e70f68f5b6a33bfe7b72c9d63	540785227
src/arXiv_src_2405_138.tar	5d120ffcd03f2b00dade0e74c1c6a360	621358809
src/arXiv_src_2405_139.tar	deb1cbc497a35e48e358218cad5f235a	542008046
src/arXiv_src_2405_140.tar	84254134088f23a890c28c6c0015983b	543925361
src/arXiv_src_2405_141.tar	3a42e599b81e6c8578b591672d026e4b	520700093
src/arXiv_src_2405_142.tar	8c1d20127185ba79779e5d7f39c6cc0b	535946348
src/arXiv_src_2405_143.tar	d83efe25725e15dfab287b70be8d3734	535922214
src/arXiv_src_2405_144.tar	dcade923eeee504d85d21144a38b7188	509348941
src/arXiv_src_2405_145.tar	e524def72b8bf3f419a2c55d8e335618	640980526
src/arXiv_src_2405_146.tar	71afb2fb066898bb97090a68352d42f8	555699501
src/arXiv_src_2405_147.tar	8d842b80daec6f93863630b32561de54	520866737
src/arXiv_src_2405_148.tar	90c18b445072fefbdec1b978cf479eae	562441217
src/arXiv_src_2405_149.tar	2bdf2eed4c59f31486add9fa2154a907	518104986
src/arXiv_src_2405_150.tar	6b0df9741d6b6710bd01254070b3c362	577144688
src/arXiv_src_2405_151.tar	0c1a0630e3735fcf12678c8696ad727c	602941622
src/arXiv_src_2405_152.tar	4c859ccbcc9e575bf3314d740108f4cf	525206965
src/arXiv_src_2405_153.tar	4161c02ee4fc1c5c753f9612abc2282b	598766359
src/arXiv_src_2405_154.tar	886ed5fba9fb232228f090d85b7393af	531948566
src/arXiv_src_2405_155.tar	5bd019282712046cdd7c0ab43f4fe786	528708008
src/arXiv_src_2405_156.tar	ba6b44753445de01416037af66a4a669	537024095
src/arXiv_src_2405_157.tar	57f01dfe103def97769ab3e5feb46206	513196230
src/arXiv_src_2405_158.tar	cfa4afd1203390a1634abbbb5e459bfe	621270687
src/arXiv_src_2405_159.tar	6dd15b5815867b1aa02a2f63b7b7dde1	541973314
src/arXiv_src_2405_160.tar	ac68dd4d0864a7056dd5473b3f38c40f	568763308
src/arXiv_src_2405_161.tar	7650adc870b24df26eb84e9dbdf56cfe	534467555
src/arXiv_src_2405_162.tar	38b3119423c7ac8ee670ddb79012a59b	517919952
src/arXiv_src_2405_163.tar	3707bf3c1a96819a5e3e478f19e8c81d	560041188
src/arXiv_src_2405_164.tar	e358e70b9ddf0c08fb203d4509a6c17d	538904256
src/arXiv_src_2405_165.tar	69cee4497bb3f9387c2276b818cff9d1	504078961
src/arXiv_src_2405_166.tar	0f22d325087940a88ef9a66df76bf857	538153420
src/arXiv_src_2405_167.tar	e6c5d919b9e51df492461e84815e4017	106707251
src/arXiv_src_2406_001.tar	a2b04dbf9f13409be6764ac58074d009	525523148
src/arXiv_src_2406_002.tar	a954e81c95532b6cfe1ae5e26391acbd	534815181
src/arXiv_src_2406_003.tar	6a2f38e788ddae79c34c31062f100d53	537915709
src/arXiv_src_2406_004.tar	1607cf673f5fc4bcc30fae43ecdcbe18	537041825
src/arXiv_src_2406_005.tar	a70759c61963c01f6747fc21354e7f97	539243794
src/arXiv_src_2406_006.tar	5e3a62ebbb8c4d723229b543e7efaf2f	548012966
src/arXiv_src_2406_007.tar	d61d93f63f250b397e7e07711ed04b03	604160377
src/arXiv_src_2406_008.tar	623ceb56081e78041fc95567b9cf5560	536438266
src/arXiv_src_2406_009.tar	0ab53ce04c9625fb64a477fb28cd8a97	526788696
src/arXiv_src_2406_010.tar	3708e3297eabaaca7ee9174456468778	526703343
src/arXiv_src_2406_011.tar	9bbdd2d1a04c1f21e7190c36600f060c	565070376
src/arXiv_src_2406_012.tar	71d6c1984c93f1fe8e00b424afa2a894	552381476
src/arXiv_src_2406_013.tar	ebaaeffb1dbc2f901368e97b082ebaee	521751996
src/arXiv_src_2406_014.tar	fe995802a0d3288e7f3698bc4311f172	525628071
src/arXiv_src_2406_015.tar	f947b7b087ad6027875e468c903d90b1	517444035
src/arXiv_src_2406_016.tar	d46c4435edc8925a77db0e80f27bed4b	558301765
src/arXiv_src_2406_017.tar	036ed800ba4005b708dfb4e1f655e53d	527650050
src/arXiv_src_2406_018.tar	7f1cf186b05c33816ec3da378a3fcc01	524988874
src/arXiv_src_2406_019.tar	66dd09383f257b314eee661f91cb7db0	530367525
src/arXiv_src_2406_020.tar	3ed409097bdf77389cee3674a7c58b20	562743371
src/arXiv_src_2406_021.tar	0eb8da9df3a95074f6e20a006f09b397	570154876
src/arXiv_src_2406_022.tar	f35519d9f0e0517c2619f8c7b8910249	573006406
src/arXiv_src_2406_023.tar	07a97f3365116234d886fdf0b2a355fd	534716664
src/arXiv_src_2406_024.tar	4113d329b8243f0f498ad355e52effb7	524712744
src/arXiv_src_2406_025.tar	f5fce09f21fdba25dd45f40afd966753	544323380
src/arXiv_src_2406_026.tar	e22112698f53dda72f98a058a6658396	576526469
src/arXiv_src_2406_027.tar	b6e62b78fa23849781f1d38e0aa6a0dd	524003914
src/arXiv_src_2406_028.tar	e5d3b596c2bf7b02a8c9933709e0c47c	526909802
src/arXiv_src_2406_029.tar	d791a837a60c1820e3c987aae102d516	504999169
src/arXiv_src_2406_030.tar	82d5d4e1b9a772821e21558c022c03b9	539422200
src/arXiv_src_2406_031.tar	68b434080263ecc7a6e330ac10444a32	570552572
src/arXiv_src_2406_032.tar	0804e479e0669ea5f5f2f98a1bbcdd00	611731773
src/arXiv_src_2406_033.tar	ed56d2dcaa88b0e25b57ec13a3e8241a	582007342
src/arXiv_src_2406_034.tar	14e0e611d07d4623bbeb82f8e87dffd2	484971487
src/arXiv_src_2406_035.tar	5d2ec84404b31fb6f964c9a9046ae07d	524479926
src/arXiv_src_2406_036.tar	3c1cac0f978c20340c86f370ed059768	488713215
src/arXiv_src_2406_037.tar	159333811ea3c859639f278071e9949f	524616055
src/arXiv_src_2406_038.tar	3d4239b0037caef8d1b2883997f342e7	544843227
src/arXiv_src_2406_039.tar	e7e9b1d98d92c9cd82186c593b8e2e1c	604350808
src/arXiv_src_2406_040.tar	8a7821ec3bd5113d8afb1f4e67c19ccb	764805860
src/arXiv_src_2406_041.tar	e1ae7f2f075c72c679ccba311bc7235b	531779197
src/arXiv_src_2406_042.tar	e22194a73dc7ac5f49f76d9ef0a4085a	526002729
src/arXiv_src_2406_043.tar	8cd77293541c428bb4bc4e696ff68fbd	550009228
src/arXiv_src_2406_044.tar	e4a9e970954794eef0a633a9e2e1bb61	535045346
src/arXiv_src_2406_045.tar	d0ea21510f47fc302b5ba3cdfa4b9d15	641740579
src/arXiv_src_2406_046.tar	9c68a5462f76cf15990ef96e998fe5f7	658951051
src/arXiv_src_2406_047.tar	e7e77d36b2abaa50a8a8143f605d5167	537553723
src/arXiv_src_2406_048.tar	634a1fa38666d4fb75f9b8eae890adf8	567518234
src/arXiv_src_2406_049.tar	d22f38735dbd4d7b09bdde0a011bc3e3	526882159
src/arXiv_src_2406_050.tar	7f61488cb8866816a836e418c156a1bf	528082725
src/arXiv_src_2406_051.tar	a3dca23a5a3e10889a864da209efaa0f	526194493
src/arXiv_src_2406_052.tar	88649df8a8ec1856478455ad02a1831f	512532663
src/arXiv_src_2406_053.tar	ed46edf868dd308f64da5b58a7460f9f	564436029
src/arXiv_src_2406_054.tar	1ccc9beac07fdaa2a51b961a2c7cbf9f	565205838
src/arXiv_src_2406_055.tar	e45527919a905e0e19e63d204d718d75	572582093
src/arXiv_src_2406_056.tar	d5dfd268e322501b8635d8f94042f415	503757551
src/arXiv_src_2406_057.tar	b733e39c8945e9c7aa5eb05872e5625b	563563107
src/arXiv_src_2406_058.tar	13c4c9edab84c9da84ea93016a839d61	492856602
src/arXiv_src_2406_059.tar	0306990044c8a84b7cdd4e2f625448a2	546487919
src/arXiv_src_2406_060.tar	9d4ca48f11123bab5c7bc80411ebdebe	623100494
src/arXiv_src_2406_061.tar	bfec4d0223f2fe556e099f85c4d92766	591283495
src/arXiv_src_2406_062.tar	435759662bb8bcbb779984a83670eba3	518227230
src/arXiv_src_2406_063.tar	08ec1748ea48fcea4693fc47dfb042d5	550726459
src/arXiv_src_2406_064.tar	0ec2eb6878926a45da1ba18413d6da79	566586847
src/arXiv_src_2406_065.tar	2feeb776240279fefd5607f6841de428	556933912
src/arXiv_src_2406_066.tar	41642726ca87e37f63c58d656ca309f9	532261474
src/arXiv_src_2406_067.tar	3149c5ec6deb2b4e5824738916a6e54a	534173037
src/arXiv_src_2406_068.tar	4db471fb128714612199c545f80fc0c1	672758498
src/arXiv_src_2406_069.tar	6c5155389820680847ebe085e8ad1f42	511709141
src/arXiv_src_2406_070.tar	dd2b9a7e605b37e68da49fdf9fb776bf	588171933
src/arXiv_src_2406_071.tar	f0bf455bfbe75f6dfb05f72c2fe93516	541101183
src/arXiv_src_2406_072.tar	78c19bcea18a779147ce5b672ae9fce0	505101574
src/arXiv_src_2406_073.tar	79af41eef2eec5fbe9d60f8e96bc6d8f	541073796
src/arXiv_src_2406_074.tar	8d20cbfe8b29901715dec4933d30f16d	541929800
src/arXiv_src_2406_075.tar	0c5ed700493e81d5f9435b3d88366297	525276348
src/arXiv_src_2406_076.tar	ec4fe7279410ae8eec8ccfb963e0d61d	605993149
src/arXiv_src_2406_077.tar	c647a9f392255d1c9d33ece25f8f0ea7	551923098
src/arXiv_src_2406_078.tar	6553ff2b86b9002bceefd7ca5b93bc50	568144936
src/arXiv_src_2406_079.tar	1589eeb4cbba8c2951846e372775dd30	557880823
src/arXiv_src_2406_080.tar	ec02970c625ef73252deb6d67b808682	543447364
src/arXiv_src_2406_081.tar	63e9633ac0d118b13df1d9767eb79419	521196597
src/arXiv_src_2406_082.tar	14f4583fa2da6faf950890630f5e1f92	535913735
src/arXiv_src_2406_083.tar	4406793d522867b5671d379781786d4c	524553348
src/arXiv_src_2406_084.tar	5028231e45dd94690e52137fff0f9787	523654258
src/arXiv_src_2406_085.tar	d6da96092b92465708a12f6ffcf60ae5	561729809
src/arXiv_src_2406_086.tar	836f706036eaa0d9458815cc2ff31efb	530815724
src/arXiv_src_2406_087.tar	a65a3f7b1527bdef013a991e86f449e2	671961082
src/arXiv_src_2406_088.tar	83b057b7381584de093e0b5cae9a5fa6	576664690
src/arXiv_src_2406_089.tar	401adc7ca8d22fecbc79e1b3dcbdecd7	539031353
src/arXiv_src_2406_090.tar	859e8670a117ea561ae5179915dfb454	605416402
src/arXiv_src_2406_091.tar	77c33124250958ba3f1feffa6b96f84e	551799021
src/arXiv_src_2406_092.tar	ce9f6ae4b5de56eec5c9075ff9d595bf	534066811
src/arXiv_src_2406_093.tar	cc65b48eaae187aa912b1b854d4dd396	539595865
src/arXiv_src_2406_094.tar	3295540a3e201064636e3cc28f56e643	572425254
src/arXiv_src_2406_095.tar	ca2f0eb60c64176c8ac00c9d27ed752f	514665032
src/arXiv_src_2406_096.tar	65f32e0eddf64378e13ed87a6f43e264	553042638
src/arXiv_src_2406_097.tar	b2703f8dde8559aac7f980ae85a003ee	524689630
src/arXiv_src_2406_098.tar	1c69748abeb86ce0fef07b18a9846513	535768617
src/arXiv_src_2406_099.tar	85bc10b296b8975f56284211e0ee135a	560510877
src/arXiv_src_2406_100.tar	f486389fb567914fa141ac48c54976e0	546331811
src/arXiv_src_2406_101.tar	5e52d234ae649ee64289d56af27a319b	568269631
src/arXiv_src_2406_102.tar	03279b97fbf04bbafa0fdd6320ecef3e	506938361
src/arXiv_src_2406_103.tar	ccdef97fac4a0f3dc4f64879cebe52da	438681528
src/arXiv_src_2406_104.tar	5e0dd457ba9cab47af05da53ada81d76	506073119
src/arXiv_src_2406_105.tar	8e30d27353ae4c1a163d25ab8e4c95e2	549391890
src/arXiv_src_2406_106.tar	eb6d87a00fc45012521fc0bc08210bda	498300614
src/arXiv_src_2406_107.tar	3752c69b2c7ce376eb1b29c18ea8b110	528431088
src/arXiv_src_2406_108.tar	52f7b2d3812f31ba36b14958bc174158	508056499
src/arXiv_src_2406_109.tar	3b1c97cad73f5da83c21349b59c4bf5e	531430212
src/arXiv_src_2406_110.tar	d3374c3dcfc7ffe2126adb0d156cfe29	523678653
src/arXiv_src_2406_111.tar	5c50b0572c5168e8fa098fb88add3f5e	560844295
src/arXiv_src_2406_112.tar	3e549e8ba25e5735f95a0dfad62873c1	520595035
src/arXiv_src_2406_113.tar	9fb9f2fde6bce18772e85c1ef8dd9ad1	589356657
src/arXiv_src_2406_114.tar	2a5d6532213adf5101904c4b4649d54f	526113179
src/arXiv_src_2406_115.tar	69690ee1b15a42ed883fe5bbe0583550	453312724
src/arXiv_src_2406_116.tar	19d395f57cb8b2a2235b4eaf86b6536a	546038989
src/arXiv_src_2406_117.tar	29c0a330a114a020b94c0a8d96022b9f	564010100
src/arXiv_src_2406_118.tar	a9c20bf06a4b8dbee1a738e27cc3d248	588669579
src/arXiv_src_2406_119.tar	e595393b291ab35f11ec16c694660694	543057331
src/arXiv_src_2406_120.tar	fdf4bda4f0b875310af9f5aa629c4dbf	527250981
src/arXiv_src_2406_121.tar	4b6be109d65c683ab55a97a6f4e46c6b	526057831
src/arXiv_src_2406_122.tar	e44d94ab94bfe0f80e12f6b3786301a1	510145937
src/arXiv_src_2406_123.tar	56d941b7201386c620a497ce1ca86530	568766458
src/arXiv_src_2406_124.tar	e3d7e9218681e7418fe69272b637eebc	539994365
src/arXiv_src_2406_125.tar	0d9ab56b4b85bcd77a4fe69940c8b742	554222193
src/arXiv_src_2406_126.tar	66e1103773a41ce6d7f606cbb927501b	128049597
src/arXiv_src_2406_127.tar	4e8a4d8d0534b228720262b99dccafce	570871203
src/arXiv_src_2406_128.tar	93f9ab35f65784619aa45c0741d341f9	522305417
src/arXiv_src_2406_129.tar	d04caaffbd549f1a6447be5d1b750bfd	527338305
src/arXiv_src_2406_130.tar	eb19311672ca11abf67c09b39a6fedcc	582852395
src/arXiv_src_2406_131.tar	642967ea0e055dcacf8cf116e8abf2fd	570700941
src/arXiv_src_2406_132.tar	3d274722fe88273f18c16940d64b85af	540101393
src/arXiv_src_2406_133.tar	19c6315ed76376f7648862927ac1e2d7	527755053
src/arXiv_src_2406_134.tar	78655d57ec046e8e4e0b1f4f5d011f06	570060680
src/arXiv_src_2406_135.tar	3ceeb3ff31c72adc18621e6327465349	553581773
src/arXiv_src_2406_136.tar	00452d1dfad59e36a709c4aa4fd7b1a7	533738762
src/arXiv_src_2406_137.tar	58803852da9f9e37e363ca6c1c678781	535168656
src/arXiv_src_2406_138.tar	5726498024d5aeabba530d57e96dade5	553875690
src/arXiv_src_2406_139.tar	6a1cdb44754335eb02426c65de3dac52	574937013
src/arXiv_src_2406_140.tar	91634cdbda36fcefd22d0bf3a9b2fabc	564194880
src/arXiv_src_2406_141.tar	2e6bc8d3357d550f5bb7547ae76a237b	515675742
src/arXiv_src_2406_142.tar	c6e70e0dbd9f79a21f19680d0280c1b7	575847057
src/arXiv_src_2406_143.tar	8ef127a6bc478deadf5c97055e5bbe7e	526123135
src/arXiv_src_2406_144.tar	2a11d84e8c2446530db9f32f787881dd	569491431
src/arXiv_src_2406_145.tar	7a203965eb3b65c17547891b2e0934ee	540235265
src/arXiv_src_2406_146.tar	9b027bc30a6115df755fc6ebb928707e	573199865
src/arXiv_src_2406_147.tar	f7b04e511a347b06bc4df8c1fa14016f	571514904
src/arXiv_src_2406_148.tar	03bbbc150c005d6f09d8f6118a0e874f	511361542
src/arXiv_src_2406_149.tar	ae82cbb049051f7e0b0a579ffa0e7b31	524079815
src/arXiv_src_2406_150.tar	1ece10d0339c98c55c01b8c4b2603636	522740031
src/arXiv_src_2406_151.tar	3071583a4cfc1e5e81e19fd573115c61	557591723
src/arXiv_src_2406_152.tar	43d5dd758bdc7399871dea146c4576f8	524370220
src/arXiv_src_2406_153.tar	1587102bdd98c82467220d74ad5f419a	554652315
src/arXiv_src_2406_154.tar	efb117546987aa59ea8557425adfbe63	533715300
src/arXiv_src_2406_155.tar	c2f2cd18eae069aefc1169f8376d9d5b	542506954
src/arXiv_src_2406_156.tar	5516111303fff3c23a768e76f221d05c	529452676
src/arXiv_src_2406_157.tar	d758c5bcd2658f38ccc5bf9ca7ed2ff6	542035514
src/arXiv_src_2406_158.tar	1912492b84ee47e7fd655d852ea6ae11	543863362
src/arXiv_src_2406_159.tar	e32e0ee2648642bc90b923cbe86a06b5	577479135
src/arXiv_src_2406_160.tar	40d88c328c4cc459ac12fb16d4baedfb	562834996
src/arXiv_src_2406_161.tar	92c007853a36cb74f71d0d9f649e327e	540763778
src/arXiv_src_2406_162.tar	b82646dc87aa5f5243042814c20aa182	544995573
src/arXiv_src_2406_163.tar	911931a1aedd8c548b0afcbb481c93b7	557306336
src/arXiv_src_2406_164.tar	3002933e1b85cd718d50890c5b118062	543978989
src/arXiv_src_2406_165.tar	6ce80f565760f102fffbb56964f93535	229088978
src/arXiv_src_2407_001.tar	865e0df517d2bc3542a612f679eb3a67	544891299
src/arXiv_src_2407_002.tar	909a2e3d402f589e8e22216e35fea174	511047256
src/arXiv_src_2407_003.tar	af241fd0e98dd89428bf0f1dd17fd374	575163501
src/arXiv_src_2407_004.tar	291f56c514f090b9e5c4a5642bcf6450	626219883
src/arXiv_src_2407_005.tar	abc6479ad07b9c8631bdcbd6ac37e906	562607214
src/arXiv_src_2407_006.tar	6a8fa8a5f9f92ede603aeaac471b6ea4	554544580
src/arXiv_src_2407_007.tar	081d4aa40d5fe7a82dea186926e2be02	543311702
src/arXiv_src_2407_008.tar	52b6603861140464613bc19ed4a7f274	538772765
src/arXiv_src_2407_009.tar	33e6f9184bfd9abafaca51aaccd8d8b5	533739295
src/arXiv_src_2407_010.tar	1d8115ef5bffe91615ae1f956265e4e7	512512266
src/arXiv_src_2407_011.tar	17e8cc48066e243664fcbf4727921c1b	534574408
src/arXiv_src_2407_012.tar	d99a954a65076b0733706cc2c31048f2	523162769
src/arXiv_src_2407_013.tar	e1db3a5321c7abaff11b023cd09f9c50	551765075
src/arXiv_src_2407_014.tar	7648076669b2fe497223703dfbdbd76e	530126784
src/arXiv_src_2407_015.tar	8cba06a9387638ccf8c719e4566e6bea	520575186
src/arXiv_src_2407_016.tar	c9b9d8696f69d46d0f8321182ec3f7eb	538764025
src/arXiv_src_2407_017.tar	5addb04b540b6d32e3614f71c7a94862	562515771
src/arXiv_src_2407_018.tar	4630252e2005b3b84ac2a810df9b411e	526238134
src/arXiv_src_2407_019.tar	ba8e37e72a15aa8f570f0a44340460b3	565582616
src/arXiv_src_2407_020.tar	09aa52aa2ffb219a4a7acde5daf1a3c7	525771855
src/arXiv_src_2407_021.tar	4d7cf787a49129ac0e56af7dda9b076c	557001411
src/arXiv_src_2407_022.tar	945f40e4c64e646c36d16d615df45832	497996482
src/arXiv_src_2407_023.tar	ff47ee8a266f61ca42594a548275c928	579431841
src/arXiv_src_2407_024.tar	38a82e1f193ae8222faa6ff6e58c3aae	574858535
src/arXiv_src_2407_025.tar	f098094c608c7ee52b2eb921ee5b6ad8	522543232
src/arXiv_src_2407_026.tar	2dc7c8ce5181a22e2ba538228fb990d3	529727809
src/arXiv_src_2407_027.tar	a7e1658e767e8b8a7a95393630cc3dd9	569862433
src/arXiv_src_2407_028.tar	58ec35e98e88b1285a69a14e9d10f504	515087951
src/arXiv_src_2407_029.tar	d0c6f1bde32830d6d52bb1f962f59841	525053915
src/arXiv_src_2407_030.tar	cb22c91a331065885d7e3088266630cc	562786005
src/arXiv_src_2407_031.tar	eb676d045b6de3e1d10d1d56db83a953	516631794
src/arXiv_src_2407_032.tar	2375526653bd728df182ca8e4de5c25d	595568925
src/arXiv_src_2407_033.tar	4e2b395a8173bc7486cd6c3be3019640	533655442
src/arXiv_src_2407_034.tar	a93b65e076a6720c334942a1150f76c4	614215864
src/arXiv_src_2407_035.tar	4fc2abf9f1265b4b761313d8c4685018	509825566
src/arXiv_src_2407_036.tar	4557e01ec7337375ee367f5881b296c6	554163736
src/arXiv_src_2407_037.tar	42fec85282a9d166405270510a341b27	527866304
src/arXiv_src_2407_038.tar	0d7940e668541bc30c18202670a9c8a7	610614727
src/arXiv_src_2407_039.tar	c73f4b30cfabd6a3c5799fea372f2452	577709446
src/arXiv_src_2407_040.tar	4e77c869bb8546cf790afaa6d3a01a6c	548874092
src/arXiv_src_2407_041.tar	f1795d88651a7b8573098743a6bc9f1f	525106095
src/arXiv_src_2407_042.tar	2c5c94fad86859a6694bd8fa37920c17	555236794
src/arXiv_src_2407_043.tar	2961f9033a7b2e8dbe96bfd08a5b4832	579175728
src/arXiv_src_2407_044.tar	f8f2096fbdcfc41339fce34af69b25f2	588943913
src/arXiv_src_2407_045.tar	7c4ea4ab45943fbc32ea31e761c3df29	525033731
src/arXiv_src_2407_046.tar	a87b9926d6b3ce32cdb0613652d3dac8	521759641
src/arXiv_src_2407_047.tar	53e7ba25f8bbd2b24d494b3b3ac4f3b5	534342396
src/arXiv_src_2407_048.tar	230d565f781719f9ff8b8aef958f8eeb	534017416
src/arXiv_src_2407_049.tar	eb95e3defd3dcc71ffac8b9575897567	557753015
src/arXiv_src_2407_050.tar	8b8273fc18c18afda16f9f82af47600f	518419791
src/arXiv_src_2407_051.tar	221c75ed12b4644b2ddc8cbac42cd95e	565325889
src/arXiv_src_2407_052.tar	00de0d7c9d56079fa628cd9b31ca93e7	582605850
src/arXiv_src_2407_053.tar	0a34f6640821cb364457a9646647773b	554656410
src/arXiv_src_2407_054.tar	830b6c97cf78c2dd9028ddd152e755c1	512869907
src/arXiv_src_2407_055.tar	5a7f96a56fc591f6f9daa21683914ab8	486300430
src/arXiv_src_2407_056.tar	d44b05afd8cf9404bac0b9b2276f42da	540654344
src/arXiv_src_2407_057.tar	ed98114d609fe741adada91adbee07c5	567397773
src/arXiv_src_2407_058.tar	c9426dde5a7219acf3b052af0d66c4b0	555352494
src/arXiv_src_2407_059.tar	f5a177bc650946ad0ff780b1ae6a9c66	524692856
src/arXiv_src_2407_060.tar	b47189bbc188791ab3f7ae5ff6b08301	516713873
src/arXiv_src_2407_061.tar	491a4b8baa808aa8ae58a8d8858cac80	535778296
src/arXiv_src_2407_062.tar	e12d20618ddc4967e7a16d6d895efe6e	559748073
src/arXiv_src_2407_063.tar	9fb449a3ab51bdef2ec11e084b313ac5	559448825
src/arXiv_src_2407_064.tar	06b557db34eb21ab7c61ff2ea227f6d7	605671259
src/arXiv_src_2407_065.tar	e074d9bd25d4aa74cc08e064b8e4bb2c	553926373
src/arXiv_src_2407_066.tar	a2004334e314a29a63b32fa805c9a2c9	540603747
src/arXiv_src_2407_067.tar	452b831767c7f5880cb0775942dd3cde	549401920
src/arXiv_src_2407_068.tar	9d1b2c9c83989726c57c5436bac5c0ba	574793456
src/arXiv_src_2407_069.tar	a8ddbb7c74befaa53cf39cd4c0457cb1	565627853
src/arXiv_src_2407_070.tar	5c57be3bfd05a4b537c96dd94cbdeeb5	528776940
src/arXiv_src_2407_071.tar	f7aace0f716c54a030a5ee3f97f1a91b	532771461
src/arXiv_src_2407_072.tar	1b3a6375d8e37d7aa77a5b7d0bd3e6a9	519377388
src/arXiv_src_2407_073.tar	d950797b2427235929590f58aac5ceec	577254758
src/arXiv_src_2407_074.tar	18e13475b085640ddd8bb2eee4789519	530927507
src/arXiv_src_2407_075.tar	d8c4d1d47c19a8aae77d361e66e3b5be	508855251
src/arXiv_src_2407_076.tar	a2bff6eeab65610f3bf4d69ba30ede8c	546757920
src/arXiv_src_2407_077.tar	331caf44afa0a0738e5156ed5ee68a25	521070598
src/arXiv_src_2407_078.tar	326865c2d8dcb758d5e171211ee25570	595528791
src/arXiv_src_2407_079.tar	eb7f846d732e1fe7101dd7879b885841	566570825
src/arXiv_src_2407_080.tar	66714b022623eafe86ab66bc845f4876	548976024
src/arXiv_src_2407_081.tar	286c3027df5b0e81007515acede41cc7	410579637
src/arXiv_src_2407_082.tar	9adc4d66ddadf8499fbd1475f69f670a	491004350
src/arXiv_src_2407_083.tar	8365e18ddcd065de37046250a88c66a8	526510552
src/arXiv_src_2407_084.tar	41ddacf8882ee931d56fa0b9d7de9739	596533417
src/arXiv_src_2407_085.tar	8ce17939ae1f9ffa1bd40082d5a77658	517278013
src/arXiv_src_2407_086.tar	967ad28a937d1557db4cf2d8715a67a7	530991343
src/arXiv_src_2407_087.tar	b2408105a695e22dd4664a17e9805f35	540264035
src/arXiv_src_2407_088.tar	241584086c467e8e5c9c375d504e4ea3	520895685
src/arXiv_src_2407_089.tar	f066b7c61fb0a7a6dfc394a184b1429d	578031855
src/arXiv_src_2407_090.tar	04e6a1a997d87713637e49ca91812a02	559341919
src/arXiv_src_2407_091.tar	3f46133c02687ffe6152653190cc0811	527268195
src/arXiv_src_2407_092.tar	368961593667df49f4a817a1ed701f85	555204736
src/arXiv_src_2407_093.tar	7fc861fc0ccc429a79733deb373cbbbb	598149704
src/arXiv_src_2407_094.tar	6626a715c9cc81331c39c8dc32837028	571417930
src/arXiv_src_2407_095.tar	af84d2adc41cba128444e6d5080fc256	541514904
src/arXiv_src_2407_096.tar	920fe1cf330d04475d560022f269e5df	537348064
src/arXiv_src_2407_097.tar	8f3ec81d04597054529e4b881efe4d47	544834021
src/arXiv_src_2407_098.tar	0f1e917113ea78929a561a6915e6e2a1	579722057
src/arXiv_src_2407_099.tar	497b03957555b9dcc2788b185cc48a78	499667952
src/arXiv_src_2407_100.tar	087384d1233192afeee363358be4a5d9	540435784
src/arXiv_src_2407_101.tar	025a9b73c301f03f429d41e5284a67bd	549174487
src/arXiv_src_2407_102.tar	e1630ea808cc2285cb2467063d3b13cd	558387648
src/arXiv_src_2407_103.tar	7cc7d850816ca74afb0d273df3d58503	494638629
src/arXiv_src_2407_104.tar	e66e896d75f98e06bd2e238fe0441b15	483142388
src/arXiv_src_2407_105.tar	f609b2762aa720a489222e3e0ca7e747	566136368
src/arXiv_src_2407_106.tar	2e2c3b3dac510c8c193c1768ad95731d	511486055
src/arXiv_src_2407_107.tar	4561db2658c4f6c8e6ad720055db6560	506545612
src/arXiv_src_2407_108.tar	ac53b22f9567c07aabf29fb8363850e7	503552646
src/arXiv_src_2407_109.tar	8b83b6f4cf151352bc61c3862675eb59	572853438
src/arXiv_src_2407_110.tar	8e285c1a4ebf25886d6e8157972486d3	566327489
src/arXiv_src_2407_111.tar	3c0110e5ecd09256aba800ee8fd9bf0d	514420852
src/arXiv_src_2407_112.tar	7068723ffbaf9993a02dfc389be5f1e2	528379318
src/arXiv_src_2407_113.tar	b8751710a04627469b3555cf31025f94	578772217
src/arXiv_src_2407_114.tar	71265c6129e0b5a554992abd8571bca6	550153228
src/arXiv_src_2407_115.tar	fe6c95a09dcee1ad510460bb33966759	533626808
src/arXiv_src_2407_116.tar	bcf94f93f09bc011b1f4290aafbb2611	520745922
src/arXiv_src_2407_117.tar	aed00909a09844be6567dc17de186c22	546504028
src/arXiv_src_2407_118.tar	e6a8f3aded89fbd875a07371f5e45e43	579816030
src/arXiv_src_2407_119.tar	9a59eb99752ab59fe85c93d894f3bf1b	537179813
src/arXiv_src_2407_120.tar	70c92bfc57e39345b17ead0e5ef9da99	554368397
src/arXiv_src_2407_121.tar	81d6ea9aac9806772908f2e32a067ba0	513201940
src/arXiv_src_2407_122.tar	4a5ca08cd21412517783b48fda0d7a82	567507316
src/arXiv_src_2407_123.tar	7801b77ccebd8221cd67ee38031a8b2d	558741935
src/arXiv_src_2407_124.tar	5d3fc4757fb973687e3af9babe612bc7	554060351
src/arXiv_src_2407_125.tar	d9518ede62a6c4277218681493e53f49	525155127
src/arXiv_src_2407_126.tar	56b993fb569655f3a655d2d1c729c5c4	539901183
src/arXiv_src_2407_127.tar	5fc64d82bba8b49f4a608c2e5b71ab73	552791865
src/arXiv_src_2407_128.tar	a20039a08086a94b463d5ed8a0aa3777	546479402
src/arXiv_src_2407_129.tar	908b22d5cdcb44786449601ef033ba05	543812651
src/arXiv_src_2407_130.tar	8f4031af16c3fdb5ec7fe5331accffef	554536688
src/arXiv_src_2407_131.tar	05e34919530e912401c18be7936b9e2b	479661446
src/arXiv_src_2407_132.tar	41bc34e072eb591f77f222ad96dd54b4	552474142
src/arXiv_src_2407_133.tar	85faba3f4f6d4f5db7125d55f8a3ee06	538126531
src/arXiv_src_2407_134.tar	c7db8af35fec2fbfc54461ad9cf991d8	524741258
src/arXiv_src_2407_135.tar	e7b2b3c201d834ff4b0ac3bd16ecd1fe	562733800
src/arXiv_src_2407_136.tar	f5806bf6518d36746ea617ee50329c5b	549273242
src/arXiv_src_2407_137.tar	b1e249b7b226bdb16777b5f9eb7d05ce	548348930
src/arXiv_src_2407_138.tar	5cdceb521ee4000e7b8fe351e0eb34a5	529778726
src/arXiv_src_2407_139.tar	4837c51b761240e9d3fc0f6bc4708977	476798513
src/arXiv_src_2407_140.tar	36a02fed58955bd88dc9b32f36ce39a9	545264489
src/arXiv_src_2407_141.tar	c870bfdf04e6d8f25e28583a15a15f6b	568656350
src/arXiv_src_2407_142.tar	34ff97940e53b96e27aa48ad312b454d	517931451
src/arXiv_src_2407_143.tar	bdd91495017257bb0773b84751c31225	539980081
src/arXiv_src_2407_144.tar	552224f28c522ccfe372d4ec4bc53915	554335357
src/arXiv_src_2407_145.tar	2fbfdf5249cdd143064aaa20f40f74e0	536759558
src/arXiv_src_2407_146.tar	e246d27387cb4366429da3ec46c3ab0d	554861326
src/arXiv_src_2407_147.tar	6b599d389ffd7296db89a9411d45718b	545889303
src/arXiv_src_2407_148.tar	00403ecfea4ac27cb546c3865ff919cb	551270028
src/arXiv_src_2407_149.tar	861f20366cfc91de68c1b573ffb1d4d2	537352967
src/arXiv_src_2407_150.tar	3494e1219deafcf5aeff2817ce62fb0f	553914439
src/arXiv_src_2407_151.tar	67fbbced1b67ed6a97eae2f5f73c00e7	546949443
src/arXiv_src_2407_152.tar	fe0377488c1eda282aea414ddb21ac84	530592578
src/arXiv_src_2407_153.tar	86b203ff3d4df9a2f6fc63b2869a7305	618249974
src/arXiv_src_2407_154.tar	91d9831ee9ad555d97b7892720adeee6	527918030
src/arXiv_src_2407_155.tar	901fbec0867791bdb02440ea0b529048	525407786
src/arXiv_src_2407_156.tar	90a9b9e2de2a3b196d322302a9ab941c	507823533
src/arXiv_src_2407_157.tar	d08ead26ae4bf3a775e3203150e6fbfa	521553797
src/arXiv_src_2407_158.tar	a7ac3e5b96fbcf978c5068c14a30a15e	536068349
src/arXiv_src_2407_159.tar	7adf98a61d766858c0e311679b6922c8	532798331
src/arXiv_src_2407_160.tar	bc5ee642714edb1684cd7aca9d2ad781	576683509
src/arXiv_src_2407_161.tar	1d007b6f3b842b22f31c790bd727999f	493772260
src/arXiv_src_2407_162.tar	980c0f534916cfb1a51497480a4a75af	548638107
src/arXiv_src_2407_163.tar	a502590c5f04601ca8b51a7494475479	520801662
src/arXiv_src_2407_164.tar	ad5a29ad54a924473a244a661d6c4c8d	485540651
src/arXiv_src_2407_165.tar	695e85e693faa74b588e472ab14a56ec	617651319
src/arXiv_src_2407_166.tar	68ee277efae4ab924f197786cbe87a81	578495778
src/arXiv_src_2407_167.tar	a127e345ffcb00fad18673c692b1cd22	570148006
src/arXiv_src_2407_168.tar	597a6359a3a7c1f9129a2cf6f1505316	575496477
src/arXiv_src_2407_169.tar	d8b0c4dd9f4aa89b809edd2d410f23a6	514443287
src/arXiv_src_2407_170.tar	dd6d30cccb6d298692bf14b4a667b6fd	556625697
src/arXiv_src_2407_171.tar	72d01d4e0e39b06f0281835de6766fb9	520394654
src/arXiv_src_2407_172.tar	9b8ddf10580c47bf6ac2af43e66303b7	569045223
src/arXiv_src_2407_173.tar	215e82b5206e5019f918780c1f61b32b	549292858
src/arXiv_src_2407_174.tar	66a22b8de3882fc051ce5b86443be906	548679964
src/arXiv_src_2407_175.tar	8ddd91566438fcd8fcee08ac062f84af	507765453
src/arXiv_src_2407_176.tar	c9298279d262621b6df375d7f01d7d7c	566370942
src/arXiv_src_2407_177.tar	1e39aa5ce7dd9f927c0d8c8c2a9985cc	465817599
src/arXiv_src_2407_178.tar	8fb9657b4dc7a61b31d15a46d341e06a	499437953
src/arXiv_src_2407_179.tar	59c73145ac39d9846320a5af42459941	635378085
src/arXiv_src_2407_180.tar	9f2a3723c75e8dd61ca6e8c84bd52cea	490214678
src/arXiv_src_2407_181.tar	093b2328627b4fe8757bebbd755b33d7	596502755
src/arXiv_src_2407_182.tar	e35dbc6328568cec4571c7a7388b1e05	543750651
src/arXiv_src_2407_183.tar	ba91833bff730b892d6458c7c37a329d	515446641
src/arXiv_src_2407_184.tar	ec4c70c7eda660e3c904dd8b47d669c6	263510838
src/arXiv_src_2408_001.tar	c7a374c1fdf86a64f0a8e94230d5f18e	591826567
src/arXiv_src_2408_002.tar	12f00411ae6ad4c4efe14f88c19aefa0	587334300
src/arXiv_src_2408_003.tar	a0b3841126a44744de4bb8865a3705e5	527830480
src/arXiv_src_2408_004.tar	1862437454ce536d4f040c24f377c7fa	493305418
src/arXiv_src_2408_005.tar	b9c483b0f7c7a4575af28968f7cc4cbe	518882633
src/arXiv_src_2408_006.tar	5df522a59617a4198fda6091528f7f47	522591517
src/arXiv_src_2408_007.tar	67952277386e050ad3aaa705e44c2db0	486816114
src/arXiv_src_2408_008.tar	77edcbeefc431b35501707f805ad1d45	529559259
src/arXiv_src_2408_009.tar	0529299773fc2e74a336ab41dd1c0a13	519431016
src/arXiv_src_2408_010.tar	36d6248e76f73871ceba2dce84098460	525840400
src/arXiv_src_2408_011.tar	aca1d000fbbaeeb628049a670b72f055	517953191
src/arXiv_src_2408_012.tar	d8abd9b832354ca8ca4e548feaf8ad91	542880081
src/arXiv_src_2408_013.tar	8cbae21338efa1b19de3baf78ded7e74	500560375
src/arXiv_src_2408_014.tar	db971d1a88ac096b88cf393a5f50834d	536424647
src/arXiv_src_2408_015.tar	f14907ab614dfe2c9301cc10c4b8b2a9	533685148
src/arXiv_src_2408_016.tar	c7c780492fbb632b87239e614c07a8cc	549086289
src/arXiv_src_2408_017.tar	ca12b0afa09fbe02fd16cbc89d46f657	531683435
src/arXiv_src_2408_018.tar	324facb66debb02a4ed4bccf274a95dd	530133717
src/arXiv_src_2408_019.tar	3895319dfbb4b114e2346927a7ff1148	556192513
src/arXiv_src_2408_020.tar	fb10ce44ef0681b5e80f67f00f1d74f3	466402905
src/arXiv_src_2408_021.tar	41859d5dfaeeb6a6eb182ceb15f621fd	522824895
src/arXiv_src_2408_022.tar	59beb575aa90152349050934b405569f	463393004
src/arXiv_src_2408_023.tar	a09a2743f1f88b5782f8cd771e3c0674	492363452
src/arXiv_src_2408_024.tar	852105cbd971b9d7a5c2ff8e96d1c311	533617935
src/arXiv_src_2408_025.tar	ba24ed33bb2e390c90c6b2577f4a2a94	551154116
src/arXiv_src_2408_026.tar	0943b1acc203ea67ac867ad220c0fb52	526813936
src/arXiv_src_2408_027.tar	df6f2fd29f67c81c33bcd15ed19463cf	538721447
src/arXiv_src_2408_028.tar	1ae177cc9643b6e7a6833148c7c6c63e	543388415
src/arXiv_src_2408_029.tar	41878a50c1f967b5f49e4e71b1b6f6d5	547864667
src/arXiv_src_2408_030.tar	06ed82a92fbc739880000a5a42db28d8	533432105
src/arXiv_src_2408_031.tar	454c315e1627419a1da220ab2384f687	557481158
src/arXiv_src_2408_032.tar	fcccbaa3663d81fe2105e1fa8794e346	540174416
src/arXiv_src_2408_033.tar	57ba136f6c79439ee693c0649de92ef5	576310439
src/arXiv_src_2408_034.tar	33d248dee8db649193340b1695429063	505193776
src/arXiv_src_2408_035.tar	b91a7f527d2af0622c8daa2155747cf9	530867518
src/arXiv_src_2408_036.tar	b91e5777b74779f245c50644b26135a6	549778290
src/arXiv_src_2408_037.tar	b38640d68eaadd0c598fda56e58341a0	525856747
src/arXiv_src_2408_038.tar	5d6a4f05f4eb0e889fc3aef9114aa44a	505626294
src/arXiv_src_2408_039.tar	0ac5f9c363be50f8bcc2157b2d90bf82	521786264
src/arXiv_src_2408_040.tar	e09da6bce2a1124f93bd4c3b99da769c	516875457
src/arXiv_src_2408_041.tar	24550999470c58c0ffd82e875f191b23	555594531
src/arXiv_src_2408_042.tar	81268d51d80237fe18fdc2dff3ccd613	596227141
src/arXiv_src_2408_043.tar	fa3df2b8ddaf4509e84f0219a864ccbc	554521914
src/arXiv_src_2408_044.tar	bb4ad322845b2dba19642f9779a030dd	508839067
src/arXiv_src_2408_045.tar	2973f9ca2eabde7cb896714837855aef	575980318
src/arXiv_src_2408_046.tar	5ac72af694e8ce3f6467434fe83b35a6	568143564
src/arXiv_src_2408_047.tar	0d2de6a4f274c83414ebc735856a3414	532210612
src/arXiv_src_2408_048.tar	7a305ac37274b6d2b407e03076003371	507736223
src/arXiv_src_2408_049.tar	8ec2e73a43a2a28746434d53bb9bd741	569929830
src/arXiv_src_2408_050.tar	e48278578b8ea594848bebe28f383158	536073181
src/arXiv_src_2408_051.tar	96c2459cc88afecd11af1cd0680af131	565947565
src/arXiv_src_2408_052.tar	d9db5a4777bca68f52660c63b863cb20	567407287
src/arXiv_src_2408_053.tar	de6b6da50d201d5bad0b1e8bb69d5258	526195082
src/arXiv_src_2408_054.tar	41f21ecfdc7aa78c7b19f4081161c388	509127659
src/arXiv_src_2408_055.tar	547b46fb3e645e223a8fcb6ce75d67ce	527664229
src/arXiv_src_2408_056.tar	e76333a86d950179971eda1a00593e60	531455104
src/arXiv_src_2408_057.tar	fd2d12f7e0f38a606bffc0266aff49a1	536608741
src/arXiv_src_2408_058.tar	eb101ba0b310d160735dd9e6a4503c48	623445536
src/arXiv_src_2408_059.tar	8953e966ce7683722db3eb43ba5830c6	558106778
src/arXiv_src_2408_060.tar	17fca7fdb4ca7b655a1901c560995d4b	527354326
src/arXiv_src_2408_061.tar	6dfab669adaf1c876aa8985e4506b5ce	534530289
src/arXiv_src_2408_062.tar	9f32cd2ba4baa6e39e2595e7f4d1c80d	532367286
src/arXiv_src_2408_063.tar	ec5815b2d2f6269cfb41bb97449185fd	439835986
src/arXiv_src_2408_064.tar	e24d017419f557664530ce499f0ef429	533461565
src/arXiv_src_2408_065.tar	7a0cf1433331022be3ea6cb7579bd1cf	643881524
src/arXiv_src_2408_066.tar	6dda63a18ec18665ef9d44209234f3b6	571366634
src/arXiv_src_2408_067.tar	e08d1d6803f8f2403c69751e9624602e	514069892
src/arXiv_src_2408_068.tar	95c72653593988abc26f7f99ca692461	530342398
src/arXiv_src_2408_069.tar	5d7432cac08daa4317b79d0d3c4c9b49	540194210
src/arXiv_src_2408_070.tar	b047cfb819470668376fb78dc9b276d6	506335529
src/arXiv_src_2408_071.tar	c9933b59e228ca2259668dbb24216afa	531810223
src/arXiv_src_2408_072.tar	bdf8e30fdfdc8dd0ffcf554ff7e9ee8f	534248963
src/arXiv_src_2408_073.tar	7fa043d038f47a2c9ecba76d7c0f4ff3	547493320
src/arXiv_src_2408_074.tar	f11e49b0d798100711d92973b6002b54	594858098
src/arXiv_src_2408_075.tar	a63fb1c1c6ef8ed67841cb28dee08f12	560561712
src/arXiv_src_2408_076.tar	ba6e45d37382792b7e3a51b9d53a559e	520454458
src/arXiv_src_2408_077.tar	d5ebee4af92d6664949211854e270fdc	538235109
src/arXiv_src_2408_078.tar	b54464ab15c4498357c18f820aa4995f	518974282
src/arXiv_src_2408_079.tar	529e13df4af8e2b796657111492de2b4	500625835
src/arXiv_src_2408_080.tar	c62669d7a58811d2f86763c7c490c58d	524921531
src/arXiv_src_2408_081.tar	cb10850f6053cf57e17564e0a366d758	527670949
src/arXiv_src_2408_082.tar	e2847b4703a5ce96c86f6961f70599f5	482578896
src/arXiv_src_2408_083.tar	42dfaf2668c89fa09f13c4623aea7b82	506583538
src/arXiv_src_2408_084.tar	ab600bc002cc5cf823add442c6887e6c	534998129
src/arXiv_src_2408_085.tar	72d6e1329792f059c3630cb87650798a	590567895
src/arXiv_src_2408_086.tar	bec6de234c203eb7f6fc7dc1cdee4c02	539939158
src/arXiv_src_2408_087.tar	478b99585394658d81299c99873d3c8e	477948525
src/arXiv_src_2408_088.tar	ef4004bccfce378301475b1cd7d7065c	510769754
src/arXiv_src_2408_089.tar	338462d8a009e173bd067dd4d135f472	561167283
src/arXiv_src_2408_090.tar	8b157ed14f927fd26f77d72d5a46d0b0	548432691
src/arXiv_src_2408_091.tar	6d012e89010a05a3997060794f480e8d	595433442
src/arXiv_src_2408_092.tar	afc4d531e82084f865b2d3c63b31c509	538563574
src/arXiv_src_2408_093.tar	9ee0fb4e7f24637fcde54af22794bdea	520259083
src/arXiv_src_2408_094.tar	61f02b624a38bb6f323237e8d9baa9a9	582364215
src/arXiv_src_2408_095.tar	1c101e794bbd1132c66877e2b1a6d877	500986195
src/arXiv_src_2408_096.tar	00d1d4331926d4da87add2caa07ad6d5	579053653
src/arXiv_src_2408_097.tar	a2b1f938ae09e91b61fdb7d7f8d0be53	553880799
src/arXiv_src_2408_098.tar	628dcbafa3b2ca4b5c5f4e7e4d3ab7ac	540973099
src/arXiv_src_2408_099.tar	7a82517e091f5ab218f0abd711fac504	508986051
src/arXiv_src_2408_100.tar	93d45097d8c336e33b3927697382cd5b	527058351
src/arXiv_src_2408_101.tar	854d160787998ca975eae66bcdb42e56	495798766
src/arXiv_src_2408_102.tar	a823a3d4069d599db067c0d111ef91b8	500928734
src/arXiv_src_2408_103.tar	8bfd2259f600e7ad433b2f2289780ae8	547718811
src/arXiv_src_2408_104.tar	7243e7f228b00b5a8701694f6ae38557	546115063
src/arXiv_src_2408_105.tar	965fcd7477011ef64b867fb8b88b377e	529175639
src/arXiv_src_2408_106.tar	990e8e6ba38c93250ea2ab28223dcf8b	586892756
src/arXiv_src_2408_107.tar	a7f94777ecc0d4f156f9a180809c679f	512711851
src/arXiv_src_2408_108.tar	db2e23384c35edb659995dd4d538d14e	525377549
src/arXiv_src_2408_109.tar	26698484f2422c74364d45f2424991b6	473071066
src/arXiv_src_2408_110.tar	879f71be07fcc2130d47e8bd27592084	524036994
src/arXiv_src_2408_111.tar	c267355a5109fcc9a910d4e7bac0d8e9	530747087
src/arXiv_src_2408_112.tar	600f5f08bb0fe36db839e200490f96c0	475631078
src/arXiv_src_2408_113.tar	a9071a6f8fff833ca53d83c2d65a79ed	559097640
src/arXiv_src_2408_114.tar	d7eb7727ee98fd6cdecaa04ce7ab1b37	472977843
src/arXiv_src_2408_115.tar	3af2f3dbabca347c327a0f42fa3e1489	505194613
src/arXiv_src_2408_116.tar	679d8676cc398b7e5bf16849903ed19c	547007993
src/arXiv_src_2408_117.tar	8428e96074186f98d7498cfb4f188209	539497076
src/arXiv_src_2408_118.tar	9863a1eac50275c4cec36161de3ab75f	491853367
src/arXiv_src_2408_119.tar	5adff6a7ec696c187f8e9e2162fb9a50	534232973
src/arXiv_src_2408_120.tar	d65b3067a7d5ae6ce18d7b4dfa49d7c1	586522560
src/arXiv_src_2408_121.tar	b7030d1c7bf350719a3e805f9b507b06	530408610
src/arXiv_src_2408_122.tar	b72075079523fbeb61212b687ec581e8	534448054
src/arXiv_src_2408_123.tar	8dbbc61820262b1254d4b6a8180f794b	514647347
src/arXiv_src_2408_124.tar	8fd0dd67fa84d400a9b928cd2507a0d4	561091236
src/arXiv_src_2408_125.tar	efdbfd28b2cabef96d7d270fa3b6a04d	568587995
src/arXiv_src_2408_126.tar	c251853e08d1b09395cb8b9e2eef1b5b	525193468
src/arXiv_src_2408_127.tar	f77bcfc7bb432ba31ca607cff7442a66	548332871
src/arXiv_src_2408_128.tar	39bc6cd4753db98b16bc68668fd3856d	539530451
src/arXiv_src_2408_129.tar	8b92e6f6c3c2e7b444ca38c682308bf6	545774668
src/arXiv_src_2408_130.tar	e83b5c571c4bdf540c9576faa3c22397	510153672
src/arXiv_src_2408_131.tar	9ebb345ec3bc280bbb87e5b2b83e7b32	509311912
src/arXiv_src_2408_132.tar	121e4d4c80aed729db542642d2eadfd4	479559546
src/arXiv_src_2408_133.tar	e7bd025ac04183c5da4010a1f7e88078	504456874
src/arXiv_src_2408_134.tar	46b7a51af6dad87a539ebc0506d12071	506279877
src/arXiv_src_2408_135.tar	cfd5176da43d8025dccfbf83eafc3b2b	495129790
src/arXiv_src_2408_136.tar	45577c179d2d1d3e87f3ed32274a2c37	573998159
src/arXiv_src_2408_137.tar	064f5a6780dfa5738b018fe1c8753349	498621473
src/arXiv_src_2408_138.tar	9f1b460270f9032176860157dc96c601	546955307
src/arXiv_src_2408_139.tar	2b21bd2e36aa0673805819208de9e6b3	556284424
src/arXiv_src_2408_140.tar	0cc7375eec0c454afea799581f092d38	510721815
src/arXiv_src_2408_141.tar	db0e76c8e4b41194ea4cbf11aba47eb4	547569626
src/arXiv_src_2408_142.tar	cbc29519a8e2c22b6c93818a6c4a7af9	527433533
src/arXiv_src_2408_143.tar	dfe7ae2b5bdb40769704cd2d5e0e7d20	562241726
src/arXiv_src_2408_144.tar	38c72375e45d356129d844a7aa9e8bb0	498079633
src/arXiv_src_2408_145.tar	9c74667cf8b8009169f736381e4b2ae2	226350528
src/arXiv_src_2409_001.tar	a6fdd3f122484791bc99235e4ec4c849	567001174
src/arXiv_src_2409_002.tar	761048d3d5c4a7858272585fcc075be6	531901856
src/arXiv_src_2409_003.tar	f20ab3ffb8d036b40d0407ad7de64ffc	556879336
src/arXiv_src_2409_004.tar	84eab86be883b5865227c4c4da4a7a67	596926185
src/arXiv_src_2409_005.tar	737dd8c87142a2a0a024708216132dd3	540121307
src/arXiv_src_2409_006.tar	c7e48dfcd21c90e0b6e3627313027a6c	533558922
src/arXiv_src_2409_007.tar	eeca4205c688a7b8eba6079be203b46f	512458937
src/arXiv_src_2409_008.tar	9bfbe57f9c9d1f63e4abfa7cb28aec18	571316196
src/arXiv_src_2409_009.tar	bf5e7f4fd289e6cf38ec8104e28f0fa1	554298220
src/arXiv_src_2409_010.tar	b37dd08dc147c70f3c35a9d72f9dcdad	572753904
src/arXiv_src_2409_011.tar	9e2029285bc0122a890ad21614c1e8ca	532584971
src/arXiv_src_2409_012.tar	b3ada7a2c5e5edbd208169a71466283f	534357662
src/arXiv_src_2409_013.tar	11b982e5514fe479bcfb94f8b35cc67f	529478128
src/arXiv_src_2409_014.tar	1888bb87b943f16c82f24cbf60242de4	532079216
src/arXiv_src_2409_015.tar	b6ab5127b0a08f3ea6986175d48cf046	542763484
src/arXiv_src_2409_016.tar	6a9cf5452cc0ff012eb1c708138a578a	564701864
src/arXiv_src_2409_017.tar	972ca9546eb4f2265fe2b78114b51aa8	519844284
src/arXiv_src_2409_018.tar	f3df1c763817fd5fa9ca3a131bc4ebf6	609187606
src/arXiv_src_2409_019.tar	ed3b189b56a389fd8593b817e39f7176	562237271
src/arXiv_src_2409_020.tar	4069f088a92620bd2be40d14686b4a1f	557094251
src/arXiv_src_2409_021.tar	232a8961aebcc2b11cfdc3345a14067d	525628858
src/arXiv_src_2409_022.tar	9e3fece72ee93b920a79debf286d18c9	568486540
src/arXiv_src_2409_023.tar	35090b0342f7f5a1c198549530443ab0	525514229
src/arXiv_src_2409_024.tar	0c72e210c7033dd8fd0bfeefed473c85	524770543
src/arXiv_src_2409_025.tar	37747c7db394aa249fccc986ef7874fc	510242687
src/arXiv_src_2409_026.tar	4355d37796b9f3657e9c859b402afc0e	533976970
src/arXiv_src_2409_027.tar	809eca091a33ead9a3deff213ad32068	552335424
src/arXiv_src_2409_028.tar	a56af048546ca4665ce84403008000d3	518472776
src/arXiv_src_2409_029.tar	9b7e0bfb390afdab1b70460b62720a86	513951685
src/arXiv_src_2409_030.tar	1bf255ac1f1419be96de5fa2ecc553b3	490896040
src/arXiv_src_2409_031.tar	20f0252432367e618c4ef4ae130d74bb	570645017
src/arXiv_src_2409_032.tar	622212bcbc3e282ea4c15077063339e1	525637597
src/arXiv_src_2409_033.tar	0bdbe1ec9c03403cb271f3627f261411	514537826
src/arXiv_src_2409_034.tar	79398bf91d55dbc281e4a3dd193a88af	638942830
src/arXiv_src_2409_035.tar	70ea1a5084fd937974896d1861d87874	533610385
src/arXiv_src_2409_036.tar	621f592f94da01d42000c416b5bec22f	577823068
src/arXiv_src_2409_037.tar	25a2ec95d77e46890485cac5c85368ff	524921301
src/arXiv_src_2409_038.tar	96a7ce7a73f054279d33cfb19e7670e1	524106179
src/arXiv_src_2409_039.tar	e4a75b01c459352b079024ded6787a77	528335647
src/arXiv_src_2409_040.tar	ab48f5ff0279e1845f854328451ec5c4	493031594
src/arXiv_src_2409_041.tar	845c0316d119735d446a4f69fab7e37a	525323347
src/arXiv_src_2409_042.tar	5b145fde75bd703906e6d35d3211ca46	516071203
src/arXiv_src_2409_043.tar	ac2f65d39ef3110b87dfb78c2441b817	524514982
src/arXiv_src_2409_044.tar	52ab6cd03104c78346eaa5debc3ef668	526599512
src/arXiv_src_2409_045.tar	3dbabd66696a50b9051bdf4b001c9270	552859910
src/arXiv_src_2409_046.tar	da5cbaf1393db778705d610043738df9	522636659
src/arXiv_src_2409_047.tar	4c0fda0e4018ba1cb0e027696d50a9b5	533335515
src/arXiv_src_2409_048.tar	ad33d847025f39034bbb5fa79f2e84b8	555337363
src/arXiv_src_2409_049.tar	17fbb2973c4a6c70eb1a6f237c56a30f	533374602
src/arXiv_src_2409_050.tar	e34e4646b905383824f97ba6c95607c5	545058890
src/arXiv_src_2409_051.tar	ed67836f68e8668347fb9967634b1808	528226780
src/arXiv_src_2409_052.tar	51206eca9ceff9889c97c7c26f752033	527048664
src/arXiv_src_2409_053.tar	33a6406adeab219c6042a1b097d4e14e	517264673
src/arXiv_src_2409_054.tar	d1e8d6c20ca4804efc2c0b6c7d6f09ed	533523050
src/arXiv_src_2409_055.tar	b210f751066f4f17f086165cb876a469	538143879
src/arXiv_src_2409_056.tar	d9139ad6f29ccd8c2b38a56dd755c9a3	512530759
src/arXiv_src_2409_057.tar	af25dfe24616b9276377303237856b60	516612033
src/arXiv_src_2409_058.tar	3e462d30c7136d7ec5ee1fe21a981152	532053789
src/arXiv_src_2409_059.tar	1415224c0261aa3324e25982e70e30e1	570074631
src/arXiv_src_2409_060.tar	7603b3950b1f89b16b70ed088df1fe69	553782779
src/arXiv_src_2409_061.tar	707b2af69fad08d164336c012b768ec5	554915147
src/arXiv_src_2409_062.tar	0f91c2fc1ba5b189bb4da00891a1846b	510567105
src/arXiv_src_2409_063.tar	04c764361485d6f2f295e5f19f0acf27	524323581
src/arXiv_src_2409_064.tar	24b5ae35bf8c11e59d75c9c1bf73dfe7	564765250
src/arXiv_src_2409_065.tar	6e2d4ca9666766d9d99ad9007a5fecd4	539260527
src/arXiv_src_2409_066.tar	b3b3daa150cc383d4fbaf05176774577	565620721
src/arXiv_src_2409_067.tar	8d863182bd31842a8c3abc17772cfc5e	535216405
src/arXiv_src_2409_068.tar	b3a049c3b69f50feb24cc9611e893ff2	529253940
src/arXiv_src_2409_069.tar	a855436a985ea7a6c3ad2f812667f4e1	553978943
src/arXiv_src_2409_070.tar	ac9aaf631e751611a58f9ebc84bd267d	529731629
src/arXiv_src_2409_071.tar	9b14f0b6bbc2563d22848d259fd6fbed	524841554
src/arXiv_src_2409_072.tar	625f8654774439f7056005b7b8636ee9	523394521
src/arXiv_src_2409_073.tar	3c37d2adafc88faf39b37add7c6f144f	572242779
src/arXiv_src_2409_074.tar	d70590ec208c31b10478a872b332d9f6	524680235
src/arXiv_src_2409_075.tar	591d62d75d3081c92d60158c4e871f0c	524266963
src/arXiv_src_2409_076.tar	4a0989dc59564fbaca449bdb42e7cdc4	528179903
src/arXiv_src_2409_077.tar	5318b5cc33d467783e4a276a4cf9f60b	529880162
src/arXiv_src_2409_078.tar	87230d47d5c493da78fcb170743ad3a2	542949554
src/arXiv_src_2409_079.tar	dcfdc6d43c8f4b6b4416291d51a88485	550573660
src/arXiv_src_2409_080.tar	1a292ddd23a1f95c20f96290860e3e30	534556889
src/arXiv_src_2409_081.tar	8d9b44adf0ede8c9c5d124c7f8ebebd8	559008282
src/arXiv_src_2409_082.tar	d1627edc5c177676cc706574f65a2c39	533542511
src/arXiv_src_2409_083.tar	093381b7200e859ab527c1171fee18a5	548707381
src/arXiv_src_2409_084.tar	f3f8b6dcd93f30edbb150166c2e93ccb	564798314
src/arXiv_src_2409_085.tar	0c6d0bc84ddee16f415b277be378ac0c	520230140
src/arXiv_src_2409_086.tar	88bffcce02e8095b9cfd10c2537fcd4e	562320842
src/arXiv_src_2409_087.tar	12a90da90fa49f31a95b921bc0b9f574	531053703
src/arXiv_src_2409_088.tar	b6b3a5cc550ecfe3816481de6685f3d6	543058570
src/arXiv_src_2409_089.tar	7a7e4fcafee4e94a08ad92630d094e4e	533624816
src/arXiv_src_2409_090.tar	fa663744db697455e6f27e1bb9d6299b	525980672
src/arXiv_src_2409_091.tar	c281782a42cb2ecfe9bbfc199bfe5bad	547249946
src/arXiv_src_2409_092.tar	518d120a872d1edca96ee0fec7fa3009	563875977
src/arXiv_src_2409_093.tar	8460b71a88744e9f1fc96ca564139199	589480836
src/arXiv_src_2409_094.tar	de0a1a89945581970ec59fd57171bd9e	561231412
src/arXiv_src_2409_095.tar	212c0c2e82771a4ef24c60a5244b321b	555891016
src/arXiv_src_2409_096.tar	2e0a03ad319946935552fad1f0830e4f	529201839
src/arXiv_src_2409_097.tar	7bcdbb984dddd4a8f133d0939366e9ed	521661288
src/arXiv_src_2409_098.tar	60c875a7559a28f353a692946af45a41	530704134
src/arXiv_src_2409_099.tar	ce89b8e9e28ab353b6e6763860add3e9	527523497
src/arXiv_src_2409_100.tar	7e55166667401149dc5be253e301a4d4	557008170
src/arXiv_src_2409_101.tar	297822a5d7cb6506e67b904dd518161f	549301231
src/arXiv_src_2409_102.tar	88287073f7dabb34780356e13750eb26	527116858
src/arXiv_src_2409_103.tar	2972653dda63d06580bd5d7726d3c49c	523546857
src/arXiv_src_2409_104.tar	b4ad21f4e692391684b58e7b894f72ec	531613375
src/arXiv_src_2409_105.tar	2e9df2453c3fddfe4981b8fda225ab1a	532879100
src/arXiv_src_2409_106.tar	e4225247c864c0eab4cd5db3413241dc	555418405
src/arXiv_src_2409_107.tar	ba103636daee294b997d8834af19704b	536370536
src/arXiv_src_2409_108.tar	eafd2d2467dee2980a276196a25d9618	604286636
src/arXiv_src_2409_109.tar	a49892a70a1932386a714146b5084c44	480409447
src/arXiv_src_2409_110.tar	3419bcb404ee085ce113e607f520fd1c	520791430
src/arXiv_src_2409_111.tar	3cc5690bd23d4e83f6ca6ed79ad36a73	515267494
src/arXiv_src_2409_112.tar	a3bd03c64139ed11d69cf4d4cece2dc3	515492986
src/arXiv_src_2409_113.tar	0e91dc7364d650524ce050b8d7a24ef4	528353328
src/arXiv_src_2409_114.tar	7d5b9c4c36a15b2ae9f4b27e6923a228	529217771
src/arXiv_src_2409_115.tar	9347c083abe99ca3bb3cb33c20486b72	542976773
src/arXiv_src_2409_116.tar	7e841c1599f462ad64f6c41dac131e3d	536374090
src/arXiv_src_2409_117.tar	c70249093aaf0cde9f34e5e62b5878bf	522748355
src/arXiv_src_2409_118.tar	402e1988380bbed78e110ef1ed4ea930	522575936
src/arXiv_src_2409_119.tar	e546ee053d1f1077d260fe6b23de4822	551002864
src/arXiv_src_2409_120.tar	dad0c0870fff42b4d1a0488171d2573e	539209176
src/arXiv_src_2409_121.tar	aba3e3afec3177576411c4cb9147ceda	525297152
src/arXiv_src_2409_122.tar	0a2390cdf5eef7decc74ec4fa1148239	539043084
src/arXiv_src_2409_123.tar	b758ded2143511821ec7c1421f501f4b	525599429
src/arXiv_src_2409_124.tar	2afb787d7a0c314f4f8f038987faf180	537746778
src/arXiv_src_2409_125.tar	3f4bb8c931908326bd83588b3a60dfe2	533200339
src/arXiv_src_2409_126.tar	4e80dc4b131311934f402c5db14e9eef	542826068
src/arXiv_src_2409_127.tar	9bd93d05811a4b4a23db4cc4c95f1250	529581117
src/arXiv_src_2409_128.tar	0a98c67843668731f9c74b91e56e4e31	530894031
src/arXiv_src_2409_129.tar	824d18c61e90e3cc17b2d783071678c8	525420678
src/arXiv_src_2409_130.tar	969fdf72980865168ac16818c9c52cb8	447135220
src/arXiv_src_2409_131.tar	952e4c94475b9fb5e178d70529f80f7b	542768402
src/arXiv_src_2409_132.tar	da28d6e3f5b0c609b5b0a83088f26166	538698111
src/arXiv_src_2409_133.tar	9d5ce1ff8f3932de38fd7d0540c453a8	527392973
src/arXiv_src_2409_134.tar	a7cf9060172b723be96ac18cd8576835	532565273
src/arXiv_src_2409_135.tar	91176258b75f310aa5cfc33b8ccfa720	560292009
src/arXiv_src_2409_136.tar	de592894355af3ff42bfaeb01ce92512	543380183
src/arXiv_src_2409_137.tar	cb6bc8168c2f4e9a7e75843103685e09	583043422
src/arXiv_src_2409_138.tar	404d4edef8ac68675caf1c646ad38810	543692137
src/arXiv_src_2409_139.tar	59f0e52dfe55ea10047a1e378428d451	510769017
src/arXiv_src_2409_140.tar	a2d63eb78fe96bdadb23752bb7f1252e	534646278
src/arXiv_src_2409_141.tar	9974737f5bc682eaab9617ec67e8b5f1	527347241
src/arXiv_src_2409_142.tar	6aa6af63d72cb83c433284fb77cc81c7	551817833
src/arXiv_src_2409_143.tar	f42530ad1ef14e428d1875b9bdcf7a1a	536041237
src/arXiv_src_2409_144.tar	d0afd41cdecab4de9bf640cfbadecdb7	525002812
src/arXiv_src_2409_145.tar	d49c2f27e991a0e873795b150a25bb25	507535325
src/arXiv_src_2409_146.tar	cb90d3f5937ad18d9a533ba0ac04a1d6	626444240
src/arXiv_src_2409_147.tar	e23131f5ff7142840e03b62837362b0c	524554791
src/arXiv_src_2409_148.tar	eeb3f74837fefa4d07a23324d4a6322a	550964740
src/arXiv_src_2409_149.tar	df65f819e9b398aed5c16c7f017cabff	538853712
src/arXiv_src_2409_150.tar	5595be3f3f271764c55038251fe1917b	654333375
src/arXiv_src_2409_151.tar	9269479dc085a563440e4b16e1cc12bb	529481764
src/arXiv_src_2409_152.tar	9bf92a1d60be274fc7f29e125fd2500a	530738986
src/arXiv_src_2409_153.tar	ff595cbe1797b46839a6729dd05ac495	496322487
src/arXiv_src_2409_154.tar	903cdc176ddc3ca54129427b24a96ecd	534855981
src/arXiv_src_2409_155.tar	73ef6ae338f4c1699b767b5e813997c3	570929207
src/arXiv_src_2409_156.tar	3bc427314d30c20e858ba7976660d907	519140565
src/arXiv_src_2409_157.tar	96f16bf8d7c10b9e16f9b3dee5f0caa6	586975538
src/arXiv_src_2409_158.tar	14153b7b0e0ce1c33e59489ee5d17db8	556252814
src/arXiv_src_2409_159.tar	9ef009af106c4c5fea7d8a03a3289443	547691534
src/arXiv_src_2409_160.tar	8a65d2466e71d7aac4eb9b51debcd2d2	553934906
src/arXiv_src_2409_161.tar	534d5586001d29f221837b418dfd485f	555004559
src/arXiv_src_2409_162.tar	799f5141ad054859ad9eab4b917558a7	554803556
src/arXiv_src_2409_163.tar	764f3b19ea7ad74198c8a11c1ec1b6df	559249453
src/arXiv_src_2409_164.tar	d3dbed418453431cbed255320fc713fb	533893250
src/arXiv_src_2409_165.tar	e7b2d0b3f7442114450c82308b7019b1	555031616
src/arXiv_src_2409_166.tar	a3705d025271a02db18893f063491227	546000901
src/arXiv_src_2409_167.tar	7d7e620932563ff53cd60c02b1567c4a	580727545
src/arXiv_src_2409_168.tar	477aa188f5d351d05f575f0dd2d8345b	549243906
src/arXiv_src_2409_169.tar	908f26db4311be80febee552e46c26f5	600796147
src/arXiv_src_2409_170.tar	ca76e15035189ef4e53272078c831860	476259222
src/arXiv_src_2409_171.tar	388c5b9f0a8d8c176877bd47289bfdde	506377796
src/arXiv_src_2409_172.tar	a19d2f5c7c9ef929dc54074f4ded2c23	570912801
src/arXiv_src_2409_173.tar	d4c07677248604a5460e443651dde1ae	447572623
src/arXiv_src_2410_001.tar	84a744e6466e3f1e6fff1e4aa7fddf0e	545244659
src/arXiv_src_2410_002.tar	ef7542aaaa68f3f84f25e96798d4f2a1	525607660
src/arXiv_src_2410_003.tar	19ee5d06acadc85a1e7f39a76406bfa9	516538284
src/arXiv_src_2410_004.tar	c8d72bc544ad9dd0f59e4a723342c2f7	468619993
src/arXiv_src_2410_005.tar	83d0c9dfe3549b67243f551ce09f69f6	536863609
src/arXiv_src_2410_006.tar	27fe1f65d0758ceee090a9d05c0a103d	556448129
src/arXiv_src_2410_007.tar	abb96d51a06ecc8dd3283d388fc88baf	593482372
src/arXiv_src_2410_008.tar	44b91862f3f551f22a876507c1403fcc	593972926
src/arXiv_src_2410_009.tar	0e6921d27a1e31766c85afac96a9c801	611290722
src/arXiv_src_2410_010.tar	cc4cfbcd73119db98ab54b6e227efc69	512391098
src/arXiv_src_2410_011.tar	abc54938526f06a77f43a01f5799db19	535396000
src/arXiv_src_2410_012.tar	819829dcdd5ca0c58b279e9e98f38d96	517262950
src/arXiv_src_2410_013.tar	a4bbf0f44b953844202f82284f9550f4	528996727
src/arXiv_src_2410_014.tar	976c2445f1d77101806fcab6e12a6d83	524469573
src/arXiv_src_2410_015.tar	d5fe7046a8fd3b3cc56835f79a01e337	538912735
src/arXiv_src_2410_016.tar	d0698438578ca297840d1516235c82c4	526010926
src/arXiv_src_2410_017.tar	8e1238de759321cb500b0cfbc45dc08c	533602113
src/arXiv_src_2410_018.tar	91ddf695077e8ac6673a8095af88e9c4	531765537
src/arXiv_src_2410_019.tar	a30ac980f109305e53071a75ec0068e5	525470284
src/arXiv_src_2410_020.tar	9a745d71ed9d6279a6a32c7787738908	566173792
src/arXiv_src_2410_021.tar	9df74b158a018528580b9cdc4b992314	523809380
src/arXiv_src_2410_022.tar	2a72bc79c5b05c6f9c0c31845db3b4dd	538097995
src/arXiv_src_2410_023.tar	2929c40ba71836570028622a65a9f248	565792382
src/arXiv_src_2410_024.tar	06a206a1cb5488ef33ebe2a5d2729612	556907679
src/arXiv_src_2410_025.tar	a59cde5fa5f2bd95163d7b6ddc392d35	529603351
src/arXiv_src_2410_026.tar	95b15f1b5d920323d9112a38a0eb189c	525811078
src/arXiv_src_2410_027.tar	bba7a5c08ee2a4715be2dbc0b8784d92	533123544
src/arXiv_src_2410_028.tar	5af045ad1cb6206710eab58bc8f4b46b	540750792
src/arXiv_src_2410_029.tar	6ea6620b1b182dfd80aab0fa357ef514	544704442
src/arXiv_src_2410_030.tar	5e74b7d226448f926ce6cd55d3f29964	525403200
src/arXiv_src_2410_031.tar	5b1f03d1d20a40d591e829799720d69f	525264592
src/arXiv_src_2410_032.tar	953fddbe4dd493a7e8345c35e63dc08d	541516321
src/arXiv_src_2410_033.tar	26aef01a9812275bdf3923bd3f692939	524956106
src/arXiv_src_2410_034.tar	99010f793854ceb9aea4f32015e2f6de	598102308
src/arXiv_src_2410_035.tar	9dbb1fb389302366d8d7bb56ec0b7ef6	505255960
src/arXiv_src_2410_036.tar	11088208d87b7628822ac21bfe79eaed	550925560
src/arXiv_src_2410_037.tar	dff90497ec75a8c5ec9b66d9b9b931b0	559700955
src/arXiv_src_2410_038.tar	b19055d6273b094632e4b0395de9f1ff	563528408
src/arXiv_src_2410_039.tar	234348568f48a0cfb2901714dd1d2734	544963374
src/arXiv_src_2410_040.tar	048043982aabc47ae635febc2f370f9f	572371073
src/arXiv_src_2410_041.tar	12f5ab625816e7bfb6ab43a034a6b26d	523979183
src/arXiv_src_2410_042.tar	c72f956cdc83083e8ad6a83deaa81e47	571866808
src/arXiv_src_2410_043.tar	924750a194c5a80c811ef7ec3a035edd	528808025
src/arXiv_src_2410_044.tar	b701d7458b5fddb7ed3ba01f6ea1d5f2	527644785
src/arXiv_src_2410_045.tar	46f209e1db87d9dea3903cfd210aa84e	566432016
src/arXiv_src_2410_046.tar	56fd09f20f5c690c17e0093ee78b2524	529465673
src/arXiv_src_2410_047.tar	ae71dab5d3d5401f36f9b89cb4f0bb1d	513966796
src/arXiv_src_2410_048.tar	fe71dfe53b9f9c3fefe480052cfe3dca	528721116
src/arXiv_src_2410_049.tar	533b10a977478624d103acf6e4166bc6	538293018
src/arXiv_src_2410_050.tar	d91b1661a580d3dfd09587f180e9f16b	553185511
src/arXiv_src_2410_051.tar	2c00d80bf80361164e9110aeeeec3174	538227041
src/arXiv_src_2410_052.tar	d4cfe6f11ba0439eb56f84a68a9ced10	524427606
src/arXiv_src_2410_053.tar	7c14a5a6c9a4a3b0713f70128f9223d8	633555396
src/arXiv_src_2410_054.tar	23eae50aca02823914224d201e012807	535267948
src/arXiv_src_2410_055.tar	a028464aa733b88608c3dc66aaf390e3	557523886
src/arXiv_src_2410_056.tar	c8673edd4289624f8a5089d8d9b01a01	511987404
src/arXiv_src_2410_057.tar	28507e2cb809399d1fe84468c3443d84	556989849
src/arXiv_src_2410_058.tar	b62f72ddeb7c53555f409ec8d1dc65d5	534826179
src/arXiv_src_2410_059.tar	5238fac3b9995c4531a2025f4402e13e	545883972
src/arXiv_src_2410_060.tar	afe15421ba4232da0aaf08b31127cd4b	523140645
src/arXiv_src_2410_061.tar	7d2ae08b142267b4658504491046f7ba	527368970
src/arXiv_src_2410_062.tar	ef400a6d46df4dca908014624db8fbc7	555795012
src/arXiv_src_2410_063.tar	68b6ca87fb060ce2d5fabb7e569d3aff	529025575
src/arXiv_src_2410_064.tar	94212d7f894de10c1f2199a28c0db7bb	532246052
src/arXiv_src_2410_065.tar	65d6a73e494fb965d1343ff61ef500b1	501416594
src/arXiv_src_2410_066.tar	bbe6a1ea7b712e10f7dde3f3e3760cd5	541027882
src/arXiv_src_2410_067.tar	6e20dc2a1fb482fb9d22c0aee3d2a540	554029672
src/arXiv_src_2410_068.tar	06edf767c6c22f61907e303d7ab535e2	601175781
src/arXiv_src_2410_069.tar	f00956841863e4b58449ba519ec2ad0a	531627149
src/arXiv_src_2410_070.tar	04a1abde0825c27ba3d0cc26172dc782	565144346
src/arXiv_src_2410_071.tar	2f8c4e21409851dfae0d5b0085f0e589	525806665
src/arXiv_src_2410_072.tar	e04006558cc19627732d1c0a6025d05f	541967531
src/arXiv_src_2410_073.tar	0b1d43848a9758dec997778a204e6c9c	504548132
src/arXiv_src_2410_074.tar	23e8ebca2f5197419b869a35fcfdb730	554663786
src/arXiv_src_2410_075.tar	97ffec097c6ed347ad83e5398c87a0cd	592699370
src/arXiv_src_2410_076.tar	f283e42c7f3b5d8bdcd1eecbe473e70a	545668575
src/arXiv_src_2410_077.tar	c6e6a0a6be90ff77eda0fd9fdbff7557	531808760
src/arXiv_src_2410_078.tar	4d7cce3e6d43c9121075cdc310b0cccf	526737400
src/arXiv_src_2410_079.tar	5c985e0bf3be7cc461eca1f023d1cd33	529039814
src/arXiv_src_2410_080.tar	d24a00972a39d95906b1411e30f6f2d0	524419780
src/arXiv_src_2410_081.tar	51ed7920ea057db3578210b97cc294b7	533841934
src/arXiv_src_2410_082.tar	d791e3a31cb37475ad81163938f9203a	578449837
src/arXiv_src_2410_083.tar	354834d2138a7ab27c5fdf547a78c013	572305684
src/arXiv_src_2410_084.tar	cb80c136b681392435ce4d999bf6cbda	538453308
src/arXiv_src_2410_085.tar	d033cc20748288e2579d859a2143a234	533447353
src/arXiv_src_2410_086.tar	bfc6b76c46c655661e350c4b4b5eb88f	513325515
src/arXiv_src_2410_087.tar	fe79a0b82003e9a6473922902d51a7bc	531196566
src/arXiv_src_2410_088.tar	ab9c8bf49a4cb8f47bbe0f0718e186b7	550451981
src/arXiv_src_2410_089.tar	055a62c424c7cbcdca6a5600a521f9e6	531343437
src/arXiv_src_2410_090.tar	ed73db119d47e5e18d54e21125a349ae	547943048
src/arXiv_src_2410_091.tar	acebfe6af95dcadd02df338a9fd6d1eb	506418935
src/arXiv_src_2410_092.tar	41e1f27993a8d951d45dcb6b0c7a5bcf	534175988
src/arXiv_src_2410_093.tar	8a6e43d40436c3c2d424ef25a7159e8a	542023528
src/arXiv_src_2410_094.tar	9ce15815b6a61d1b3ef97f1306999a29	542114478
src/arXiv_src_2410_095.tar	88d8ae517375023010f7154285b3bd05	559076213
src/arXiv_src_2410_096.tar	30c1c58789fd3d4bff0abb97435096ad	537971540
src/arXiv_src_2410_097.tar	75d46fd538e23acc127c07db64ca398f	526409251
src/arXiv_src_2410_098.tar	f783c931292100abbcfd5ceb9f2b9f66	534612939
src/arXiv_src_2410_099.tar	a92c22fac1a606fbf8ebea974e88df70	545760374
src/arXiv_src_2410_100.tar	376e2796b19344301731329703168d0d	524895725
src/arXiv_src_2410_101.tar	69e02636111386dd6740a3887a897a9e	559269282
src/arXiv_src_2410_102.tar	efe11827e1098b5c7ee7b4ff4a330ce3	542365501
src/arXiv_src_2410_103.tar	87f9bd6c4e8cb1f6bb027c6f06c8c8b3	504735728
src/arXiv_src_2410_104.tar	4eadafda29deddf4c48085b0f98bc712	506326500
src/arXiv_src_2410_105.tar	5719b62989e83f50d3c70aa41375b6d2	525093348
src/arXiv_src_2410_106.tar	6a3070944962459784748f639fd99fdb	538716824
src/arXiv_src_2410_107.tar	8c034d2d6b605f39e1615fd7e9ec7f10	528792033
src/arXiv_src_2410_108.tar	ccfd6d1c8924a08d42ed2fadb9ecade7	550801246
src/arXiv_src_2410_109.tar	01ff5d0f066fe3deffba60dc4538d735	513381231
src/arXiv_src_2410_110.tar	f12aacab640fc5f3fcf055e1dfea3b84	501887835
src/arXiv_src_2410_111.tar	b77653fa72a63c298e1ac8c5461589c9	538115624
src/arXiv_src_2410_112.tar	67f362378e59da8b5a98d278b7a16428	599207759
src/arXiv_src_2410_113.tar	65ca511f819fddc2a8ba8013ab5ea2c2	534584484
src/arXiv_src_2410_114.tar	4fa470f44a35af23895e6489a36a954e	538338340
src/arXiv_src_2410_115.tar	d8a910e891c8f4dcfe9dc1870997d44e	527992260
src/arXiv_src_2410_116.tar	6549f909828026ed848598d67b32f87b	515135923
src/arXiv_src_2410_117.tar	d5b8d9c93d7524bb642f83697c3bc3bd	539217561
src/arXiv_src_2410_118.tar	ca53058c2b315594a38008f31ace1c25	596325531
src/arXiv_src_2410_119.tar	76fd241beb660828e092e74c2a3ecef2	529985359
src/arXiv_src_2410_120.tar	293aae9ce5b38ed8d4656b5d13ab60a2	570440354
src/arXiv_src_2410_121.tar	904ed8b85591f796e42a6f6aaa4c0687	511525789
src/arXiv_src_2410_122.tar	240baca7540104d3af4fbdb641ce2474	544107023
src/arXiv_src_2410_123.tar	91ec0e87c352cf070e5247e2ef1def78	498789627
src/arXiv_src_2410_124.tar	13d889d4cc68c6c0c4c6378726319af2	549214110
src/arXiv_src_2410_125.tar	f4a657d6386f8bdc038d5de55a950457	601410402
src/arXiv_src_2410_126.tar	ab503cb34b9315cf4b2304a52d3976d6	568880249
src/arXiv_src_2410_127.tar	e78f5e077927f674a6dbbf942f00541a	471287638
src/arXiv_src_2410_128.tar	ac04910a58addca94debaf7e6aa5b589	525852162
src/arXiv_src_2410_129.tar	5da92eb1955ae19bc95878a850e40b44	524358468
src/arXiv_src_2410_130.tar	b7ffccc6b175ee920a2e5e64ddd3c273	499108701
src/arXiv_src_2410_131.tar	96f141fbad8a7ca3834b1dfddd2dabc2	503029193
src/arXiv_src_2410_132.tar	52db8beb9e8d4f75df8ddbdbd4618187	534473233
src/arXiv_src_2410_133.tar	343d2e6dabe52c52e6233ceb60ca6eed	508597942
src/arXiv_src_2410_134.tar	e3cacb7ef1a5ba5332fff1baa848ba55	527283053
src/arXiv_src_2410_135.tar	2277cd67bb8ea44c1fdbe8412806bc6f	526540859
src/arXiv_src_2410_136.tar	6963af63c5fce05fa3f11a4be996a888	565165465
src/arXiv_src_2410_137.tar	7ae1bbfebbef658e20985998438986f2	554536896
src/arXiv_src_2410_138.tar	3810a34861c3c12f9812e203e779c4bb	593764266
src/arXiv_src_2410_139.tar	cc9ba113334d2a230f9e6f5306c09a4d	552473863
src/arXiv_src_2410_140.tar	4280ca2a824d10eae900ad0df924b1dd	613370925
src/arXiv_src_2410_141.tar	e591c388f6a5faf4e7f820a27bcb57b0	558759338
src/arXiv_src_2410_142.tar	940aa1ff47c9c9ecf38d00f929c7b32a	557002772
src/arXiv_src_2410_143.tar	195ae3a0258d07b15df2ab3c1f343af3	575919828
src/arXiv_src_2410_144.tar	d59de95daccc8298a884182dbb75edeb	549965694
src/arXiv_src_2410_145.tar	2c3f343c216d65d2feb3e7685658c6a3	480751880
src/arXiv_src_2410_146.tar	f0333986131909c9c86dddf47f08d5f3	499602389
src/arXiv_src_2410_147.tar	7ecc1e8ca215afdb95464eba7b327067	579522630
src/arXiv_src_2410_148.tar	bc3917be33c93489a99805dae69467de	524252797
src/arXiv_src_2410_149.tar	a4f129b484dee9fbe4aad331c74a5669	525262029
src/arXiv_src_2410_150.tar	7734f0028c9e24a3c7519c1153e4a4c3	583944728
src/arXiv_src_2410_151.tar	585e97125de980b5c32fbbb3f41e015a	520458392
src/arXiv_src_2410_152.tar	e929233be85021143ec14ff5fae5c1ee	542059798
src/arXiv_src_2410_153.tar	6980ed2a541c66c607a841d95ddc8adb	562749605
src/arXiv_src_2410_154.tar	95bd65879442b0e0a3cd24bd8ab0887c	525083235
src/arXiv_src_2410_155.tar	e85a893f8a5301f15c69512c0a6659b5	524313247
src/arXiv_src_2410_156.tar	70d9b0316b0500d19081a22303aee13c	484213828
src/arXiv_src_2410_157.tar	1c86add6c6b22ef6048b9d1736a7f2ab	625068094
src/arXiv_src_2410_158.tar	0734672e0bae69cc39b4c64a86f23fb6	571825179
src/arXiv_src_2410_159.tar	2363568a809dbc0b164841d5a57384d3	524945814
src/arXiv_src_2410_160.tar	1f4053ee92815045cecb93e1a49ee745	544532784
src/arXiv_src_2410_161.tar	51d77fec96a667cc2954746b144ebe04	527307207
src/arXiv_src_2410_162.tar	19181ef344fc75f56686e45cc75a8bc8	550649010
src/arXiv_src_2410_163.tar	506251a639b49f52a6da5abe4aa5465f	538673805
src/arXiv_src_2410_164.tar	2b3a499d5bd85de3c0dca64620dfa2bd	543518025
src/arXiv_src_2410_165.tar	e61b6ac604c348bf6c3b4d94819dde89	513094955
src/arXiv_src_2410_166.tar	04a849f5b31eefd2c67627ae45e95ccb	532799608
src/arXiv_src_2410_167.tar	0965c1719f371b3535b6424df705cfc4	539252485
src/arXiv_src_2410_168.tar	938d0c9703251ec39cfb706e626bad90	528652198
src/arXiv_src_2410_169.tar	c32066c49ef3818fae7dd6cfa4b96362	548471277
src/arXiv_src_2410_170.tar	fde8172141e2ae272b04d9c84306d67e	575757673
src/arXiv_src_2410_171.tar	14ada3119393ab05e83e3ae5dff4e319	572266362
src/arXiv_src_2410_172.tar	95789da6db99c646d8fe1c5cefb046d0	600407527
src/arXiv_src_2410_173.tar	36f36498d2db2bdd8b689d89b9d8d1f5	536160751
src/arXiv_src_2410_174.tar	8540752aef98c57d453bcd209894d877	533929645
src/arXiv_src_2410_175.tar	30747f4567e62692571ab9912ae1514d	523832510
src/arXiv_src_2410_176.tar	d2b80dd1de823bf48d07276c52eed9f0	560666080
src/arXiv_src_2410_177.tar	fe0dd6ae99761c2534a5a25a18c89209	525252737
src/arXiv_src_2410_178.tar	4708cb4d127f441b876320ad943d245a	535738333
src/arXiv_src_2410_179.tar	25a90e7769868fb175697b42ae8da79d	517416694
src/arXiv_src_2410_180.tar	ee2e969a24aaddf64403a63f8a514e5a	523163717
src/arXiv_src_2410_181.tar	ab999ae253c673c9f2b9aeaaab244af0	526478623
src/arXiv_src_2410_182.tar	5f8cd7022ee23934266e0970443264ca	530989827
src/arXiv_src_2410_183.tar	2bdeaa2a62683fb9eedf1b02f395249e	499076090
src/arXiv_src_2410_184.tar	19703c84536f9aadd6170279ad73abc3	624415815
src/arXiv_src_2410_185.tar	223d976eb7e6ba60985a6b31f10ea23b	558245099
src/arXiv_src_2410_186.tar	cb273aa88abd413e301a27926142d407	547946944
src/arXiv_src_2410_187.tar	1bb88d889e3958349a95fab785b23332	562818140
src/arXiv_src_2410_188.tar	7001591afd75a16880266b68bec35dc8	540328123
src/arXiv_src_2410_189.tar	21fb1996111a16984e9eaef6156283fa	555429038
src/arXiv_src_2410_190.tar	b3bf055b6782bcc06c6bc3018dc10c25	529933755
src/arXiv_src_2410_191.tar	0b3c1e5717aa26c942c0298aa227297f	529799865
src/arXiv_src_2410_192.tar	b5452fb480f22d9f9d4bfa837772848e	535205221
src/arXiv_src_2410_193.tar	17d29bf89049c3e366ae538d00bbd61d	529075252
src/arXiv_src_2410_194.tar	2fbb4451567cf0ed2333912b26234701	530800900
src/arXiv_src_2410_195.tar	de23f5fcf5919e995d05aed2e75090b7	527064097
src/arXiv_src_2410_196.tar	0d6de6f2a12398003cbf1b1d3221a7b8	600489964
src/arXiv_src_2410_197.tar	44032d3f59f84da97bf32637c548878c	546774743
src/arXiv_src_2410_198.tar	f796a458f339654e3ea8be04668b93a7	524593787
src/arXiv_src_2410_199.tar	99f2ba8b18ccb9bf82e244bd8defdbe8	525625002
src/arXiv_src_2410_200.tar	55fd70204ea1936c9fb6805c85507895	544831879
src/arXiv_src_2410_201.tar	186f851bf1aec0ef8f7be12ea1f4a785	547899866
src/arXiv_src_2410_202.tar	93a0e140b30ca3727cafa3aa196c9211	368045966
src/arXiv_src_2411_001.tar	c85ff2d289be700b21452ffb7e61eb73	526066301
src/arXiv_src_2411_002.tar	bb3a033475b01f362cdfe3be516a1a38	532368145
src/arXiv_src_2411_003.tar	5dcec3c1981ff04fd47ae6eaf890d696	517944805
src/arXiv_src_2411_004.tar	2969398256953869042847e490083de3	526912817
src/arXiv_src_2411_005.tar	207a9c6e2e670716bc55170560c25871	537423222
src/arXiv_src_2411_006.tar	8c5549c62d4747d39a113928c2d1cf4f	529780430
src/arXiv_src_2411_007.tar	6a3552fff996991916f5c23f46694db5	567954171
src/arXiv_src_2411_008.tar	f71d912c518e5a73e4cffe4144e9d7ab	532612528
src/arXiv_src_2411_009.tar	2eacbc617c5d527258c18073acb40301	524583209
src/arXiv_src_2411_010.tar	bf5e4d2dba47760deeba0664017ddd65	549870363
src/arXiv_src_2411_011.tar	bbf64ee16411150e6129ad3bc336ae72	525647320
src/arXiv_src_2411_012.tar	0a66fcd251a1fa7b178bc661b50a1ceb	528026695
src/arXiv_src_2411_013.tar	268e3cefb26a45e75417654975611ab9	526822545
src/arXiv_src_2411_014.tar	f5a22909f49fe3cf2042fc6886a6cbc4	569074182
src/arXiv_src_2411_015.tar	e70534f3efe05c2e1b9c92776c3ecdad	496623802
src/arXiv_src_2411_016.tar	aeb66b3db8cb2f05ddb20fa88f6b4622	543942118
src/arXiv_src_2411_017.tar	a41ca601e594e5df6a7a0d7e970759a2	563491966
src/arXiv_src_2411_018.tar	a24d04e1cf0d0963e54f098662d2cf34	530226641
src/arXiv_src_2411_019.tar	dee226f1d9258645180849e0353baf67	518870648
src/arXiv_src_2411_020.tar	06aa474349f8512695f85b1e78d608e3	531174373
src/arXiv_src_2411_021.tar	ffa1a062a58c28069ed734c3dbd9ce3f	589585353
src/arXiv_src_2411_022.tar	03f4462c9bdfae16096680e366e5c7cb	480643186
src/arXiv_src_2411_023.tar	f021b2c48090d55ea78d6e7a9f524108	515727254
src/arXiv_src_2411_024.tar	c85890702701704e7cf8265ddab5f045	520210728
src/arXiv_src_2411_025.tar	c98637d684716b950743a72e7f5ca1ce	534240416
src/arXiv_src_2411_026.tar	4cd475b9907a589c85458adf953a9e1f	535674944
src/arXiv_src_2411_027.tar	58a8224865926d1462d2675af76c9e17	529398090
src/arXiv_src_2411_028.tar	21e37d61f30c00700471368320fc48c3	500243896
src/arXiv_src_2411_029.tar	5e4c65e1509db05f98608a6aaf5b3f91	456635417
src/arXiv_src_2411_030.tar	ff1aaed4470d36e0fb0a2963598b912b	542696330
src/arXiv_src_2411_031.tar	0632bfd081e11ca6b0e678b0145afeba	544103405
src/arXiv_src_2411_032.tar	4a1f7f6471369de8d9acf3ff895049da	510021026
src/arXiv_src_2411_033.tar	7396c3f928520cfc740cc8d184ae9fda	596209864
src/arXiv_src_2411_034.tar	a926cf25e4a2200a8611aa0efa837ff7	546089233
src/arXiv_src_2411_035.tar	372512faeaf6914c965311ae0d02942e	545450859
src/arXiv_src_2411_036.tar	a3f9117a0c05c2e94c9a01cec7d6c905	491877070
src/arXiv_src_2411_037.tar	58d1af6a4155bf28cad5d93209667d76	499050953
src/arXiv_src_2411_038.tar	fc6cb8a9bd06d3f347c32041e7de9c8b	543764380
src/arXiv_src_2411_039.tar	62b8861c51018e502ac9f9dd713ce023	526965564
src/arXiv_src_2411_040.tar	fb5138b50842d532cc01e0d79c6877b8	525175664
src/arXiv_src_2411_041.tar	fb60797eddf7205be6fcf8f583af1eae	527890474
src/arXiv_src_2411_042.tar	a0625fc8bde6b16ab1d9a73324ebbeea	528676044
src/arXiv_src_2411_043.tar	b6fd4b02ad4693fa0b445e86f3e98215	526947806
src/arXiv_src_2411_044.tar	abc56eae544c2d57204e0e5d0f7bd170	560260869
src/arXiv_src_2411_045.tar	9827eb34a22fbde7ddd2f76bbeeeb419	535326073
src/arXiv_src_2411_046.tar	42001803b720fc88c6f37b443951facb	607388044
src/arXiv_src_2411_047.tar	309d589c6011392d6ba822e3d2cf3e39	595200855
src/arXiv_src_2411_048.tar	e390172cea7d8e52516bbb27837be2cf	532791146
src/arXiv_src_2411_049.tar	669a0fc63949873282057908a88da849	529208552
src/arXiv_src_2411_050.tar	0bb819ab2a09ae8c1b245518e7f5295c	517488404
src/arXiv_src_2411_051.tar	73c895abf931edca11df12313fdcfe56	495933643
src/arXiv_src_2411_052.tar	4a20c74557b5514d84b39bd1deb83faa	504394163
src/arXiv_src_2411_053.tar	92f6ff6618ab53f9b1c4ba764d50f43a	588955044
src/arXiv_src_2411_054.tar	549b446af019f9350f98399400f7f5b3	533469955
src/arXiv_src_2411_055.tar	8a287a87db8b0d79251af962f75e8d4c	525296159
src/arXiv_src_2411_056.tar	4692ae900f09e0451a3174b1998e54e6	568414263
src/arXiv_src_2411_057.tar	a490d5f49f3960200e4b513f633e7d08	527621830
src/arXiv_src_2411_058.tar	dc0b3d4f3b1635cca3347c3ff420c7ee	534919100
src/arXiv_src_2411_059.tar	6f277d8ab2ee628bef1abfa4de585756	552443004
src/arXiv_src_2411_060.tar	c1ba1a6ad867341492d1dd5b9a96268c	528853746
src/arXiv_src_2411_061.tar	92453aae17b6cb2187f35465e3708255	556480958
src/arXiv_src_2411_062.tar	b474d6c6746f79db9c4eb699849867b3	540029526
src/arXiv_src_2411_063.tar	92a2d60324b6aac42b0686c108500d6b	435929196
src/arXiv_src_2411_064.tar	d6a54cf9437abe0cebc74da79c25dd7d	530435268
src/arXiv_src_2411_065.tar	e8934fc1803d21391b3d682b6c099386	530179476
src/arXiv_src_2411_066.tar	d2ebdd5b3fa3feedbf7d618654cdf44d	653699619
src/arXiv_src_2411_067.tar	884bc39bd649be57807760e4cd5c52bc	523726773
src/arXiv_src_2411_068.tar	e9e5cf7d6e5f4c828d1046384de6e540	546452574
src/arXiv_src_2411_069.tar	94930a59711224764064b3f360c1f9b4	540591136
src/arXiv_src_2411_070.tar	ba616eb016ccff3b5052725cfad1c79c	525746632
src/arXiv_src_2411_071.tar	e9f13b050bac38b4ecd8c23fcbdab6ce	534218969
src/arXiv_src_2411_072.tar	a614ecfa89f9dba9ca537e1cee7338dc	557560461
src/arXiv_src_2411_073.tar	57c1a16feedf0a0f595c476b046cf0c0	528487676
src/arXiv_src_2411_074.tar	c547ce6a90417f0803fa2e8a52ce2c0f	575071556
src/arXiv_src_2411_075.tar	142c721731fe96b6cafe4bbcd38f4818	555938676
src/arXiv_src_2411_076.tar	d41f6270b77a1526946084f39177ac0a	589875389
src/arXiv_src_2411_077.tar	f5ae62d0c7dd16c6495c28d44a8dd650	540235986
src/arXiv_src_2411_078.tar	6b6cf74825f23a4837c0e271ce50b937	530778034
src/arXiv_src_2411_079.tar	e94810b0b9ce5cbd8016b04500cabe48	529657139
src/arXiv_src_2411_080.tar	cae477a1139e9743f6a8fd4d9caf4e29	581324556
src/arXiv_src_2411_081.tar	453abbe39aeba77e857e5c970fe63b96	539114517
src/arXiv_src_2411_082.tar	961b3506f4b9da003202769898c979cc	541521683
src/arXiv_src_2411_083.tar	7f0249386bd9087e5980475a7b8f0159	531448929
src/arXiv_src_2411_084.tar	c83a61a8a46c2a914aa8e3d9efab7c82	548796335
src/arXiv_src_2411_085.tar	429883e99c93525af8075cc7bf53ca4e	469978756
src/arXiv_src_2411_086.tar	cae349cef6265b813e43d3539e45f151	588916696
src/arXiv_src_2411_087.tar	6c3b7f9f2475184fbb733db887cf5932	539116307
src/arXiv_src_2411_088.tar	cae647b142890410fc7279a14e4a591f	529776076
src/arXiv_src_2411_089.tar	159a18ed75530b5ed0e0bd23121bae02	525432183
src/arXiv_src_2411_090.tar	543e65184cf80665baf3635aa2174ea7	561229039
src/arXiv_src_2411_091.tar	eb956edf1798af7ed64913e415ad1e41	530910552
src/arXiv_src_2411_092.tar	a73f0905ddb87e24de54e5ac2f6e7713	528215670
src/arXiv_src_2411_093.tar	e344fd2f0c7778e772ca694afce69d0a	555494374
src/arXiv_src_2411_094.tar	cb266ca765d0d37d51adbe9f3c8629a2	565077098
src/arXiv_src_2411_095.tar	dc865090cf04dfab54d5bb3db117bd5b	551630251
src/arXiv_src_2411_096.tar	6db11df521b6e7b709ff413a954c7370	494427034
src/arXiv_src_2411_097.tar	15cae34f954d8595e3ea7cd2ae389fc2	525380211
src/arXiv_src_2411_098.tar	5b2f0103ab152d4fdbc072ebfbd4467b	544516959
src/arXiv_src_2411_099.tar	d5cc8a6c678695087eae905ef315c647	541966552
src/arXiv_src_2411_100.tar	86b3c742bd2cf575e1cd23f98f782cbe	533154738
src/arXiv_src_2411_101.tar	f80a6c8a41b0a2864ed1a840c460c596	507076856
src/arXiv_src_2411_102.tar	a3c94af00d6aa553622e3ccaa882f7d7	488801408
src/arXiv_src_2411_103.tar	79fa6feb85b91c01a5e188d7083fd045	546946323
src/arXiv_src_2411_104.tar	e08adb829490576f2c2d64139d15d9b0	562207727
src/arXiv_src_2411_105.tar	ba5dee4cff4d4fe602bc294d00a2a010	523158718
src/arXiv_src_2411_106.tar	57f1814c6a76cdcc600302761cd8ce09	570454545
src/arXiv_src_2411_107.tar	23cad6a86c6ee8cb602a8544aa8fcd01	518747939
src/arXiv_src_2411_108.tar	29c00ace18c83cf5a749425b3d8679b4	529286435
src/arXiv_src_2411_109.tar	61d3b6c620445df2157d4cbf24290950	525347772
src/arXiv_src_2411_110.tar	72851b6f9f2a44b40862d6ac9f00149c	512273546
src/arXiv_src_2411_111.tar	b0d85c99428483e2daec954816ff74cf	604985072
src/arXiv_src_2411_112.tar	4d3211411213e16671c9486460a15ca5	517656847
src/arXiv_src_2411_113.tar	cfe918cec6150bae4a874e9bfd6151a5	560117209
src/arXiv_src_2411_114.tar	4977110f5c3aba2f6733b9bc3dbbc0c1	543207813
src/arXiv_src_2411_115.tar	4eac8f2ee8c3b429b9117cbe86f552b4	528628372
src/arXiv_src_2411_116.tar	e96f581ac67f9b04b8547f3f4923c67d	534493139
src/arXiv_src_2411_117.tar	68dc08b400e052f72dc27613c3538fa3	540681505
src/arXiv_src_2411_118.tar	e10f23d61425818bfdd28b5a2a1c68d0	537636462
src/arXiv_src_2411_119.tar	536e798cbb37cdaaaf921afbbd33f88d	524976791
src/arXiv_src_2411_120.tar	f64595552e098dc7c62c6513165d58b6	538962575
src/arXiv_src_2411_121.tar	428d90f8e1798b759cd9febc3a37f6a1	525342002
src/arXiv_src_2411_122.tar	aa4693b136e6ba2d379413e3b0f49030	536512736
src/arXiv_src_2411_123.tar	66a29e819dee259955eb4b5a790470f8	531879798
src/arXiv_src_2411_124.tar	85f3106b830ba01128f0637e1de86671	558690297
src/arXiv_src_2411_125.tar	2e351299a23843a8726ba13927a0d566	538308498
src/arXiv_src_2411_126.tar	650f5bdebd63162e4d9ade211257cfc9	563949503
src/arXiv_src_2411_127.tar	68b2dbaabfcd9ab6eb8ceb85ae313c7a	534087103
src/arXiv_src_2411_128.tar	e261a9011d8e8e01e3806967e4371442	523318601
src/arXiv_src_2411_129.tar	45dc2184e35a5a85a2c61d77cda51e24	564547127
src/arXiv_src_2411_130.tar	cff86297e8a90422315984ca8439b0f5	548401946
src/arXiv_src_2411_131.tar	78947b1c33fbdb54a47f70d59bffd37a	580216863
src/arXiv_src_2411_132.tar	2db41e4a62a2c3bbe5697b1037c7b84c	518680563
src/arXiv_src_2411_133.tar	d489db8a452ae5ce88f5e0bb6def79b3	539688553
src/arXiv_src_2411_134.tar	6207d3e6968b054e8605261984e7c3df	508882460
src/arXiv_src_2411_135.tar	a2e7485455e170ad5e9669a06c6c8f94	556716674
src/arXiv_src_2411_136.tar	f29658b5125248367df61a843b9dec76	526205396
src/arXiv_src_2411_137.tar	da08cc139b79a9c9d6218fb77640b158	463242797
src/arXiv_src_2411_138.tar	bbad96bcfa97402556a4196c9ea18762	492878829
src/arXiv_src_2411_139.tar	123e23831e5b83d740e7a123eb30e49d	532283199
src/arXiv_src_2411_140.tar	fcbbca74d8593c8bb7c21a5d4cff6e1b	542869252
src/arXiv_src_2411_141.tar	1dab47a05af2649579eb95b5bebaf29a	598475333
src/arXiv_src_2411_142.tar	d9815c187fe769bb1e38e24ec2788b91	557658718
src/arXiv_src_2411_143.tar	e18529510c03148d9b6f717eb4f42a1f	519201063
src/arXiv_src_2411_144.tar	bbf5be0efe3fe5aef1d364c4b900ceea	562848463
src/arXiv_src_2411_145.tar	e1baccb8249b7029e4c9f1639a558b34	523522575
src/arXiv_src_2411_146.tar	409b07c731bf05a42221baeef9c7f281	529486054
src/arXiv_src_2411_147.tar	77edc0a3a63bf8632cfb128554531ecb	520745650
src/arXiv_src_2411_148.tar	b2e6ba84be67110d5cf7f24725065e0c	513528798
src/arXiv_src_2411_149.tar	ef2c27b727611b72c81f2c999201a93c	543893201
src/arXiv_src_2411_150.tar	8a2da3d02293efa37feb52631431fe1b	528638369
src/arXiv_src_2411_151.tar	8219bdb25b9db543dd0b06e9481f4bce	509955576
src/arXiv_src_2411_152.tar	b65544ac63a0babf9e2f5c6c271c3a26	479696710
src/arXiv_src_2411_153.tar	d5bf7bd03f0533b548da2fbab123923d	537084043
src/arXiv_src_2411_154.tar	f36241ea164df738dba29fb215587054	532036704
src/arXiv_src_2411_155.tar	a9794b85c395f144df14aac4477561c1	631259989
src/arXiv_src_2411_156.tar	d224dafafb575590240bfa3a216ce0e7	478697587
src/arXiv_src_2411_157.tar	2bf07532d79f1d5bed1eb3226a6a36bc	549374886
src/arXiv_src_2411_158.tar	5682aa464341b43380fd75b49f253cd0	525558470
src/arXiv_src_2411_159.tar	c5cf7ea08ef8f18469bcdb7a3f1ccdfc	529385164
src/arXiv_src_2411_160.tar	4b9c31bc04d915bf671672400ff92ab3	552265351
src/arXiv_src_2411_161.tar	2bf687620056380f72259c4493090869	538220097
src/arXiv_src_2411_162.tar	0b4fc03c076760afd9ae5c7f2d782a9a	529505657
src/arXiv_src_2411_163.tar	0d0ce732a39466ef3c6fa70c5faf7da0	530184518
src/arXiv_src_2411_164.tar	1efb493a999239bca692d7ecea473d8f	537029058
src/arXiv_src_2411_165.tar	f099d817eabc0b405486d6ecd31dfc6a	516268233
src/arXiv_src_2411_166.tar	3a5fb69fa694c98e87d5b86654cafc10	571039631
src/arXiv_src_2411_167.tar	43fb5927296322c13ade25172883416b	525975204
src/arXiv_src_2411_168.tar	25ae88274038a5ed0e0f8796c54fef70	500139360
src/arXiv_src_2411_169.tar	17bdb578e4df387ac1478506f58767b1	505289146
src/arXiv_src_2411_170.tar	18cc8aa8cca309f13b38223734b02b3e	277247409
src/arXiv_src_2412_001.tar	d94a238d7bf33355ac47b13a780afe9c	494003889
src/arXiv_src_2412_002.tar	46f4da76951e8b10f81ad6b2f21eef50	536590524
src/arXiv_src_2412_003.tar	ee97b86b8b6ccbc419c1ff8c7155cc22	534235372
src/arXiv_src_2412_004.tar	ad55f2ed5eb88b68752cbdd653641166	564235170
src/arXiv_src_2412_005.tar	de78d224db0d980213a9b42b40726607	509526717
src/arXiv_src_2412_006.tar	6893c8f3ee1aea109c9a9192c50a67da	547400677
src/arXiv_src_2412_007.tar	d3c7c57d20e791b69ab620f2ebd3fabc	525364706
src/arXiv_src_2412_008.tar	92c7ad78859e5ebee3e6bd2bd5785bb0	540592999
src/arXiv_src_2412_009.tar	2a236ae69118348f6359bd1fe3d64356	532041740
src/arXiv_src_2412_010.tar	d140b2d4db300b10f833ddd4403ae0c6	539244829
src/arXiv_src_2412_011.tar	c0ef4d6bf406c7e83442768ba9ebf53a	497110482
src/arXiv_src_2412_012.tar	0d3cf9c4c58262160fd0b54442f54a5f	544547929
src/arXiv_src_2412_013.tar	6e03c1feac2bdc674efa9666e6abc85a	513784371
src/arXiv_src_2412_014.tar	287ca6dcfda09fc2f5918915fdd4dd35	494369126
src/arXiv_src_2412_015.tar	980beef7efe012bdbd08c837f0c97639	513826170
src/arXiv_src_2412_016.tar	4503aa5ed5dc510141ee67ba33a7f137	615645079
src/arXiv_src_2412_017.tar	69c5e7c8480d6a33ace08694e64c15c4	551028374
src/arXiv_src_2412_018.tar	7767156c324ac423681ff4ccc6f1a83f	546625115
src/arXiv_src_2412_019.tar	f7c4c6b129a9ba47edf6a5fee3b3feba	555137314
src/arXiv_src_2412_020.tar	fed5a62877dbe59fcdf144a1b0cffd6c	550016215
src/arXiv_src_2412_021.tar	7ac6f720f039d7378334877eb24197d7	518208101
src/arXiv_src_2412_022.tar	5d3d21aaf082b6148990db0e80f57349	524668862
src/arXiv_src_2412_023.tar	fd10b197d04fcbb2de5fb4e0f557cf0b	526356544
src/arXiv_src_2412_024.tar	ad11d1c06be5632bc9fb0bc962628ce2	548824978
src/arXiv_src_2412_025.tar	87ad5fb9a627f4bed1343aa5374e96b2	520847467
src/arXiv_src_2412_026.tar	86ebe9733417f97483a4a1b587ab8c9d	512281533
src/arXiv_src_2412_027.tar	0310459880b53e1db9600b69ea75b47c	528299246
src/arXiv_src_2412_028.tar	a006a4f3710d6b09cbf4f0c032729f97	554479887
src/arXiv_src_2412_029.tar	9bcefb7b841f1b3e3ccc1e75c215751f	536994288
src/arXiv_src_2412_030.tar	c58645d7eca53574d36b601607717447	516252741
src/arXiv_src_2412_031.tar	a6556e8ff7bd322eac1fdeaa08df66bb	542455682
src/arXiv_src_2412_032.tar	23ed0f39831bb21c77a6b1d146f513e4	565587397
src/arXiv_src_2412_033.tar	d6bd708050857dc4de637227cb9e81b9	520543865
src/arXiv_src_2412_034.tar	7970b7ac16cc9ddf283d9acfd6f8153a	533511705
src/arXiv_src_2412_035.tar	2eb7107c9715c86c77546b1e90fbd460	517503332
src/arXiv_src_2412_036.tar	70a74fd67faecee8b7a0af1917ca6c07	549236684
src/arXiv_src_2412_037.tar	24adf00f800bdee1c318e1f0d77257e1	526919907
src/arXiv_src_2412_038.tar	67e9259f5f8a4b4c5b4fb428ae1f9cd7	505651517
src/arXiv_src_2412_039.tar	2eda1b3168926e8807a45db8fa3fa7f2	587145507
src/arXiv_src_2412_040.tar	bd65bb73117910bee19208818fe434dd	544784265
src/arXiv_src_2412_041.tar	28a2e0d93329f141def61f2e5aa9a1bd	540342652
src/arXiv_src_2412_042.tar	d8c6cad389195f2cf3c8d3360ff08595	454484487
src/arXiv_src_2412_043.tar	0e0e600087fd499b0672b8073635e280	528094457
src/arXiv_src_2412_044.tar	e02272948b98843191134c55552f8def	502520140
src/arXiv_src_2412_045.tar	1fe5f2f9a649c1a35d65e368b9bf8298	541290670
src/arXiv_src_2412_046.tar	fde8dc8e64764b3384b0a69ab082d858	576927085
src/arXiv_src_2412_047.tar	e5184be4db21e7a1a4a8298ba8799fb5	532542221
src/arXiv_src_2412_048.tar	90addca2b7449aea6ea2ada74e676f67	594515994
src/arXiv_src_2412_049.tar	0295a5e2543739e9cd961b93d05a2bef	525976415
src/arXiv_src_2412_050.tar	a8d1aec9839612214a3df877f58e5b46	544300897
src/arXiv_src_2412_051.tar	fe378c8d64113ecc16bc6e71034fac3d	556990251
src/arXiv_src_2412_052.tar	3573168f6d6605abeec9cef43a0014d9	527670440
src/arXiv_src_2412_053.tar	d03b0ac66bbe5bb39585227cdfbf86a5	532090634
src/arXiv_src_2412_054.tar	c9a8f0ec8842cc080e69b250b178c785	514104570
src/arXiv_src_2412_055.tar	8d3d20c725a8e8e3986be8e2118fa3b9	529737771
src/arXiv_src_2412_056.tar	d5b0017d53c978d0d477d355e528d21e	542639380
src/arXiv_src_2412_057.tar	9bbc276e6e1e830b9178f9c2ded97d9e	521204043
src/arXiv_src_2412_058.tar	210b45b786596b5a6379cbc2d36dbfcc	543807380
src/arXiv_src_2412_059.tar	d7d1a0767cca3ff33c5a67e17283ed2e	501850706
src/arXiv_src_2412_060.tar	782836e721690442e119d9f68de554d3	542228790
src/arXiv_src_2412_061.tar	e040a09aecb0ba98af79748464fe0447	561096260
src/arXiv_src_2412_062.tar	a0727840008a2b255bf4222e55851f4c	470715354
src/arXiv_src_2412_063.tar	4feba80506cb6a067e46cffe4dd39e1b	524573544
src/arXiv_src_2412_064.tar	d446efa83b82d6f912c4e2f13134a3c2	565966662
src/arXiv_src_2412_065.tar	dbd61aca59df0a72a5a83d16080afaec	540147108
src/arXiv_src_2412_066.tar	f069241239e073df33cd0ba64e47e680	538843141
src/arXiv_src_2412_067.tar	0c19132b40ef097e7741fca09b6d6e9a	522294843
src/arXiv_src_2412_068.tar	e40b63c14095bad43aaaba4573fdf1bb	523838239
src/arXiv_src_2412_069.tar	d59515197ca3d4659a161ede16eccd5b	538517995
src/arXiv_src_2412_070.tar	58319ef0254055f013b37849771795da	545824021
src/arXiv_src_2412_071.tar	c3b5236cc8e08bd67be00e7a27832efd	580166642
src/arXiv_src_2412_072.tar	fc3c5cbdb667174bf6f6fe9a4037ccda	556121257
src/arXiv_src_2412_073.tar	b1d7c3be09fb095910b6464d8120b65d	529415786
src/arXiv_src_2412_074.tar	3c5bf102ad322d8d9518946bf6e9dd44	550582001
src/arXiv_src_2412_075.tar	64304bae3578c6a40a4a4270ef461ec6	567473636
src/arXiv_src_2412_076.tar	ded62b703eae6e7cdd6dac00cb711f63	527213505
src/arXiv_src_2412_077.tar	ca7f15c22fed81f2a85aeb686535cb02	525363044
src/arXiv_src_2412_078.tar	e9e904e47d530dd6ec00bffe0bbf2f8c	493850850
src/arXiv_src_2412_079.tar	04b869a2e111a69a7ffef8b020f6bf5e	527898313
src/arXiv_src_2412_080.tar	ee050c393dc7b5369807257e5e1f36ec	528832010
src/arXiv_src_2412_081.tar	409412e2867c40f23387a4d0f942d3ca	507380239
src/arXiv_src_2412_082.tar	e28affd69e8c91e04938d5ff991415b1	523868115
src/arXiv_src_2412_083.tar	b26e45a98dd894082c0ebb1c49338da6	534005956
src/arXiv_src_2412_084.tar	81934f27f601a8c5977a5b4996c334d5	578992638
src/arXiv_src_2412_085.tar	c6c646ab11c4eaa61c3f027c06acad5b	549255539
src/arXiv_src_2412_086.tar	32fb613c4057c2469af7eca91a603de4	543532724
src/arXiv_src_2412_087.tar	0be37b879f8fed612aed2fe1c32a3c30	538730489
src/arXiv_src_2412_088.tar	93d21b083bc1f6903a131f9ff33e4892	537573400
src/arXiv_src_2412_089.tar	0b1c938292350be7a46be441dbea9a96	543357741
src/arXiv_src_2412_090.tar	3ca309469e45574f68af1043cd363444	534933484
src/arXiv_src_2412_091.tar	43eaa256c02819c0b2f68d2800572f4c	557382824
src/arXiv_src_2412_092.tar	788d1a0058434d1fdd608c114d41ad01	508240798
src/arXiv_src_2412_093.tar	591e1d70c1da335fd62693924070472d	538225050
src/arXiv_src_2412_094.tar	ff7d8d674a2f549ebfff0e65874ea972	554280142
src/arXiv_src_2412_095.tar	77817924042e5268bf15767a7408e9cb	531130118
src/arXiv_src_2412_096.tar	02704cf4959412e3a6788cb6c041a3fe	615063966
src/arXiv_src_2412_097.tar	0b7820f89c55b7d660fe218482beaf7d	527463595
src/arXiv_src_2412_098.tar	4d36cd19ebb867634cef0d792f52cd86	535467916
src/arXiv_src_2412_099.tar	09b92cfe718a70d8c6b911aa48fbe419	576178613
src/arXiv_src_2412_100.tar	71ce30fd0224ac93839ce5049c669ce7	529313262
src/arXiv_src_2412_101.tar	f41ac5e7a6040212066b068ccc31fc65	525654149
src/arXiv_src_2412_102.tar	1b1e3e492683e434163c28a874e1b732	513376474
src/arXiv_src_2412_103.tar	3ac3a1f7fcbfa2b67bc3940939794f6f	538071223
src/arXiv_src_2412_104.tar	e85a6419ad9eca2e3797380a6c6e88aa	521695270
src/arXiv_src_2412_105.tar	d8e506c4d6e6dca7522662b7c3d1023c	526439907
src/arXiv_src_2412_106.tar	aa76abb9bf95513baad02644a9a42637	509062749
src/arXiv_src_2412_107.tar	dfbb3d61ce759f5d825d4504de98a96c	510636403
src/arXiv_src_2412_108.tar	04b97fe7dd5ff85118dbfd7de0d26fb0	526071733
src/arXiv_src_2412_109.tar	f09abe8513e1cab30326f095468c84c5	560621266
src/arXiv_src_2412_110.tar	4ad8d7e91053d8fbdd088a7488362bf8	509326712
src/arXiv_src_2412_111.tar	2022f5a17c337d4e118e616bd8f581f1	505975617
src/arXiv_src_2412_112.tar	a8672f1cb58c53d17fdcb969c992fd34	539560019
src/arXiv_src_2412_113.tar	f09fd09d2f2e278aed58b766ec2d02b3	504323371
src/arXiv_src_2412_114.tar	fa8b4f943e31d05cc23b27cdeac18fad	512941682
src/arXiv_src_2412_115.tar	d1eef8fbc50420d107ed6d4d4a9ef45f	557158465
src/arXiv_src_2412_116.tar	2277c645bc685b6cf05cd2f94dd29b25	542632866
src/arXiv_src_2412_117.tar	774a164fc4af02ae11fdf8345c2eff3d	525936509
src/arXiv_src_2412_118.tar	1dbbef16e3b14278630afe454546b9e6	520795578
src/arXiv_src_2412_119.tar	453c0e8e7c5e0cc13a0053df38f01c62	547951941
src/arXiv_src_2412_120.tar	99df5022b850b7289a192360fe1a9737	550792947
src/arXiv_src_2412_121.tar	d98ea85b5865c4e1f3022fec26ddfd40	527448123
src/arXiv_src_2412_122.tar	16785f3bed5a22e03b2808da7c62a61a	532779103
src/arXiv_src_2412_123.tar	cba7038ac822dc54a27ccd330bdae1cb	520048059
src/arXiv_src_2412_124.tar	e7edf583a3e7b182c4ed9e532ce268d7	549940584
src/arXiv_src_2412_125.tar	9c0759223be3644633808b9a1fc9023e	537959697
src/arXiv_src_2412_126.tar	79997777c2c36b6d26d99b12ae323af4	515104215
src/arXiv_src_2412_127.tar	d6e270cb39d78eedc98c8f9c97b3bf7a	524662039
src/arXiv_src_2412_128.tar	34c3a8510cf9512a2111159fc5054324	517942045
src/arXiv_src_2412_129.tar	b3bae7932b670ea743ab27979becf34d	525523563
src/arXiv_src_2412_130.tar	4cc4a5738a280191bdad04556aa3be5d	542935197
src/arXiv_src_2412_131.tar	3e79c0f357ffc40bc589120e56c85cfc	492182841
src/arXiv_src_2412_132.tar	42a81730fba4585cdfb336aa4d87abdb	521443948
src/arXiv_src_2412_133.tar	6529584c6728a5bf244c085c3bc26150	455460238
src/arXiv_src_2412_134.tar	eb9581649f84e57238351d576bd0f240	521223841
src/arXiv_src_2412_135.tar	f92e81a97a9770e4fd8e4ccfd96e1af7	551373085
src/arXiv_src_2412_136.tar	cf34e9b0e895f37d33e161b4c08b7904	572698761
src/arXiv_src_2412_137.tar	a98f822b9437bbe38bb8facf62e2841e	504371920
src/arXiv_src_2412_138.tar	980449fe9782c14f08d7d67fca7445d4	530820191
src/arXiv_src_2412_139.tar	c71fcee175f5231bbb2764cc704b9f71	601232955
src/arXiv_src_2412_140.tar	83fc13f57206847a7b1798b47c96a126	531755136
src/arXiv_src_2412_141.tar	56c162c57ef81e3a9c313e088f4f48fd	499331765
src/arXiv_src_2412_142.tar	52ab43268de1b069337d4c227e093d35	559339230
src/arXiv_src_2412_143.tar	ca7fe69c551880b71cca196614bdcc12	583391063
src/arXiv_src_2412_144.tar	4fb9a1d4fa0f381d49ba0d85f7cbda50	516866775
src/arXiv_src_2412_145.tar	323f62e4326d593827e593f94fc4007d	484149366
src/arXiv_src_2412_146.tar	fdd6ab8c1c4df760693866814213d36f	564058596
src/arXiv_src_2412_147.tar	77b29cd0632ebb31dbd087db781ecfa6	535924212
src/arXiv_src_2412_148.tar	fd4058b8ca9b0c9832d7b18e8e7b4753	487851169
src/arXiv_src_2412_149.tar	f60e854f9626a3273291ebc917e18bef	571900145
src/arXiv_src_2412_150.tar	66886799534d96c2381893cec7933446	479383721
src/arXiv_src_2412_151.tar	1c9fff9cf4785a09aa933393bef23951	534874334
src/arXiv_src_2412_152.tar	4adccdb93715d466417e22e326ef332c	570815439
src/arXiv_src_2412_153.tar	f7399d2100da9432df72452bc0e23571	548581051
src/arXiv_src_2412_154.tar	aa3f9a676b4e5f766070ac9d0f55effc	611819854
src/arXiv_src_2412_155.tar	be39ee7d699e1a74b2cec974474b677a	531720507
src/arXiv_src_2412_156.tar	2a75dcbcd2e752e88f29c3d63efbd3ed	547612523
src/arXiv_src_2412_157.tar	a29078c04cf3c4e6d608ea6f293a1d9b	510059347
src/arXiv_src_2412_158.tar	c6caa5565dc0fad3e297d7446c4c97b2	528292167
src/arXiv_src_2412_159.tar	b2af57ca678587351c53ed861acd71b1	531404780
src/arXiv_src_2412_160.tar	ef4a0ce954b0e33af06615e3b4053190	536849923
src/arXiv_src_2412_161.tar	df538b4150daab9a2f36253b3eec6beb	469138279
src/arXiv_src_2412_162.tar	3c7d2173b16a81b3941170058c7bad6d	515608877
src/arXiv_src_2412_163.tar	414c01325eeb84934691ab5026f0c388	474666118
src/arXiv_src_2412_164.tar	9bc3f9252f7d05e9169e84b3d3741e2b	466973325
src/arXiv_src_2412_165.tar	a7e29a4abbc62490d0de70c7066af206	543853234
src/arXiv_src_2412_166.tar	71eb3186eafa229c5412a9161dbff848	526206432
src/arXiv_src_2412_167.tar	0dd8d0181f8b5cd940d94aff676aac55	542064320
src/arXiv_src_2412_168.tar	6297e0aa6d858eb0aee12722b8b26666	523386133
src/arXiv_src_2412_169.tar	c1c9e4e0e44c7b33dbd488cdd0cef0d7	540763679
src/arXiv_src_2412_170.tar	de6a1d53a1a9575985198deb099ec7e8	535153401
src/arXiv_src_2412_171.tar	bc13a3df09f1ff4d50196ca7f1e2bb4d	578944656
src/arXiv_src_2412_172.tar	70548f309620d41eafcd961a2c455fdb	507999398
src/arXiv_src_2412_173.tar	5bb868b7c8040391fac94ed28a4bdc7a	524923446
src/arXiv_src_2412_174.tar	e0ff6a07f4d83f75ddb51dff82de30af	522487143
src/arXiv_src_2412_175.tar	405cd6e41fa00c47e9668a44af01bb59	551932921
src/arXiv_src_2412_176.tar	4ef0d0fc8c69ab9a8d58d8c8168d9226	495811942
src/arXiv_src_2412_177.tar	429b3bf3f6e2be9c95b237aa00ba9428	538096585
src/arXiv_src_2412_178.tar	cf17e8b31b747a2e39852f9fe1f24b2f	542163632
src/arXiv_src_2412_179.tar	e6b893219f4febaa6f77e897140c99a1	557622133
src/arXiv_src_2412_180.tar	cae856499d08ebe1f540cada70be44c4	499720970
src/arXiv_src_2412_181.tar	7875f9e89ae59e1dd5f3c3e2a69958d5	564536271
src/arXiv_src_2412_182.tar	666b37c6ab49cc7df7d5c089e6d00b5a	582678611
src/arXiv_src_2412_183.tar	badc24c7fb4d2d22c6ca815d4d3807ad	496835211
src/arXiv_src_2412_184.tar	754c2da8071fdb39a09c457c9717feb1	460943590
src/arXiv_src_2412_185.tar	d4722dd1696580c09f471647999f63a9	517997050
src/arXiv_src_2412_186.tar	a0002fe292e3126b551cb197d853babf	345184092
src/arXiv_src_2501_001.tar	4d2dcb4a447e831efae24838a6b673cb	510195215
src/arXiv_src_2501_002.tar	b586b8f3398c21404e2b0314f9caf0d7	524427717
src/arXiv_src_2501_003.tar	655e99c67937b61098388ba684a00952	525797115
src/arXiv_src_2501_004.tar	a296209978aaf1f44204a149c510ea27	541175660
src/arXiv_src_2501_005.tar	785393e3be24e88965a25934aa68ae3d	537732133
src/arXiv_src_2501_006.tar	6831cdc03743933ddabc5a81dadffd27	560571710
src/arXiv_src_2501_007.tar	f2b18519a0dd4b3056df677ced9530b7	543199379
src/arXiv_src_2501_008.tar	37fb95ff61f1dc06a0b2e9fc24ae9ce3	476711529
src/arXiv_src_2501_009.tar	21b821c2121eec33cf462c0a6fab3623	477629423
src/arXiv_src_2501_010.tar	ea7bcb827bfdefb2e38cd81f7cfcdff8	520371275
src/arXiv_src_2501_011.tar	d7e66d751e585a541192e00fd39af426	537857711
src/arXiv_src_2501_012.tar	7244640d9af3bfe9b319177ca5206ed2	498434342
src/arXiv_src_2501_013.tar	06e2c13a34a20c4d4bc29ed275416aca	532550287
src/arXiv_src_2501_014.tar	989953ab2a834cda822dc51f800e14c8	524603946
src/arXiv_src_2501_015.tar	0f67b8e0e198d18548a4ad7f196748f0	577593890
src/arXiv_src_2501_016.tar	124b22275e640deefc959801260a2f57	429680287
src/arXiv_src_2501_017.tar	837947d58fc8161ff3c82e1d91334049	532354623
src/arXiv_src_2501_018.tar	5b5a847668454063333981ac17823388	524184028
src/arXiv_src_2501_019.tar	0f2ef94aebd4547e220496d49e182c8f	605224292
src/arXiv_src_2501_020.tar	6774a963f5e278df5c1bb83940fe0759	526507451
src/arXiv_src_2501_021.tar	f6f56b6a62bc1f4d0ad8094709cf4a42	520443420
src/arXiv_src_2501_022.tar	69afe5c8dd90b0184470040c1fe17c87	494373370
src/arXiv_src_2501_023.tar	92bd6ea0cd46c05d572bcbe1b279bb94	533898215
src/arXiv_src_2501_024.tar	2910bd9ac155311e805038a93c7c7abd	567548201
src/arXiv_src_2501_025.tar	03938ba4cae2691965486613e45e81f5	543565880
src/arXiv_src_2501_026.tar	d7c61c9e6c9afa20745139db8e16d940	538009888
src/arXiv_src_2501_027.tar	cee23347c38d669ff7785e624fa95c9f	467979052
src/arXiv_src_2501_028.tar	59e46425849e9ff4427d67e088cf0c61	525233371
src/arXiv_src_2501_029.tar	05dd6b0d14ab88d9f816114684ee17c0	551144775
src/arXiv_src_2501_030.tar	322e61e04ca906a394769c6e6cab8728	464689949
src/arXiv_src_2501_031.tar	ea146fac37e5f7520798fdb4e01f9dfb	518583373
src/arXiv_src_2501_032.tar	2c0905fd39e8b1b247ee27b122a5fd6b	550117509
src/arXiv_src_2501_033.tar	98c618f1cde35ef2c484bbec0e31719a	571663605
src/arXiv_src_2501_034.tar	8d61f188112f25621abfcf08a10ecc6e	436847817
src/arXiv_src_2501_035.tar	58b7ec5d08e4558de91dae9e49d26eac	528100648
src/arXiv_src_2501_036.tar	8705a491d5a6e2b8da7684f59b605242	566161002
src/arXiv_src_2501_037.tar	aae3b2730ec27ac8cf802a5095ee7d08	499335636
src/arXiv_src_2501_038.tar	76af88db97b7145574255eb7380ded26	526756104
src/arXiv_src_2501_039.tar	2f7f5c44bfaa08c4d1e4ab83b6f70890	534238491
src/arXiv_src_2501_040.tar	016cb3987f9ef62023524bd08f40869b	562359548
src/arXiv_src_2501_041.tar	a6a7488413c5691e7ae9f05d876fd3f1	524280639
src/arXiv_src_2501_042.tar	09c2d63914f57a6cb0c7d682e541d029	550237902
src/arXiv_src_2501_043.tar	775b6a8b14e0cf6c775b140e23aaabb9	537186456
src/arXiv_src_2501_044.tar	7a5b6bd0202e0e7b7a6fb19f31eab31e	526255645
src/arXiv_src_2501_045.tar	00a5d6ede6c7c3073f5e085a0deaed48	513500220
src/arXiv_src_2501_046.tar	c7b6099e8b7a03ff1a88ecf501e0873d	543893514
src/arXiv_src_2501_047.tar	b4ca45376157b06fd67d1a8ea3db6bfa	452150511
src/arXiv_src_2501_048.tar	6ec8c41968a5932db2ad5906ee5c0e31	542565381
src/arXiv_src_2501_049.tar	9893452b870479a248e583bc93f7ce8d	497455186
src/arXiv_src_2501_050.tar	c03d2cc9e34f1804c16283055ad828d9	556392879
src/arXiv_src_2501_051.tar	7aacf7c062c0ce9ec4f7c54cb1b39c3b	520011208
src/arXiv_src_2501_052.tar	085a7d9f281cfbed518e07c1927d0a33	550202687
src/arXiv_src_2501_053.tar	9590aff8b24e765c37f8af4eb5346a1b	510710057
src/arXiv_src_2501_054.tar	556a396a002cdf8c57d5b079d8f249e0	526690840
src/arXiv_src_2501_055.tar	3375b83c8efb0d8ec9e3a21511abeca3	567996825
src/arXiv_src_2501_056.tar	ad099684a84c7a36aed343941f01d83e	591689213
src/arXiv_src_2501_057.tar	57ad52f248fadb281e7f0ab30f9fbbaf	535946216
src/arXiv_src_2501_058.tar	b84688e73c967be2ed74c55271b1eb63	511808214
src/arXiv_src_2501_059.tar	f8d1a806bb5989d4d98262bc5ff8a445	533206640
src/arXiv_src_2501_060.tar	aabb5ebda8216b9f6d2ad8f85347f9cc	562969977
src/arXiv_src_2501_061.tar	0cf55cba67ef324865ca2ce41bb52567	557447043
src/arXiv_src_2501_062.tar	a7f5c6c4c8ced2c22a856059aa6463a9	520314989
src/arXiv_src_2501_063.tar	d9e196291f0e222c2ea819193a5669be	561319190
src/arXiv_src_2501_064.tar	8b851589afb82f839d9f5089cd5498b3	544086738
src/arXiv_src_2501_065.tar	9733087416e85821bb12cf62adad33f7	600703334
src/arXiv_src_2501_066.tar	830b62c60435d8960cd29d8f777a6300	532200980
src/arXiv_src_2501_067.tar	2552e284ce65ba8260e85d3e641cef64	526286418
src/arXiv_src_2501_068.tar	d4e6e00f3005c7efed6afaa91777452e	522484016
src/arXiv_src_2501_069.tar	ad3ad3d2ad2c7bacbab13430fac69750	588908489
src/arXiv_src_2501_070.tar	f322328c351f7c191ad597884a1fd924	524585806
src/arXiv_src_2501_071.tar	0e99aa73e58877075486a2dfdfdc288b	502721315
src/arXiv_src_2501_072.tar	097a7bb5983d595cb863cc8f1cc5c3bf	570886716
src/arXiv_src_2501_073.tar	f3f6a64ee912fe80a72cd4c9bee71a90	533615276
src/arXiv_src_2501_074.tar	d9d75023ed6b4dc6c965e4885cd94d98	529446975
src/arXiv_src_2501_075.tar	77621614ab1e6ccd7667a4b416ea9c22	577502167
src/arXiv_src_2501_076.tar	4e718c56e9f9f5a785dd3ff35d07d65e	548202612
src/arXiv_src_2501_077.tar	5457d65cd50564711254a6f3da0d72a4	490766861
src/arXiv_src_2501_078.tar	96c098806368f010be912179d02cdeb1	573167373
src/arXiv_src_2501_079.tar	15e90334f7016efd43de93a2ee626ec4	542466125
src/arXiv_src_2501_080.tar	3e94fcf1ff389aebd0fc9e298c698860	527736784
src/arXiv_src_2501_081.tar	990480f62a00a95d1b83476f92dad425	527725649
src/arXiv_src_2501_082.tar	da41c5c05b71e3a5b4e3d49876ea7656	525753514
src/arXiv_src_2501_083.tar	705bbe2efadb65cb68622a8ade9eccc4	527360644
src/arXiv_src_2501_084.tar	c922db79457157a8d42f18ec3d677691	512078904
src/arXiv_src_2501_085.tar	8a4beb3338146a2a2998ddfcd7379610	569626041
src/arXiv_src_2501_086.tar	9aed4f92ed4d3bee7241b9bb3b6f22b4	524663531
src/arXiv_src_2501_087.tar	b9a665da9eb7b01eab1dfe097391c739	511524378
src/arXiv_src_2501_088.tar	e7af73db126963632578945a5b801ae4	534932576
src/arXiv_src_2501_089.tar	6ee406ee87ef62d2db287a846da9dce8	570851207
src/arXiv_src_2501_090.tar	da1ecfdb9497d121268f688f63d2612e	486957625
src/arXiv_src_2501_091.tar	df1ff46498df16e838919dd6698bfa39	597524080
src/arXiv_src_2501_092.tar	14d73e870a14868e5611cdb46f880518	556830790
src/arXiv_src_2501_093.tar	e7e439030f294a73e630f1764338a4d7	542761702
src/arXiv_src_2501_094.tar	416e1e074f9d19ebeeaec1f5febd3218	529628583
src/arXiv_src_2501_095.tar	ff94e9d1d6ecded3c5a835c6f1d84622	568212263
src/arXiv_src_2501_096.tar	6d61553184b2a35403da723aec6f84a3	502638527
src/arXiv_src_2501_097.tar	ab8bb537c08f381e4275352394535f4f	528231070
src/arXiv_src_2501_098.tar	3edafb4e973a0f0f2bcf626d1b117c23	552332942
src/arXiv_src_2501_099.tar	ad6dc0857f78146ff5198b59a5de168a	546308993
src/arXiv_src_2501_100.tar	4f2a653fdaa90162a7762595d5d6d0c1	489072011
src/arXiv_src_2501_101.tar	a978d6e61f1ff6c2bcd2f6d5cc1734be	542400755
src/arXiv_src_2501_102.tar	b78b9f108c583aaf8aee7e7425f35d3e	543560892
src/arXiv_src_2501_103.tar	34138c0ba847bc199073b7dd00a647df	524708570
src/arXiv_src_2501_104.tar	3222c5cf475f2919875fb6e7ad1f2ffb	538150897
src/arXiv_src_2501_105.tar	5031b340ef2928017c3b0417d93c6b89	534409193
src/arXiv_src_2501_106.tar	8b7fc6e34dfa89a6d171fd852f757086	545995091
src/arXiv_src_2501_107.tar	3c9098cc5d5e4910a9d27c3723667265	487260595
src/arXiv_src_2501_108.tar	5aeae5360108e3f00a6a315df8c4bd54	572127902
src/arXiv_src_2501_109.tar	09d8df77d63da656d16a3204fd333810	566874362
src/arXiv_src_2501_110.tar	c2df57eb97e8adca4d075588f48308a6	550676198
src/arXiv_src_2501_111.tar	0e369816898fba543fc40d606359d15c	524855797
src/arXiv_src_2501_112.tar	28f7d06791fa344be21f388ea04c68ce	535411664
src/arXiv_src_2501_113.tar	da5782923990cfa1ea56ec3abb07bbf1	522396459
src/arXiv_src_2501_114.tar	2f805da55f100b5fb5c9e52ddff2a3d7	515868876
src/arXiv_src_2501_115.tar	564f0e00cf19ec537699a29ad9b85363	544457945
src/arXiv_src_2501_116.tar	4d5df61a964f1b401ef2cd144b155f3f	485339334
src/arXiv_src_2501_117.tar	91a1ef030dee1ec2de78a9cfd2bb769e	483236287
src/arXiv_src_2501_118.tar	5e8eeefa5956951d65128172d6ea49b3	515962896
src/arXiv_src_2501_119.tar	17445284fffa371e40194d73d7c0ec18	506996766
src/arXiv_src_2501_120.tar	43b36eccae23c8d0078638aa726e65c3	550464238
src/arXiv_src_2501_121.tar	f109cd29baac1f0ffc077617805e42ce	520576023
src/arXiv_src_2501_122.tar	a6b88c762812a8e9054ad42c588c765e	504841728
src/arXiv_src_2501_123.tar	3a7c090fc61720bb243bc369b51a0e99	506649876
src/arXiv_src_2501_124.tar	2b3ff6db6accf8283120f476ec388c03	580416873
src/arXiv_src_2501_125.tar	805e280a3ee37c56cb15f6187a003326	521290221
src/arXiv_src_2501_126.tar	dede11189a014e7223e8d6e2bafe42fc	537832946
src/arXiv_src_2501_127.tar	dba5e20758c4805bd8617f4444fd8715	550242015
src/arXiv_src_2501_128.tar	56d06a374365b64c5d1f4bdbcea950ef	547559494
src/arXiv_src_2501_129.tar	09e67a0ce3e867d24c22cbed3576273f	549632048
src/arXiv_src_2501_130.tar	23973f3ae391d6ae005fd99ea6719b47	534009689
src/arXiv_src_2501_131.tar	4614ebb289551956d82ff54d27829f65	535907224
src/arXiv_src_2501_132.tar	cfb21b78589cba56cebadd88d43bc332	513871887
src/arXiv_src_2501_133.tar	74e3b630b7b7eede518ef9f8599f3488	477002483
src/arXiv_src_2501_134.tar	e1aca6a49ce80201b94e0d5c9cb376cb	524082814
src/arXiv_src_2501_135.tar	05f0e984f05b919318477bfc465235a1	512720693
src/arXiv_src_2501_136.tar	931fc6306823f345f5214bb8008956c3	512375077
src/arXiv_src_2501_137.tar	776e04b9b34cd7af83e2a2cc45383fe0	598912004
src/arXiv_src_2501_138.tar	cc547b0f9ebd0bbf726349fb35e9d644	518711727
src/arXiv_src_2501_139.tar	bedab98dd3af885fb354a1bbda06aa72	533457993
src/arXiv_src_2501_140.tar	9da45514ebe7a5749680ed0ad54be934	527312148
src/arXiv_src_2501_141.tar	1f95cf633970794855eaa2b3b99563cd	552441804
src/arXiv_src_2501_142.tar	14c4670c47130d85163cd4c6e231af86	539199477
src/arXiv_src_2501_143.tar	fa7b00c8c155902ffad1464e13a0b071	523859173
src/arXiv_src_2501_144.tar	22e1658aea2ee0d7c2deaba5ecdf27da	557791944
src/arXiv_src_2501_145.tar	e6f45f21b716e5d93a0c0ec7d1c371cd	554177252
src/arXiv_src_2501_146.tar	a13c9a9ee6776096413aff4c72d4db46	512132012
src/arXiv_src_2501_147.tar	19568ae1ce9cacf5b7beeb77d54ff0c3	499123099
src/arXiv_src_2501_148.tar	5416e8b07aa10ef3b5b1198b3c478b4d	563934241
src/arXiv_src_2501_149.tar	4d7bda58409a1fe68f2da74399fac804	514110314
src/arXiv_src_2501_150.tar	359b75f9332b9bb6703bd2141dc2e5d0	606340753
src/arXiv_src_2501_151.tar	c835c769cf34c7a060220cd2d205959a	556200117
src/arXiv_src_2501_152.tar	92c1bc6d9cfe0ce9527d14163762dd74	523589324
src/arXiv_src_2501_153.tar	a0d47599fc629f33b4b22f3d17ce5962	516508665
src/arXiv_src_2501_154.tar	9996427e17a242f168d8ed6b3f3719fa	464141383
src/arXiv_src_2502_001.tar	72cac4364fcc7e56888f8f9a18928f0f	521309734
src/arXiv_src_2502_002.tar	8208ec9b29c778ae4da53eadf2d9d94c	507847227
src/arXiv_src_2502_003.tar	65e9b3984af5f86ed4c707378394af8e	484573522
src/arXiv_src_2502_004.tar	773f1f8698458b8318122c678e9ae2b2	509282169
src/arXiv_src_2502_005.tar	28a5049cb2457c113bfcff37acfc5351	565433930
src/arXiv_src_2502_006.tar	6fd7b17722fd17c2db947dcfad42f144	525756655
src/arXiv_src_2502_007.tar	cf42d31cf736e8a2cf88416cf1b6b87d	524880235
src/arXiv_src_2502_008.tar	b1e0278c86585394fbc78b7a8613fc2f	540140618
src/arXiv_src_2502_009.tar	d05cb2dfd4973a39a5bc30d3684288d9	469991896
src/arXiv_src_2502_010.tar	9736e5d8beeba7478d37e44af8b2373d	536236535
src/arXiv_src_2502_011.tar	50aa89db753599f194d4709517c8134e	526673496
src/arXiv_src_2502_012.tar	e2b810a023063f8d0468a8b806733cb1	526103752
src/arXiv_src_2502_013.tar	bf7502a5df03e3c79ee61e0e25d401d5	510918249
src/arXiv_src_2502_014.tar	c77cf4a5f89d11cff756239358204e88	527220976
src/arXiv_src_2502_015.tar	7e7923f1c8af662ad41fe00a0d04a26a	561081061
src/arXiv_src_2502_016.tar	1c9001d2163ffcbfa6469fbf9fcac01d	545326529
src/arXiv_src_2502_017.tar	430e4fbd0105cd71cc6e102f7e75f7c1	511468652
src/arXiv_src_2502_018.tar	381c1bacfe2e61dc5f81e8d4a4db3294	653103538
src/arXiv_src_2502_019.tar	36fa04bc5045e5617bcada735ebab3e1	470229692
src/arXiv_src_2502_020.tar	1b20c42caf8643d30056745ebcda790a	571252796
src/arXiv_src_2502_021.tar	98a11c84100871a5d5d856e16b14fabf	562207784
src/arXiv_src_2502_022.tar	a1232b6f63ddd64797556a268520f3e2	524768874
src/arXiv_src_2502_023.tar	b185158086ec69bd755f707dc69a5451	524592766
src/arXiv_src_2502_024.tar	8a967599cdbc84f10193b7ea51cf9569	530869040
src/arXiv_src_2502_025.tar	3b8c232f7b1b09712ebeb89f23483cfb	475903066
src/arXiv_src_2502_026.tar	e95e452134a405a24819980ab96e0d3b	537762740
src/arXiv_src_2502_027.tar	82e9673c27dacde244dc5f67cf17dbed	452447431
src/arXiv_src_2502_028.tar	975fa5b5e36ec0141e098f0eb9e0319c	474645066
src/arXiv_src_2502_029.tar	b3d124763c67eede05a19a2facdd2094	490315158
src/arXiv_src_2502_030.tar	885e59595b237dfe841c16c592c28994	541924018
src/arXiv_src_2502_031.tar	26f893b7b937af9fc809f06593f47438	569134142
src/arXiv_src_2502_032.tar	23ca9064e8f321b5a666893adda770f7	485203780
src/arXiv_src_2502_033.tar	7b6764f13e8fb14cf44f86012ed0d239	514885985
src/arXiv_src_2502_034.tar	b924848f9b4c1dcb12b92dfce145f3b8	533844677
src/arXiv_src_2502_035.tar	457ab258091d447436ab91d1cf74ed23	562316873
src/arXiv_src_2502_036.tar	3a81084a0ea31e317a3512dbc5cf894d	499304175
src/arXiv_src_2502_037.tar	227bfbfe1d5894ef4619e0450a1fc98a	497082236
src/arXiv_src_2502_038.tar	649416a82f919c7450b32ed7009a950e	539321385
src/arXiv_src_2502_039.tar	84b805c47526e6a2f86e8d3c8d7770f3	546949659
src/arXiv_src_2502_040.tar	48ca4e0ab9dff4b5df4e6ccd7f174921	547738536
src/arXiv_src_2502_041.tar	9bec2b7839ab473241d97253947d4b71	460870733
src/arXiv_src_2502_042.tar	ff53b7987527e11ea7ed0978ad78daae	543611415
src/arXiv_src_2502_043.tar	3a1ae9430122a0aaede08cff358f558a	545540629
src/arXiv_src_2502_044.tar	969a5b762ba3710f8a745ae57a54749a	526734524
src/arXiv_src_2502_045.tar	cd911c8e1137fce79fe9badb15c27674	543814727
src/arXiv_src_2502_046.tar	8bfea095e59dfb1157610cdf0263be66	559917195
src/arXiv_src_2502_047.tar	0b7508bf23654ef4569287e871524c82	507379712
src/arXiv_src_2502_048.tar	c9ca58be303daa0c622673560f2c2e0d	503145419
src/arXiv_src_2502_049.tar	d0c69ba318af6cbfa305c3f7bd34bc53	485200553
src/arXiv_src_2502_050.tar	99b5eaf533399b202243690dbce8920f	569242278
src/arXiv_src_2502_051.tar	9f371477864a0a98f2d319868f32d19f	555143181
src/arXiv_src_2502_052.tar	f8f114d1b6c8e81819a5c2d6060621a4	441711761
src/arXiv_src_2502_053.tar	afc41fcf3df88db2a5d7c9e6389cc805	527686041
src/arXiv_src_2502_054.tar	195bf2e4b549b9693c8b3ce8dfab0bbb	463498011
src/arXiv_src_2502_055.tar	bce4415bcee7b83723fb950c182aca44	457384289
src/arXiv_src_2502_056.tar	ce4a25af61cb8803c566223ab4b4303c	585985592
src/arXiv_src_2502_057.tar	67a9dbe9ff5b7f177446586dd567f721	516594905
src/arXiv_src_2502_058.tar	0dc8b4270f4690fb44c857a662c1e201	622924497
src/arXiv_src_2502_059.tar	b42c70bd83c50c2c3052761607f264fc	531228341
src/arXiv_src_2502_060.tar	98de6808d6821fba70f5eb1fddaa0077	524726589
src/arXiv_src_2502_061.tar	a8641dbfea41db344903fd54bf50984b	517783714
src/arXiv_src_2502_062.tar	91af590b73d45de673ccd4d153f332cb	465606931
src/arXiv_src_2502_063.tar	476cd60083ed8bb81a64b8cfa5d9ce8b	507548473
src/arXiv_src_2502_064.tar	defd687bd64829e987a26ae8d6981524	615196908
src/arXiv_src_2502_065.tar	5204e5fd764e7fa28531a25d8aa18623	542364046
src/arXiv_src_2502_066.tar	7c586b221ab962974df41eec1758df8a	535752120
src/arXiv_src_2502_067.tar	411c0ea0190c2e74e6ff94ffd84efeec	523321555
src/arXiv_src_2502_068.tar	016d36f1c55b2593961db825811549a7	551212639
src/arXiv_src_2502_069.tar	9870ab5adfc97da112ec8248cda91e7f	515428070
src/arXiv_src_2502_070.tar	f33e9d8d1beca45b74f0781ef0be1df4	525194960
src/arXiv_src_2502_071.tar	137fa1209b5e1fb1077d0904ea7b0b7e	522878893
src/arXiv_src_2502_072.tar	4b7a0b60c2c8761b42587cb76971bb7d	537783244
src/arXiv_src_2502_073.tar	45b71b393bc93cd0c0bc5a540a862ec1	550771289
src/arXiv_src_2502_074.tar	12535ef6ce9330e0af2d08cfd7b45656	541548829
src/arXiv_src_2502_075.tar	0313481b7ae66ad8968210cd23e2f7ee	569757691
src/arXiv_src_2502_076.tar	04b8bc52eb5f9ebe687fe45c1914e086	558657181
src/arXiv_src_2502_077.tar	ed5a12c42493876e058dda2eb25a254b	463415606
src/arXiv_src_2502_078.tar	00fd632a4b09b0914d4833f7eb3918a8	567035492
src/arXiv_src_2502_079.tar	e4c464c91952a5cc1d8c28f21059fd8b	558413661
src/arXiv_src_2502_080.tar	88f5ed3e3473d3dcf8a20db28a222ccb	527743649
src/arXiv_src_2502_081.tar	d6f569f40e5554f2debc17228a2e9c24	492743312
src/arXiv_src_2502_082.tar	2cc1d95725dbde45eed3a1547c7a93e1	512323388
src/arXiv_src_2502_083.tar	1a0c4dd4df18287e21693cb3aeca5d2f	503937006
src/arXiv_src_2502_084.tar	d1a641ec78ed306459e4e43503f3ad6b	527439421
src/arXiv_src_2502_085.tar	1f2c786692aa9c0524b61947e37428cf	526792903
src/arXiv_src_2502_086.tar	b5d604be8cb0eca5b650163c1ae0fbb1	484875350
src/arXiv_src_2502_087.tar	7c48008ea801f3e6555ed07dbadb10c6	525705511
src/arXiv_src_2502_088.tar	01d6b1212daec8e240e73e04287a6604	506350514
src/arXiv_src_2502_089.tar	de27e824cb0df5e0aa6c7fc49639e83d	516447877
src/arXiv_src_2502_090.tar	883bdb35c8893a6eddf16520d683d1d6	477666738
src/arXiv_src_2502_091.tar	d52ebd808c021b2ef2bbabb796f39e71	534083251
src/arXiv_src_2502_092.tar	16e4c7bb579281b3754bedea6d20e26a	530159954
src/arXiv_src_2502_093.tar	7efc25e6a8d68358be63a617be2d2329	508869216
src/arXiv_src_2502_094.tar	c262d0a5252d98f30e327b9142bec270	520820788
src/arXiv_src_2502_095.tar	7e3dbffa6ac3cbb32bc400999c91faf1	531106320
src/arXiv_src_2502_096.tar	21d4ca56ee7f302dadc12e5dfe078139	536807062
src/arXiv_src_2502_097.tar	7ef53b2dec38c40b8dc1c4388128c592	499657567
src/arXiv_src_2502_098.tar	2aca6d89b916fb85433e3afb3ae02a78	515374075
src/arXiv_src_2502_099.tar	170f27c86870b6b710d3c1e658fb9041	528007677
src/arXiv_src_2502_100.tar	2a62f3dcf9a3bf210c557efde5f60fdd	517093189
src/arXiv_src_2502_101.tar	a50dcf35a8f3c420157373700a1f779a	568857927
src/arXiv_src_2502_102.tar	078ff73f9865d8c94e38bd456b3b0e09	603360723
src/arXiv_src_2502_103.tar	b769369d94d74afb24d8da97e39eff36	546367407
src/arXiv_src_2502_104.tar	1276d31d90445790dce36f9e63d30e92	573587279
src/arXiv_src_2502_105.tar	f00cb000b2e743a6ae9cfc6d18b63ade	541200936
src/arXiv_src_2502_106.tar	c7c50e0376fad9a5637cbc7bcebeacf0	534569100
src/arXiv_src_2502_107.tar	585a67a49162c7a28a307e3fb199d51e	531353011
src/arXiv_src_2502_108.tar	326beb66371a6feb76925e72aae99291	523361904
src/arXiv_src_2502_109.tar	1772723e9fc90f0f8e093a8c8d4077ff	526101504
src/arXiv_src_2502_110.tar	cc33bb6abea256cc802cad3362a9c180	499042976
src/arXiv_src_2502_111.tar	ed62c646fe2012fce596ccd9ab9d8780	465284277
src/arXiv_src_2502_112.tar	3ba923853138660a4685ab8ec3a32f57	424051515
src/arXiv_src_2502_113.tar	0dee5eb8a1b99a9ba50e3cdccbaa790f	572280590
src/arXiv_src_2502_114.tar	8c87ca1be78aa268c858c82839bc0bfc	523658163
src/arXiv_src_2502_115.tar	e32027f8608f96722c2a1ff6e6e27cb3	525349010
src/arXiv_src_2502_116.tar	066e9e103a92ee791ab93a3853ea44f6	519494690
src/arXiv_src_2502_117.tar	46aaa5966f2afef040542e6b53c57049	552494917
src/arXiv_src_2502_118.tar	e3ff7b054922318ce4168b4fa55d6a93	524711715
src/arXiv_src_2502_119.tar	f3f5d4bfa1275a8a434a21571363e220	543751178
src/arXiv_src_2502_120.tar	468e641b4905c3be8de5a0bbf1bb1020	620599327
src/arXiv_src_2502_121.tar	5e9d819350e3336d4ec281a5cddc408d	549440684
src/arXiv_src_2502_122.tar	2a71813dade84ed91bef75cf7bf3f2ea	557036358
src/arXiv_src_2502_123.tar	eb326a5693b818110ca7aa640928b622	466377124
src/arXiv_src_2502_124.tar	593a5e5f092a25ea48999fea18503efc	536168392
src/arXiv_src_2502_125.tar	dffa4ee8a4707e64390131c3fa31eaab	453037178
src/arXiv_src_2502_126.tar	216345bd2e38fdf3c4adff43b5497921	494216972
src/arXiv_src_2502_127.tar	62b4a449bdfa03430d886ecfe4f693f8	534088654
src/arXiv_src_2502_128.tar	2c0b034f34e3c913f2bae8c9ac0606f5	528615045
src/arXiv_src_2502_129.tar	6ceb1356f46430503e64b5bf3e7def52	515268917
src/arXiv_src_2502_130.tar	63323e931303c0c76eeb3d488c5e2c2d	485662515
src/arXiv_src_2502_131.tar	929ba04040b058255a24c716a22b436a	527085585
src/arXiv_src_2502_132.tar	0d2fc88009f93ba003dbc1b106fa7642	500995986
src/arXiv_src_2502_133.tar	4eb7427a00103a0dc4bbf5a246a7e27a	517628363
src/arXiv_src_2502_134.tar	62e6c94a170c2377c6f0d11aaa984ad8	467543066
src/arXiv_src_2502_135.tar	55403dbf9df1ea98948dd4f18781ebcd	489040607
src/arXiv_src_2502_136.tar	4182cad6931805758170a15bf5e8dd37	505634536
src/arXiv_src_2502_137.tar	5c693f619a8fd971db854b2d5749b75f	511500403
src/arXiv_src_2502_138.tar	ab3a1b2df96c80d347a751c767e3c56c	447691858
src/arXiv_src_2502_139.tar	2aecf04fdd377171e7b7e81b566930a5	461693058
src/arXiv_src_2502_140.tar	26f145f0dbfce3b526e1620b9e479b8e	537379709
src/arXiv_src_2502_141.tar	0e8286de3a7182b38c7a1ad6067cc80b	509009220
src/arXiv_src_2502_142.tar	a078fc6ccf821d072e04b656fa5038d5	501912522
src/arXiv_src_2502_143.tar	53eb13c1bc42b6e9910ffdbe44b36f1b	494676511
src/arXiv_src_2502_144.tar	41669df3dfc1724d64b9bfe6cac196ca	524473657
src/arXiv_src_2502_145.tar	9b1da5dddca4cbe7aec472d3583135a6	512207922
src/arXiv_src_2502_146.tar	a4299660f4952f69826a016ce132b56c	473478008
src/arXiv_src_2502_147.tar	c67e8757ce3d03ab1dec7a5f85db7890	567937472
src/arXiv_src_2502_148.tar	c61953d93808d2a960dc634eb17c21f9	488626805
src/arXiv_src_2502_149.tar	577ab520ab363742181378eb8edd107d	517008761
src/arXiv_src_2502_150.tar	bad39201fd124be9597d539ce545ce2c	563317513
src/arXiv_src_2502_151.tar	d6dca544b41ffca30f35522a9beebd06	547959333
src/arXiv_src_2502_152.tar	ac2ae46dc971d97ac6abd475bae5eb3d	466461393
src/arXiv_src_2502_153.tar	b35556bf68d5153e188748dca1cc6b25	503720948
src/arXiv_src_2502_154.tar	43eaf24a57af17daed59b66cb1e548a1	536518110
src/arXiv_src_2502_155.tar	610a671f3d0b677f2a9c35f3480454dd	544182747
src/arXiv_src_2502_156.tar	c7145d9b30561a590c9283f70ba41b08	516558642
src/arXiv_src_2502_157.tar	0777ba7a94852de4120937d7bf4c3f28	571239037
src/arXiv_src_2502_158.tar	0913e3b4fbce9f92892e4c52a6bc7b44	536011988
src/arXiv_src_2502_159.tar	2883d787d4476fc5f47382671c6b7bfd	535498982
src/arXiv_src_2502_160.tar	02d593e2c805b119359d0f1954fe397e	499248606
src/arXiv_src_2502_161.tar	1beac2176ead4070f5af9bdfbe7aa8db	533993121
src/arXiv_src_2502_162.tar	aced871dbc7189f45364db4a1566d3e5	551417942
src/arXiv_src_2502_163.tar	90d2b2db49e5a2f6448271d6938de415	533698408
src/arXiv_src_2502_164.tar	d40a0a0e23bdda052366372a4c3d2dba	536023381
src/arXiv_src_2502_165.tar	607ad6ee48556018ad3a2726f3b4077d	498549574
src/arXiv_src_2502_166.tar	dcbc47973c41184fb98586cb342d6127	505319917
src/arXiv_src_2502_167.tar	dc61115b1397cc14093360983f812370	529749689
src/arXiv_src_2502_168.tar	b759531ad640b7a35535fefc401eb044	485905198
src/arXiv_src_2502_169.tar	6cc93b2ac64ab4bf06959a6f7b8be115	510302707
src/arXiv_src_2502_170.tar	afedc5b375633473685e722a7d103985	501823634
src/arXiv_src_2502_171.tar	e1113665d9492c6691f2c3a9f9c33f3c	534778016
src/arXiv_src_2502_172.tar	2013fef850ffeb8cb9fc2b11891666b5	501086785
src/arXiv_src_2502_173.tar	45385a1fdcba11be40739ed7e1b045a0	568988588
src/arXiv_src_2502_174.tar	504558deb70cd7c77576bc6da6415d25	502511816
src/arXiv_src_2502_175.tar	fd25ac10bb66c89aa04261b45365e999	542834209
src/arXiv_src_2502_176.tar	bdb250eead2c8beb7d89348f8ff2441a	476324439
src/arXiv_src_2502_177.tar	305904e9b8c7e844f5ba578f5ef2273c	473879380
src/arXiv_src_2502_178.tar	faed2a4c6db09460c5f5b36600b6950b	541315968
src/arXiv_src_2502_179.tar	1e0c72e890dafd1cc11961c2a4837b0e	509720576
src/arXiv_src_2502_180.tar	992721c69d31011f4772fa521e55078a	419445496
src/arXiv_src_2503_001.tar	b42a502d02eaa467a9660431b9219c8d	532737280
src/arXiv_src_2503_002.tar	228b03216d660983c46529beb6ee14a0	516563519
src/arXiv_src_2503_003.tar	6616b521a402c60dd998e76705ac1b73	547964098
src/arXiv_src_2503_004.tar	90a2807c36ca46365583c12ed7b9513a	559194749
src/arXiv_src_2503_005.tar	a3125b00a840ee7343e4f9c054c1bb1a	532201961
src/arXiv_src_2503_006.tar	9985592f7bb368a68861107084f106fd	518699160
src/arXiv_src_2503_007.tar	6ff6893f2f201c89ad6fc8b41d8f467a	547451164
src/arXiv_src_2503_008.tar	25445e1e53b356200dcf5dfb4c27fb17	531072192
src/arXiv_src_2503_009.tar	d1103e67bff6ed996addb84dfe0598cc	545738423
src/arXiv_src_2503_010.tar	0a14a8cbed9e36d5c2390fd4bd71487a	540388119
src/arXiv_src_2503_011.tar	2f48ad40a816b8644bcc107cdb6663ab	498083696
src/arXiv_src_2503_012.tar	e80003cb874af0fc3d0cfc0a1d545ee5	502407908
src/arXiv_src_2503_013.tar	2117d38b6a8b91070483f53ab1f66001	520405665
src/arXiv_src_2503_014.tar	4ecad86a733610a512d2901fdb6f2b6a	524799173
src/arXiv_src_2503_015.tar	fb6c90538680973aa1cd3dbe8d17c04e	560755921
src/arXiv_src_2503_016.tar	d4feeefd71edf51e31356abb8c9a7ce2	512977082
src/arXiv_src_2503_017.tar	874dbbad2883508857016f530830b334	538097143
src/arXiv_src_2503_018.tar	9741dc438659fed24f652cec772fdc9f	539940643
src/arXiv_src_2503_019.tar	934e25836299c7f6f9c0d19d79b011f3	550512435
src/arXiv_src_2503_020.tar	22f902078ca151ea39227c38767ab5d3	527989039
src/arXiv_src_2503_021.tar	bd34ccfc18536677a951d61e37ce08cc	496244283
src/arXiv_src_2503_022.tar	ec04d6936a0e68ed01965e6dc4bf2fd9	503142794
src/arXiv_src_2503_023.tar	dc48259376290c20fb6e9aca8e9c99c5	539032602
src/arXiv_src_2503_024.tar	34ef30381b984eb20e1e271218d6750c	488748029
src/arXiv_src_2503_025.tar	95b9b0b4631264e343749e4f0ba48e91	525870403
src/arXiv_src_2503_026.tar	57ec05771f7bfc473bfda38af3fe0f15	591609238
src/arXiv_src_2503_027.tar	9431b59f0268222f9dcdb36ce2ad19f0	516487544
src/arXiv_src_2503_028.tar	699ef6ce7856a8a64a029757ebbe4016	552118207
src/arXiv_src_2503_029.tar	3c6a56d781f84024c37082128a590bc6	489507503
src/arXiv_src_2503_030.tar	769158c4126c0ebe4a2e44b02d085c5d	536358357
src/arXiv_src_2503_031.tar	96a0de9d65d9054568400dadd8e0f47e	537656370
src/arXiv_src_2503_032.tar	4f2c431c283a5ad26a4f95d4cc1faca5	494754881
src/arXiv_src_2503_033.tar	5aab32d35f5636d619af327932b9aa74	541841219
src/arXiv_src_2503_034.tar	9576bd83b7276627aa0d47b3ae3007c7	535494860
src/arXiv_src_2503_035.tar	4d467101286addaa1e3d666d37dd5891	514335703
src/arXiv_src_2503_036.tar	89d8d77a452c3feb96d9dfc2317ce6c9	503633826
src/arXiv_src_2503_037.tar	24fd9b39bb68e217b5dc07f3f17504d9	491857465
src/arXiv_src_2503_038.tar	47bd229f2d9eea568687ca8bbb178e22	547850876
src/arXiv_src_2503_039.tar	afc92d8a037a27c0be9d03b56e2339ae	512530492
src/arXiv_src_2503_040.tar	add8c87bc14e75d6407a4fa5c05619fa	552404731
src/arXiv_src_2503_041.tar	d84068712d61254ae2eec5c75144b42d	459097353
src/arXiv_src_2503_042.tar	6cd9c35ea7d6b6063f66f24e959db592	497833294
src/arXiv_src_2503_043.tar	6eb2f9c04119d78c36a40470bd7c5aaa	474557476
src/arXiv_src_2503_044.tar	eefffb3912d60e9a772bdc5240c10b95	539707347
src/arXiv_src_2503_045.tar	c9ecc38734ae94bfecd6f084edfaeb60	532555022
src/arXiv_src_2503_046.tar	26882dfaecb3b0be8507dfc2f059a52c	474141863
src/arXiv_src_2503_047.tar	51214061e37683a75bfd221f5eb99d81	471350486
src/arXiv_src_2503_048.tar	9da548bad6aa105b52eef5bd18c18022	541504565
src/arXiv_src_2503_049.tar	d490bcfcef45fcfbb461312a10e6d41a	549663497
src/arXiv_src_2503_050.tar	c2aa0920eccbacb6bdbb2f7966d21221	530458413
src/arXiv_src_2503_051.tar	1883962562d0a2cb78bb8e81f4850782	437898243
src/arXiv_src_2503_052.tar	ed146af147469906e14a8623a07582bc	512031325
src/arXiv_src_2503_053.tar	ef27a8ec00151f404096bc07ffdf4334	505355394
src/arXiv_src_2503_054.tar	69ab44a270e7a08a88f1a1f6b6927e3e	509459830
src/arXiv_src_2503_055.tar	f4bba5881633816a13de4b9512668aa0	515635346
src/arXiv_src_2503_056.tar	d7cb0a11ce2b91ec88669a83a6ac19a4	551247882
src/arXiv_src_2503_057.tar	62f6d50940647c0e6b4003f003c2dbf2	545267769
src/arXiv_src_2503_058.tar	d48a38dbfb47bfbc389ef1818869539c	522974387
src/arXiv_src_2503_059.tar	19efcb2d6ffaf150844acc9afd1efeb4	515655019
src/arXiv_src_2503_060.tar	98919939baf662ae20246ad579bb2d91	503173221
src/arXiv_src_2503_061.tar	aff6dedeba9027d7259086879ecec643	517712573
src/arXiv_src_2503_062.tar	5d2eca7050dc8ff4bc7cac4426e610c6	554429604
src/arXiv_src_2503_063.tar	accda130e1c800d0eeaf946ec82e8b98	548062991
src/arXiv_src_2503_064.tar	eb3b5981076b62648332608e9188bb04	547221672
src/arXiv_src_2503_065.tar	0ab31df6185c772bb6c2b4270883cd42	493076913
src/arXiv_src_2503_066.tar	0b6b18a9d40e988aa8b86911a0b25964	539916645
src/arXiv_src_2503_067.tar	02b91caa2a68d240a614da3832b27689	528971595
src/arXiv_src_2503_068.tar	5e0563e41d1582e01f28c8907a451def	535911977
src/arXiv_src_2503_069.tar	a147b7416cf13bc8f8b252ea45fbb515	579391064
src/arXiv_src_2503_070.tar	9e9de48a1bfbfa485b80a9d7eedde5e8	489258107
src/arXiv_src_2503_071.tar	3aa1b388b7fa39f9cb28d31983342d72	544441208
src/arXiv_src_2503_072.tar	c39c52a3559ce125c62e3e37d34c2a63	561032192
src/arXiv_src_2503_073.tar	eef26cec6b67e049dbed61c49a9b7a03	486271531
src/arXiv_src_2503_074.tar	f043ec5484a9f4a4f8b85cfd32a33568	508171818
src/arXiv_src_2503_075.tar	f1ca8269e6bac14aca23b4a74c7f58bf	565745485
src/arXiv_src_2503_076.tar	a70adb0ae468aacda610784990d4da20	506661024
src/arXiv_src_2503_077.tar	aa6054f05499fcb2a8f76bc8328b6d23	537175376
src/arXiv_src_2503_078.tar	9297c37539b522b513fe5f145f61c423	533424675
src/arXiv_src_2503_079.tar	ed01f7c303c49b4e52377cb122ad1c35	526063832
src/arXiv_src_2503_080.tar	0dc59dd0332e8d6a893ca061cca497d9	561320163
src/arXiv_src_2503_081.tar	fabe0ce699cf1af6ba0e9b984389edbd	553539968
src/arXiv_src_2503_082.tar	1019659dfa4e348da7b11275ef3dbb1f	519883593
src/arXiv_src_2503_083.tar	97b3af38a285a2649a5d075e59341033	531185730
src/arXiv_src_2503_084.tar	d2642ba6aedaa13f5537b1578c9aa97f	535468165
src/arXiv_src_2503_085.tar	25db50dcace35f3e6a3fde746d6f76b1	531969450
src/arXiv_src_2503_086.tar	7d8e389b2949f8a930ae36d2e862e51e	455576455
src/arXiv_src_2503_087.tar	b35f5e0f5dbb69421dad784e3e337273	517179280
src/arXiv_src_2503_088.tar	07111009a4f42e26754e7a4ba2630017	513125526
src/arXiv_src_2503_089.tar	7be226da753c5d51ae8ee248e154f4f9	501912465
src/arXiv_src_2503_090.tar	d9962e731206bedcb96ec68aee512f21	487979535
src/arXiv_src_2503_091.tar	74067edc4e6be3a0acf4a8c9b9402fb4	489364332
src/arXiv_src_2503_092.tar	9651ea5f888fef69355da0e4ad20cf1c	519926482
src/arXiv_src_2503_093.tar	9200b66aa6c6ba0631acaf6f41fffb9a	502122857
src/arXiv_src_2503_094.tar	8883c118dd2bc232c1a76047a3a7ccb9	536793731
src/arXiv_src_2503_095.tar	4c5da002ed3d2384f333ec9f0c51ffd2	506605701
src/arXiv_src_2503_096.tar	c2387c7b40a1d198dc37bb5953b47db3	527766161
src/arXiv_src_2503_097.tar	56a880a4db78639f4cdada0746f05416	519539529
src/arXiv_src_2503_098.tar	142bffb4824b2ebd9890d37be7f7a0c8	524562812
src/arXiv_src_2503_099.tar	619478b90c9f9ddfd72b4de054b5ab2e	566827035
src/arXiv_src_2503_100.tar	a497f2d8ffe1d485555981ca872493a7	551068719
src/arXiv_src_2503_101.tar	cd42e19cb2a2d5c191effc1a037a6315	564333840
src/arXiv_src_2503_102.tar	26291d5d7676078177081c12133ea4cb	496211241
src/arXiv_src_2503_103.tar	2f3bd7d02a56ac3146b4cd9038dce6f6	566210998
src/arXiv_src_2503_104.tar	917d3f8ac7002357d379b34eaf8aaa51	469802917
src/arXiv_src_2503_105.tar	a24c05b54f5bfd3e19ff40103dc184f4	458771149
src/arXiv_src_2503_106.tar	66db43a08d107ed491544a36ab3d027a	582546572
src/arXiv_src_2503_107.tar	c0077b500e78f8d035ecba1aeeec819e	521354060
src/arXiv_src_2503_108.tar	84ff87f7b8adff7569bd789c1d1adf35	487928314
src/arXiv_src_2503_109.tar	3f17a295288e0ef66f739df9e7dc81e2	514242000
src/arXiv_src_2503_110.tar	f056f88b35995eb315bf1d6a7438f5be	525607453
src/arXiv_src_2503_111.tar	62a24f998149c24c2f7347e8f19f06bf	549909559
src/arXiv_src_2503_112.tar	5fff2f71c2ef1828871b5108d75f07a8	551226736
src/arXiv_src_2503_113.tar	ea5a39cffe1a25d059c7867b99f720a1	498109167
src/arXiv_src_2503_114.tar	a3fc81ef02a93dc017e1aa1c72822318	535954834
src/arXiv_src_2503_115.tar	e7a6455f502abb9a9e6b786b701b1668	568706193
src/arXiv_src_2503_116.tar	3d0cbd2b52ba87d1134baf4b275c7d7d	469466987
src/arXiv_src_2503_117.tar	7f5d170261d2f8dfeb2e3f8ac78ce6b9	543100008
src/arXiv_src_2503_118.tar	f8ca21b1a42de9b5c0642ad70c841a81	529089645
src/arXiv_src_2503_119.tar	c9e50cbec34eae37531624b04b2af455	539611425
src/arXiv_src_2503_120.tar	5519db9001cf81a708c405fd108562c4	510663147
src/arXiv_src_2503_121.tar	92fd624c770d466d21315b48bfcf0377	500746599
src/arXiv_src_2503_122.tar	f59b59ccaa05b7a959e9e9d114d07c5b	496867367
src/arXiv_src_2503_123.tar	5d482323c0b66574d4c921f97fcb0ce6	563800343
src/arXiv_src_2503_124.tar	8cdae6af7bec728968cd25e9b11cd3e8	511963299
src/arXiv_src_2503_125.tar	d452d6629b2e292a62d70cf1d3fa9f80	528015117
src/arXiv_src_2503_126.tar	e7cdb4617c69c0887c19d12fe6c860f2	548544237
src/arXiv_src_2503_127.tar	a5f5a8ddc4e46414e3db135b00de2465	552855330
src/arXiv_src_2503_128.tar	f9c7d63b29efd4fae705887fe0fb39ed	538338684
src/arXiv_src_2503_129.tar	ba5c4d9c4455f95d86344b6d54f6f9af	596418065
src/arXiv_src_2503_130.tar	cb89077bbe2c3c392e2c0dcfe8c7ba10	526324679
src/arXiv_src_2503_131.tar	7ae89a16552b4ceb4d6418a213b2b68b	499971452
src/arXiv_src_2503_132.tar	20b230dfce990a09e6eaf0b061d7ad45	524131654
src/arXiv_src_2503_133.tar	432808ec60cfde0e7a6d64523d05239a	527373665
src/arXiv_src_2503_134.tar	e2cc14acd400648d92e2cb58afca649f	538751634
src/arXiv_src_2503_135.tar	dd2382d63c84ec89f44c5fabdbeb5987	522020007
src/arXiv_src_2503_136.tar	654902a5b93789f4da9e28b34db57fbc	564051655
src/arXiv_src_2503_137.tar	e6ab01e0a839c770b8db43ccb2f172cc	568971514
src/arXiv_src_2503_138.tar	215366d4eac192e9ef51af6b1158763d	538704438
src/arXiv_src_2503_139.tar	964c8c50df78df09414ef4d337087710	628238353
src/arXiv_src_2503_140.tar	393ad2e0ea075efc8cba12deada79fb1	526614152
src/arXiv_src_2503_141.tar	1a4c5f3d86b174ff47ffa5356f6324b1	615581419
src/arXiv_src_2503_142.tar	c3b20ea1b2ebdc8fc7f66b544d9f08c4	604945721
src/arXiv_src_2503_143.tar	dcbb8b682052bcbc719cff133e51f8f8	511901706
src/arXiv_src_2503_144.tar	b5360b9514b9ca1c98eb4dc31e5456fa	544955230
src/arXiv_src_2503_145.tar	f2b3b10b53c7b9a87043d6c4a7cd5822	581146410
src/arXiv_src_2503_146.tar	8e5d32d281efdc17e76cb89f450727b4	493277249
src/arXiv_src_2503_147.tar	24aa052baf13863d02661a8042e99246	557517262
src/arXiv_src_2503_148.tar	542dee913cbaa4962b91e32af2772dcd	505745157
src/arXiv_src_2503_149.tar	5823e7188ec78f1beb924c36ec614f3a	512771556
src/arXiv_src_2503_150.tar	e5731d5811250ba146cd13eaf1f99e8e	526887404
src/arXiv_src_2503_151.tar	b30e58ee26a0ab2cbb08961c1b75d263	512526175
src/arXiv_src_2503_152.tar	9f3930dc8b7a99f0b1928d8d08aa23f0	545505306
src/arXiv_src_2503_153.tar	beb47a89c923c95d2ca3333e5d726f75	519619216
src/arXiv_src_2503_154.tar	c5bab0a7a61c86f993731d5280aff2b2	547596485
src/arXiv_src_2503_155.tar	835f26048d703b3aa1786e4e43c6c059	537039741
src/arXiv_src_2503_156.tar	feeb444c81b2905b44eed4fc04455ba4	564383324
src/arXiv_src_2503_157.tar	b3a53cc806eeacf3b2043fbbd3abf12a	531139989
src/arXiv_src_2503_158.tar	0eac848bef3e1bfe20fba0b0714188e9	567442241
src/arXiv_src_2503_159.tar	a02aaf895f92bc463333c5cee32f8213	523315400
src/arXiv_src_2503_160.tar	d6e51b338711d56bdf9e21db6acdcc00	495963799
src/arXiv_src_2503_161.tar	62f16f31b6b17fd04e14783f53805814	481812560
src/arXiv_src_2503_162.tar	2305c39f6d140095d17aac311d9c706c	546177722
src/arXiv_src_2503_163.tar	d30ba58c1501d0b2dd9f973e16bb8ff9	525540580
src/arXiv_src_2503_164.tar	2ada5cc59dfccb251c68837d9123a183	587428389
src/arXiv_src_2503_165.tar	2690a9c2a6ee276bd309a7f7ca0b3a2d	538281551
src/arXiv_src_2503_166.tar	1b5f7b407cfd8d45d60cdb7d963de99d	531632701
src/arXiv_src_2503_167.tar	79dee8f685918b2759fbd839991d60df	526189389
src/arXiv_src_2503_168.tar	5c59b7ef6c7a5d65823cc334b9583b3c	535373458
src/arXiv_src_2503_169.tar	2089ecb749a7cc3bd332d10dfe7f6e3a	539973688
src/arXiv_src_2503_170.tar	2616bb79d391f8b72654fc22ba846560	556496935
src/arXiv_src_2503_171.tar	529f4cef5e28684c41b17949a5c6f8aa	498471288
src/arXiv_src_2503_172.tar	79fa85953daed7a1b9e77887cc503539	501290370
src/arXiv_src_2503_173.tar	bfbb9804c4176d8c5ab044fb40313b6f	475853980
src/arXiv_src_2503_174.tar	00556de5bc8448ab673d293d5986c72d	562597144
src/arXiv_src_2503_175.tar	f597666d6326d06929e77bd5bc9bb988	496432465
src/arXiv_src_2503_176.tar	bb34148dd7aabcdbcca1e8a7e26d2efc	527735816
src/arXiv_src_2503_177.tar	4aff8edad64776bc94f86a08d5a5b96d	498788825
src/arXiv_src_2503_178.tar	34388ad5a850ecaefad7ddf564a852e2	514356927
src/arXiv_src_2503_179.tar	e2d08a3ad5776b743624a1612c13914a	447541570
src/arXiv_src_2503_180.tar	2c431a14dff46c913611b7a4686977d9	525001634
src/arXiv_src_2503_181.tar	fc3896df98eeec7ee2ae00ed827bb349	541448530
src/arXiv_src_2503_182.tar	1f22ae5f215b24d7d893e3eb12714658	474021034
src/arXiv_src_2503_183.tar	4c8ab7c83a3a96e2f38efcfdea1c8a8b	528249544
src/arXiv_src_2503_184.tar	0dcfd8b34357fc86e3ab844016ebd098	540936786
src/arXiv_src_2503_185.tar	c1dd0f14cdc55af1c3afe9b2431b3834	491403379
src/arXiv_src_2503_186.tar	84cac364503fd236e773f3011891a782	493293270
src/arXiv_src_2503_187.tar	365cf8b05db4356d567ba52e6e743f28	531679820
src/arXiv_src_2503_188.tar	3e24ef169ebd59847125ba4adc2062b9	494657128
src/arXiv_src_2503_189.tar	0b36c73bde776ae31e2247fc00d7098e	550629993
src/arXiv_src_2503_190.tar	09cfc7cfde3861da71d6f12193e0d058	522000024
src/arXiv_src_2503_191.tar	b74f885e47829deb1a30c9ac14520bbe	419259374
src/arXiv_src_2503_192.tar	0dab0e05df21459e3e489496905fa01e	526816584
src/arXiv_src_2503_193.tar	236a2e9fd8c17018d3b3bde05c1529b0	560331545
src/arXiv_src_2503_194.tar	37849fd9b094a425086073a71041ae45	576010515
src/arXiv_src_2503_195.tar	7a72970be5f1430c0277c712368e4408	534098353
src/arXiv_src_2503_196.tar	a481ec93ad4bcdaf20cdb221d85d3959	537224592
src/arXiv_src_2503_197.tar	e0f23912f53c899418d841211719c82a	503874374
src/arXiv_src_2503_198.tar	9d2b4d289848a85d8fb2cb8286067080	537374787
src/arXiv_src_2503_199.tar	fd7436c96e2b11455085dbb58d827d95	543855668
src/arXiv_src_2503_200.tar	919774d0b0bb98931e376d69045584d5	507975954
src/arXiv_src_2503_201.tar	5b2334c34132f52b004b91b39bff9df2	511269410
src/arXiv_src_2503_202.tar	bd2059ca2acbe952085a587715c9eedf	544599942
src/arXiv_src_2503_203.tar	4425acbbdddce9942a1d0702824d9d3b	530371321
src/arXiv_src_2503_204.tar	e5301c27dda772aa6cf0d3efc31c8963	493055638
src/arXiv_src_2503_205.tar	d7a639fc1845d6499d4fd0ef8a8620d6	499247477
src/arXiv_src_2503_206.tar	4e8144d5cfdeaf6b0f2bae9483da43f6	459185462
src/arXiv_src_2503_207.tar	76a7a785bce06b54f2348ef6e33bc5d6	548697102
src/arXiv_src_2503_208.tar	1aba4832ff7737cf08f35d0a852fb0ad	562525185
src/arXiv_src_2503_209.tar	d4817446b437dce37f61d181e2dd2a8b	566809958
src/arXiv_src_2503_210.tar	f8048774e9f4881f8a1452f6ec6e121a	514655704
src/arXiv_src_2503_211.tar	925622c1ad16de4a317e038a3aa334e1	515895259
src/arXiv_src_2503_212.tar	a740e214927be4bff22694079739d6ac	546924303
src/arXiv_src_2503_213.tar	f1d0042cb7588fd2aec26d8df05d11be	521391233
src/arXiv_src_2503_214.tar	4db76db43e57c06e25097560e7f388c1	505689764
src/arXiv_src_2503_215.tar	7c5622b8a555c08f72fe40d137a28ced	515276686
src/arXiv_src_2503_216.tar	3445f05c7c8ba454d66d15e150735f78	533217326
src/arXiv_src_2503_217.tar	5b242f2ed40dfd8fead945e6dd0d4f7c	542665112
src/arXiv_src_2503_218.tar	43bf021638a42a26683810dfd0a315c8	522616830
src/arXiv_src_2503_219.tar	9b5f287628f2f403460b49aeba835b76	459134688
src/arXiv_src_2503_220.tar	3ddfada2bd624ff0eee7016021f3f984	543892284
src/arXiv_src_2503_221.tar	ae4e7159629180fdb274b01f072c3235	532692660
src/arXiv_src_2503_222.tar	55ac453a72822310c19f897f7ce23dcb	520579268
src/arXiv_src_2503_223.tar	32b21d524e4ca2cf90ac76a580752220	543687836
src/arXiv_src_2503_224.tar	7c9d7217f0e2d83ac99a8dfc5efe9d02	532191331
src/arXiv_src_2503_225.tar	3d3bfda591c0cea4f55825f42839c825	577466712
src/arXiv_src_2503_226.tar	b85a22c5587ef5361cbc4ed3282642c4	508427041
src/arXiv_src_2503_227.tar	e0a808fc98d9f1d976ffc8236b47079c	495950655
src/arXiv_src_2503_228.tar	76393d539646387dcc0cd1cdbe797554	493499216
src/arXiv_src_2503_229.tar	82f7d91bd2799f68abc962f7df812cc3	471758463
src/arXiv_src_2503_230.tar	d09f6804e5017ae9347a44ffb78d888b	540267565
src/arXiv_src_2503_231.tar	e4ecb1bc46a3de0e8b2a073c89d4fe3e	510400990
src/arXiv_src_2503_232.tar	2483edb94448ab6310b65aaa0c5658e5	252124120
src/arXiv_src_2504_001.tar	41e803bf63495ab2dccd19d9c4233b94	524514123
src/arXiv_src_2504_002.tar	d7a60717b8624c554a3da030515cb613	508267208
src/arXiv_src_2504_003.tar	b9a1ef409af0127a776a734663aac0f1	527899801
src/arXiv_src_2504_004.tar	e435521838c65466156e0f3c4db7038f	511343763
src/arXiv_src_2504_005.tar	0419048c8c5ea85667c74cffc8aa0849	547482014
src/arXiv_src_2504_006.tar	72624f792669dc440a9774efcc440846	542783155
src/arXiv_src_2504_007.tar	99a14f15e48176bc8af0dc78898cc6f7	441243744
src/arXiv_src_2504_008.tar	77230622662736a6813bde0e25d5f48d	511726824
src/arXiv_src_2504_009.tar	b8a1f44da8ef6a89b2b543f624bc15a2	475593005
src/arXiv_src_2504_010.tar	e48e069f5e7255aedb779e9faf411045	533352374
src/arXiv_src_2504_011.tar	bbdff9a5045a4475f7e45326ba9cac9a	524735406
src/arXiv_src_2504_012.tar	33ef4e2ab53cc5efa7f22b87cddfb8a9	513109520
src/arXiv_src_2504_013.tar	37519586647c78525b2beb30dc17a5f1	526459776
src/arXiv_src_2504_014.tar	986a010b00db4794b50c6dea5b134b35	514974003
src/arXiv_src_2504_015.tar	8eada357e6b7bb1ddb4a0a84de0996bc	525192380
src/arXiv_src_2504_016.tar	c03b6b473bd4685cbd305522f210d7ef	515379260
src/arXiv_src_2504_017.tar	7bcec7465c528e80c556da33241f1fcd	530116268
src/arXiv_src_2504_018.tar	7ceecf62362470ca5469d428cc7a1418	512831067
src/arXiv_src_2504_019.tar	d33f33ef53083b8d573b0c41f331d7f4	537225163
src/arXiv_src_2504_020.tar	a892e99213497742cac1ea48c1fc3488	529721038
src/arXiv_src_2504_021.tar	7943fd399a95ad325481d2f31ab5078d	551991387
src/arXiv_src_2504_022.tar	97bf777609092cd404108cff327f55d0	507558871
src/arXiv_src_2504_023.tar	ea9a7134a99605fcfe1c4bdc9df64017	538495899
src/arXiv_src_2504_024.tar	2d5d4f6b72c725f4c38551745f34aa91	525647320
src/arXiv_src_2504_025.tar	cf36e3e68cbf411db851f56cfb98c383	524322655
src/arXiv_src_2504_026.tar	d4acec0d3e774263898a7812d49f8212	516513196
src/arXiv_src_2504_027.tar	da5dc68bfe28ca830a15215da8c0fd6f	474870966
src/arXiv_src_2504_028.tar	0c36635c357cb5da47282dfa982db322	555414858
src/arXiv_src_2504_029.tar	fd999d07c69320b9ac98b06578027574	497128630
src/arXiv_src_2504_030.tar	9f828ad73c77ed89ccb053d00d898734	504355374
src/arXiv_src_2504_031.tar	710b2ed095c24764db6f228f4675ac8d	524331298
src/arXiv_src_2504_032.tar	d00983a13a8fe0dc4b35c5beb4bed1d1	487584430
src/arXiv_src_2504_033.tar	ba689a11a0d6614944be68eab8a225d5	549823592
src/arXiv_src_2504_034.tar	8e6311f7a1fc64b569bcc06956e58169	522368003
src/arXiv_src_2504_035.tar	f85c9b2d2d11c141b3e62857e2f07245	530218971
src/arXiv_src_2504_036.tar	4b9a329ee9319b6ce125aa84e74ab61c	475083956
src/arXiv_src_2504_037.tar	334c0bd7c2fd33c47b50bf2bd29a1795	543164585
src/arXiv_src_2504_038.tar	4035b98dea50447aef8be5525568aed6	537870279
src/arXiv_src_2504_039.tar	00def141f6ae9c91e17600bddf4664fd	529742860
src/arXiv_src_2504_040.tar	11e7e3ed777803871b17c21e391589a3	538470797
src/arXiv_src_2504_041.tar	663572ecac94f668982c8eb49db83a65	497540522
src/arXiv_src_2504_042.tar	e34b303181d1bc2d5eaa658441bdc6d6	521488806
src/arXiv_src_2504_043.tar	c67b4230a03db87cd2787adc8406153a	521233512
src/arXiv_src_2504_044.tar	595b0fa98c631a4a81ae9bbae060ff19	536089307
src/arXiv_src_2504_045.tar	14751aa4a4657368e762faa0692e1d84	642733698
src/arXiv_src_2504_046.tar	10f0762169fef7645f498c0297d6e450	477356180
src/arXiv_src_2504_047.tar	907517ceb00546cd505dbe9f81ca52e1	509511269
src/arXiv_src_2504_048.tar	2ce66b44298bc8e969ebea349afd4549	519556116
src/arXiv_src_2504_049.tar	4a5dd4cc25528b6ef166e69f0c0eb65e	539871940
src/arXiv_src_2504_050.tar	4ce5ed57f7dfd915e7d86ade551c6ad0	524670813
src/arXiv_src_2504_051.tar	cb1d58ebd8b0c708e1a13782c10be788	527285129
src/arXiv_src_2504_052.tar	dc40a6cc5935bcf9cb0e4ab3cb6e44c9	571769716
src/arXiv_src_2504_053.tar	5dcbc9a8ef10e1c3a17590a7658f1149	529349474
src/arXiv_src_2504_054.tar	fd583ed2aa466e2a7f60913077b84e05	504103259
src/arXiv_src_2504_055.tar	9b2ce0ad5579ef242137997284336cfb	578164783
src/arXiv_src_2504_056.tar	d16a52e12490caa352c5e03f84e56097	525708480
src/arXiv_src_2504_057.tar	9ad0734d136e14e987071bf37fc71509	566164788
src/arXiv_src_2504_058.tar	0b99f1443fa372e924d7443b48beb067	530765556
src/arXiv_src_2504_059.tar	e1daa39c526977046bc889de327a565e	529650186
src/arXiv_src_2504_060.tar	9cd0ec88b33bfebfe06ef9721e8fb83c	527905981
src/arXiv_src_2504_061.tar	edf76855464650157c16fb1bdf8da36a	525516947
src/arXiv_src_2504_062.tar	0d084240308338f8b31cf9623fbe7afa	498840315
src/arXiv_src_2504_063.tar	b979e25e15e6a9433752c0d57d63953b	507971608
src/arXiv_src_2504_064.tar	df9dc6080251227c3de4ab1952c06d0f	502984288
src/arXiv_src_2504_065.tar	aba05446fe1c3ae7b1b58652991a10d2	511190445
src/arXiv_src_2504_066.tar	f37eaddb8b63c5a9be38a644c4b147ab	528497762
src/arXiv_src_2504_067.tar	9b5d86c6782e2cbf113d639b3514597f	538825121
src/arXiv_src_2504_068.tar	8066b4fc422b403034c9c13dc9d97907	512638828
src/arXiv_src_2504_069.tar	65594ec532be8fabfdd48b0f0e0c7f0c	522741533
src/arXiv_src_2504_070.tar	810e9d616838029b74388b7d45b8d8fa	531684119
src/arXiv_src_2504_071.tar	2cdb8fb05327d1bf3ecf90e84e583158	548333163
src/arXiv_src_2504_072.tar	5d9f05061c77d926ec0c1003ebed2581	511603529
src/arXiv_src_2504_073.tar	9ff9c9b02d4032ff37c198e9aba08d4f	524690830
src/arXiv_src_2504_074.tar	e2e974dd38a027149466752b4c87a7f4	539210017
src/arXiv_src_2504_075.tar	53ff3a42c95336f3df953af290751f10	536800243
src/arXiv_src_2504_076.tar	96db51a653bbbfc890fb833c7b4ac14a	423309317
src/arXiv_src_2504_077.tar	1aa677f9f6cc1d52b06a43bc3d73fc42	500125457
src/arXiv_src_2504_078.tar	0a382a20ed2b68f6c2ff497ff9176cc2	568954183
src/arXiv_src_2504_079.tar	b39e21d9535e3c2a230b7e5f4fc5af84	505638797
src/arXiv_src_2504_080.tar	6631eb6e9f1d5b1564b2f55dd4e6510a	510029432
src/arXiv_src_2504_081.tar	5221cfe692ece30fd8dc19ad41ecce4e	502043186
src/arXiv_src_2504_082.tar	38a79a91fd21dd352288cdbe12141c63	502296595
src/arXiv_src_2504_083.tar	47bc4074393bc75d28046a9f95dbf1d0	541115529
src/arXiv_src_2504_084.tar	55f7bef59ebc43d8e268dcb41dea8815	540361365
src/arXiv_src_2504_085.tar	0c289df1127b2ad5aeeb4722bc71feb3	522899964
src/arXiv_src_2504_086.tar	1292fd00bcda5c35654cc3f6a1bcf6ca	510127474
src/arXiv_src_2504_087.tar	0207f8701514a5c9f81bec91d73cd382	568632341
src/arXiv_src_2504_088.tar	a438cdf8705a20ea674e650efd5e2b3a	527760659
src/arXiv_src_2504_089.tar	8058b359bd7c8792ea9846d448142cfb	437889235
src/arXiv_src_2504_090.tar	67030c59ddf398d1cfdc0cb04334beca	540564736
src/arXiv_src_2504_091.tar	0329c42b89032e526761ba50307d0086	509400527
src/arXiv_src_2504_092.tar	8a2de8e9db334080da6bf1f8f62c9d8f	570621628
src/arXiv_src_2504_093.tar	2f04e1d0679c6b194f0fb66416b83ed3	455104343
src/arXiv_src_2504_094.tar	1898cd11348d1f252a290b49f4605d2e	518360245
src/arXiv_src_2504_095.tar	05641726dead4137e7f0608a2f22f10e	526447382
src/arXiv_src_2504_096.tar	417033c9aa8f35b5bfba74dc08a0d741	508432309
src/arXiv_src_2504_097.tar	a0fab07dceb45a6cb075fd4112d93323	540793248
src/arXiv_src_2504_098.tar	0b95c271267a5fab9585af1fb32eef75	507724889
src/arXiv_src_2504_099.tar	b423ab0b81c1f58d654eb5e983190deb	518266319
src/arXiv_src_2504_100.tar	cc6a7b33ff9e4bf907d0f786ba8505fa	447934921
src/arXiv_src_2504_101.tar	4829bc6ed65497f5f943895c56d35d1c	493295693
src/arXiv_src_2504_102.tar	214b03c77944a0d6ba002cf4b1c2f86f	528934155
src/arXiv_src_2504_103.tar	5fa1c505b359a63baac351e44e490909	486540430
src/arXiv_src_2504_104.tar	fc1f963c01378b62f98000aff69a743d	550352853
src/arXiv_src_2504_105.tar	0bdf776a19e5da9fce1f1c4b45a0e5ce	493097871
src/arXiv_src_2504_106.tar	3da492cb39406bbdf30d394528393f49	538491518
src/arXiv_src_2504_107.tar	f616eacea61b528a81b823f72f79a7b7	498009763
src/arXiv_src_2504_108.tar	47ceb0a79e6d29bb320b1e6179c72f64	496479063
src/arXiv_src_2504_109.tar	ef3e9207903d9b590abf3a4f1f52c313	485411258
src/arXiv_src_2504_110.tar	5d8a61ec3bbad634fb41bf7b173ca4c3	602407794
src/arXiv_src_2504_111.tar	9c77cf69b95427617d6883b8872fa30f	501421899
src/arXiv_src_2504_112.tar	4ed9d8c5e7fc7d03a1f10313a63b07b4	569624166
src/arXiv_src_2504_113.tar	ae80baa8a04ef82b28b9c3a0dfa920f9	418184110
src/arXiv_src_2504_114.tar	41abed356221301feb37ced2be6384a2	519542660
src/arXiv_src_2504_115.tar	8e23c84feb69cdebe32a214057ef7b0f	465731058
src/arXiv_src_2504_116.tar	50276ea6f7b435d9cf65b90f00802ca7	521649122
src/arXiv_src_2504_117.tar	de2205fa8c6cd5f1e006b448a607b8fd	576759883
src/arXiv_src_2504_118.tar	913c81292d525f8cc5ac33acfb8b2546	533277506
src/arXiv_src_2504_119.tar	98bee5ba9a0910c7338f6727fb7d96f0	536950791
src/arXiv_src_2504_120.tar	b6f3e8c6af73cf005f5fe81774abd0a7	489281142
src/arXiv_src_2504_121.tar	d5d7329aa3c5591ac1ae1507f082e731	530742509
src/arXiv_src_2504_122.tar	653d71b9ac39ee7a7edc030d2a2c250d	533631541
src/arXiv_src_2504_123.tar	5af966a36a7dd95673555d297ab4e9aa	476603589
src/arXiv_src_2504_124.tar	674e677ab4c75da81613a7a91a43b692	528988243
src/arXiv_src_2504_125.tar	6c6a521a20477daad4eaad0c32da73ce	524602654
src/arXiv_src_2504_126.tar	7a25c7626362ac53bbec1890577826de	529027748
src/arXiv_src_2504_127.tar	e79e35ac6073ad212ce34827f9ead6ab	515181414
src/arXiv_src_2504_128.tar	a24be5810a22b306c87bfa8263db29fa	608587762
src/arXiv_src_2504_129.tar	97c5f4c757e098e07eb9ad46eb33ea01	535964269
src/arXiv_src_2504_130.tar	d8ec35970ca4d8ee75a2f9aaf9fd5154	529837277
src/arXiv_src_2504_131.tar	61bbf356c06f1c4937a8714ecb24ab05	502613557
src/arXiv_src_2504_132.tar	4f007fb89d1536c3f627034b3194b119	556612662
src/arXiv_src_2504_133.tar	8f32c5fa25f5d4f1d4e50e3e19e180ff	524582744
src/arXiv_src_2504_134.tar	2f2794431a0acab9e572978d14a518c3	446667930
src/arXiv_src_2504_135.tar	bd93af2282b43c8a7ad0c370ce95372b	474108465
src/arXiv_src_2504_136.tar	9be293c6c3b9dbf6077ec81cc9ccbd47	621742146
src/arXiv_src_2504_137.tar	0aad98590e9d92c36f27069eb0266dbc	510740099
src/arXiv_src_2504_138.tar	2dde4063ca478ad62900e17d2f675b28	505967281
src/arXiv_src_2504_139.tar	00ddbf308a731dd8262d2f0be1d107f4	571301913
src/arXiv_src_2504_140.tar	e8dc0dd87cdc8b6df4e03df21491e4dc	496770494
src/arXiv_src_2504_141.tar	68aae55f68eca6a3e1649ed446286830	491990813
src/arXiv_src_2504_142.tar	d913c4fce67e429995613a06deaf4593	536148921
src/arXiv_src_2504_143.tar	077748849e1a112b7f69c233599f47b6	576136082
src/arXiv_src_2504_144.tar	9c0379c1a12adc4b73f5445b4bde94d6	532351402
src/arXiv_src_2504_145.tar	de1ead2119cef8ffa9e247f9e912c5ec	514488452
src/arXiv_src_2504_146.tar	ae26d7e870d106c19b1202ddb394ba7d	507884987
src/arXiv_src_2504_147.tar	aa017d85515af8f90ff0c5ff3617388e	512066544
src/arXiv_src_2504_148.tar	9d0c97bb109b925f9812cb28f6e71470	520608026
src/arXiv_src_2504_149.tar	3033dcff270b6acc5f70fbe8c99991d0	525129282
src/arXiv_src_2504_150.tar	5384f3f7c7d55c2b770d48a796e6a1f3	517963872
src/arXiv_src_2504_151.tar	45f9a71b13196b50464f80e2acea03d9	472853782
src/arXiv_src_2504_152.tar	6c34f7b7c025fa6972e701903866f2b4	554816481
src/arXiv_src_2504_153.tar	d6e473dffa16e6ced52220f24c6d31a9	511163887
src/arXiv_src_2504_154.tar	e9e6a71ed8bcbcfde1847d47c0608bb8	485778488
src/arXiv_src_2504_155.tar	e751f9c80fd05dd563a77c8a86a6c19a	488736896
src/arXiv_src_2504_156.tar	880672bff4dc358678097339327b26a8	471766216
src/arXiv_src_2504_157.tar	6cf49a319b2c472a5e4396b8e1495ae0	543671130
src/arXiv_src_2504_158.tar	a1e4aee021d8c99aa806224b8009f894	512180290
src/arXiv_src_2504_159.tar	8475228c99f3a6659a1b01b003fb6436	517838468
src/arXiv_src_2504_160.tar	c50dd3ed2545dc6202d9892c141df003	492148811
src/arXiv_src_2504_161.tar	9f6fe31a0971809ac66e4b96b10d282b	493578192
src/arXiv_src_2504_162.tar	0df8e95ab21c762d4dbc702a7e45ab9b	490207151
src/arXiv_src_2504_163.tar	70f4ecee3abaed432c18106027096068	504511659
src/arXiv_src_2504_164.tar	97f186e8d2eed3f4206ebc552ad799c8	540224573
src/arXiv_src_2504_165.tar	a81df523be18146edfdedacd6da5fad7	557329823
src/arXiv_src_2504_166.tar	64769fe9434be8d1bfa486b75a914b3d	559014831
src/arXiv_src_2504_167.tar	824e3df028c9ea8d04435aa2354f8f01	568572150
src/arXiv_src_2504_168.tar	eb350f26dd9b04036e477c5b5c0e232f	514419544
src/arXiv_src_2504_169.tar	5f047f50e5140d1fa57025f4ef027326	535467628
src/arXiv_src_2504_170.tar	a34c5bc9cb2a7fc880f1e67eb2662505	512951925
src/arXiv_src_2504_171.tar	831a4ff062bf2d14865e3f864ce5f2ab	541094990
src/arXiv_src_2504_172.tar	1099dc3fb1832ec395a1aa1908ccbf19	468356450
src/arXiv_src_2504_173.tar	2d0b6b148ab9124eed9fb7fc70716b10	533208399
src/arXiv_src_2504_174.tar	9c57d1fd85ec744dfc28829387c94be6	558728180
src/arXiv_src_2504_175.tar	9d955ac46d417e3bb5a03dbb36d4e90f	490209808
src/arXiv_src_2504_176.tar	df3f79c5dede59d4a162cd1ff487b7ad	492911010
src/arXiv_src_2504_177.tar	c7e37ed9197750b0ff38284d5bb36333	494966213
src/arXiv_src_2504_178.tar	304e833383c9341f61cd9c7c03a58f11	515803275
src/arXiv_src_2504_179.tar	6c8d201851e7e46fd5bda6c70262186d	526311911
src/arXiv_src_2504_180.tar	ed5e952b34a63df3643ae29a946ebeba	477544856
src/arXiv_src_2504_181.tar	bf13a5a37bc9d41300d5a0e0b860832b	501928412
src/arXiv_src_2504_182.tar	a3883fdb0d50c63f43dc0187ba519f07	527768521
src/arXiv_src_2504_183.tar	3f64244cefe756de709a3ddf68905289	524676662
src/arXiv_src_2504_184.tar	2d75223284281aadbbc5b0925d5eda50	448125271
src/arXiv_src_2504_185.tar	fd74a55c3155e1595f8c7dcd90146a10	509670891
src/arXiv_src_2504_186.tar	cf96718da3c5392de624f2be29914606	479316164
src/arXiv_src_2505_001.tar	74ca59c4cadfd5dc54bbc1ffab252e1d	507323568
src/arXiv_src_2505_002.tar	c132006129613f3efd89776797be323a	533235851
src/arXiv_src_2505_003.tar	93efe736c453efda257763e99e3e1407	535759836
src/arXiv_src_2505_004.tar	aa0543d97c93fdbd2a3284f5b88ecec0	458163342
src/arXiv_src_2505_005.tar	fdf0588d11f6522b9688780d37bbcc42	555038951
src/arXiv_src_2505_006.tar	4ae296c0fa30b646797430d6cd6ab05b	473101399
src/arXiv_src_2505_007.tar	bc7ee11e189aff5714a7f7722512d090	556689269
src/arXiv_src_2505_008.tar	bb6e29a337419f1142f61d31fda77dac	528454777
src/arXiv_src_2505_009.tar	69dabce669bf347237f81c487813913c	518517926
src/arXiv_src_2505_010.tar	b7fead8dccd95ecb4c43358f1193c5e1	545432167
src/arXiv_src_2505_011.tar	3e6c78ae0b44321e2ec45fa92829283b	484134549
src/arXiv_src_2505_012.tar	01a8d90606ba57bd6e504927a24a939d	490878391
src/arXiv_src_2505_013.tar	93ae09df819dfb0b5872d2035fe50ece	456524765
src/arXiv_src_2505_014.tar	5f53ea7382e7ae39f2cd89f7820fc4ad	553892742
src/arXiv_src_2505_015.tar	b10e05d873db1ff6fbc35f71c90d4696	475876191
src/arXiv_src_2505_016.tar	e681e2697bc0a610a041616245728a48	546611372
src/arXiv_src_2505_017.tar	ca7eaada5edaa9ff6ff5b85cbe5f4e2e	516151519
src/arXiv_src_2505_018.tar	c12d6d3aba5601e3d470bf03a1a09c0c	551817202
src/arXiv_src_2505_019.tar	bdf50059f06c8d8ffa5e7c45f59acd6f	563714329
src/arXiv_src_2505_020.tar	a7d9f005647aa6a3b53675cfc6fd6a2c	521850998
src/arXiv_src_2505_021.tar	98932abfb4c39c64605aee949bbc90a0	553049098
src/arXiv_src_2505_022.tar	a7a754ec32f785292e6ba674bfbf94f6	549927438
src/arXiv_src_2505_023.tar	24ebb3f385cbc07989d22dd841d8c621	504148691
src/arXiv_src_2505_024.tar	c1abd056dd158bf3e586d7afe3132226	515873355
src/arXiv_src_2505_025.tar	7aca128659471981271c748924c055c2	531476447
src/arXiv_src_2505_026.tar	7843d0c68047e1e8ac63ab2b166a1d33	577821722
src/arXiv_src_2505_027.tar	14dd2b8cf14bf37c6204d891e529e7eb	515076177
src/arXiv_src_2505_028.tar	5ccb487ff58800654dd6f486305bf342	518481811
src/arXiv_src_2505_029.tar	68e52055d965a456dda990b068a0312e	551476202
src/arXiv_src_2505_030.tar	c3c50a9e32929893f268d347c64f46bb	506483556
src/arXiv_src_2505_031.tar	c1c80ccc5c42f97075ee5fcbc14a3305	458227908
src/arXiv_src_2505_032.tar	aa483c96d0114631ee408ba4557a84f9	480599197
src/arXiv_src_2505_033.tar	631f7426adfac1be451c7313bd6197f9	533240454
src/arXiv_src_2505_034.tar	04048cbff10c5823acd582273057af95	500024445
src/arXiv_src_2505_035.tar	9178e0c00c3b68f036f843282396bec1	500462515
src/arXiv_src_2505_036.tar	3a9e0e6e8181899d0ee6653bf6cf4adf	604182182
src/arXiv_src_2505_037.tar	1879d8890b85f3e0b173ad9c95a0b14c	518747862
src/arXiv_src_2505_038.tar	960c060d130cadf58648af69bfeea391	525544549
src/arXiv_src_2505_039.tar	9174c27acf7fe196a8ca1b5b19c2f486	548706913
src/arXiv_src_2505_040.tar	3a047b40c4cf7629905330ad7c768528	526689048
src/arXiv_src_2505_041.tar	8939113bbea07be779c58c0d25d7c492	532473974
src/arXiv_src_2505_042.tar	a690a899ed7c7679718aa41db74f53ff	565806283
src/arXiv_src_2505_043.tar	fe9c1410a293e7b038e2910fcf0d9190	502188986
src/arXiv_src_2505_044.tar	96b0c9b49e2d4350730fc8c6ef081be4	506836647
src/arXiv_src_2505_045.tar	ccbf44fdddfd21d0ad6a3759ff006f90	431555527
src/arXiv_src_2505_046.tar	fcb016c373c69569b2c770b9184b7086	506677018
src/arXiv_src_2505_047.tar	993c4939c445aa06f3ffac258826ff3d	546965705
src/arXiv_src_2505_048.tar	cd8befe02217a2816399c525810ff68f	513261921
src/arXiv_src_2505_049.tar	181db47e199022a6441943bfc0cfe293	509343819
src/arXiv_src_2505_050.tar	35474335d62396096e5decb22546e32e	563938457
src/arXiv_src_2505_051.tar	77b580d89a78625e97c385c33cd87b9f	545461916
src/arXiv_src_2505_052.tar	c222d767f7e2bebb7e47d7d1d6270939	538390794
src/arXiv_src_2505_053.tar	e492fdfed586448aa9af70a5d659902e	525145948
src/arXiv_src_2505_054.tar	858d50b217174a9aadc92308712a0a1a	572461811
src/arXiv_src_2505_055.tar	f8050349d3b94345a31545f3cfc62081	537586655
src/arXiv_src_2505_056.tar	4857e6a3a6dd434d0c2e5932513a6ee7	529913329
src/arXiv_src_2505_057.tar	f2cc75824d8d86ef418ccd98bc0cec5c	529404180
src/arXiv_src_2505_058.tar	bacc3aa1047d6b4d923da31cb09c9399	510656542
src/arXiv_src_2505_059.tar	0027212dd1bebf6e2cd5927406310c59	542906243
src/arXiv_src_2505_060.tar	a11773d8b67d063454aac500bfe5c0e1	620061728
src/arXiv_src_2505_061.tar	4dc484dc7254cdbbcec348ae15b21fd4	529187181
src/arXiv_src_2505_062.tar	880b40541f73d41fd656960ef8670afc	511035495
src/arXiv_src_2505_063.tar	5f6f5a0a63e4a140e5ce73ecf1626153	532300764
src/arXiv_src_2505_064.tar	0bb22b8a5c813d1e0fb4c2da81dbaba6	507705923
src/arXiv_src_2505_065.tar	919fe7e96a81a8d2d3858b8fdcdc403c	550591251
src/arXiv_src_2505_066.tar	16366bd473daeece05a958b3eb8a7a60	541495831
src/arXiv_src_2505_067.tar	738295bbfc0d8dd65a96deda83a68190	576577574
src/arXiv_src_2505_068.tar	4768c21b565baf342eb9c3e466c82745	556815911
src/arXiv_src_2505_069.tar	1bc125e365bfcacaaefc4d5d05a1a01f	539899314
src/arXiv_src_2505_070.tar	256702ccce959b67d4e5941fad463689	548429092
src/arXiv_src_2505_071.tar	f246304e32798a9b58bcd082ff260d77	524530532
src/arXiv_src_2505_072.tar	3223ba95ce479fe2c97e04a91d95b3ef	519442833
src/arXiv_src_2505_073.tar	8e24fa126c89290c5cc6b8e714ab1ef8	561600957
src/arXiv_src_2505_074.tar	4744dccfa5abc843c9bb39e20409c481	526749898
src/arXiv_src_2505_075.tar	c7333635213fb824c4d0098e22fb191e	524988081
src/arXiv_src_2505_076.tar	85a1b8ac101a5c210229128ccadc504e	526116482
src/arXiv_src_2505_077.tar	2931bd2422adfcb8f0cc96e2bb2ebee9	483877158
src/arXiv_src_2505_078.tar	bccf8a6e91573ea0e4478ef7eb239567	529264348
src/arXiv_src_2505_079.tar	e47b1f4448a842161b7e475c48fe2075	527014093
src/arXiv_src_2505_080.tar	3fef3e3e67cbdc32c7976b83c62caaa6	515647992
src/arXiv_src_2505_081.tar	9b6def8bff35ce88fa47da7c60246bcf	590165745
src/arXiv_src_2505_082.tar	e72e1648227c6302016400f5bee4af75	504644955
src/arXiv_src_2505_083.tar	fbc6baa882d138edd08594af32f7e34f	531320587
src/arXiv_src_2505_084.tar	ec8ec7387a687d2ed110885d10068a90	555779093
src/arXiv_src_2505_085.tar	dd6b787a6963cf4c8cad2431529386a8	506449290
src/arXiv_src_2505_086.tar	5d50d9e0296bde0aebcb5cf776451f7f	540099401
src/arXiv_src_2505_087.tar	910692326349f6852658bdc3705b6d60	501499621
src/arXiv_src_2505_088.tar	7ad9ddaed891305a8f101ea31f647b42	525709004
src/arXiv_src_2505_089.tar	f9e78b04e1707fe4698d11159b05f5d1	556255857
src/arXiv_src_2505_090.tar	a3238ed3daff8932a7439ccc093cfa53	555418386
src/arXiv_src_2505_091.tar	9bd0c7a05fe73c46eb0ef10160e3af00	526372113
src/arXiv_src_2505_092.tar	28a6a25f33e902f99b3e886bfc1a9dee	547676113
src/arXiv_src_2505_093.tar	914d2ced8f038687c871bfd98c3ebe69	536685937
src/arXiv_src_2505_094.tar	36424ca3ded6a5a0286239a273c87c71	527251390
src/arXiv_src_2505_095.tar	b0f82bb45d027e37427bfd6e63aa297f	485113336
src/arXiv_src_2505_096.tar	4c7eb97195176c0fcd1594573b15a524	623629678
src/arXiv_src_2505_097.tar	e57f3b6a499be17d3a93a04bb4d9acbd	573870701
src/arXiv_src_2505_098.tar	ecafa117cb0bd1492e4d6785b7059915	536014492
src/arXiv_src_2505_099.tar	2c5f31d4df227d5fe1aa5f93d66fcb54	518301592
src/arXiv_src_2505_100.tar	3f6bc0383ee264da146271fbce587e68	527410688
src/arXiv_src_2505_101.tar	505b2f9fbbf3811530e244c5e689ceca	502642760
src/arXiv_src_2505_102.tar	2a6ef4b386afd5f4387617fd5b5e9c70	541196811
src/arXiv_src_2505_103.tar	ec4a43397dcf325faddf75386cbc8241	503826445
src/arXiv_src_2505_104.tar	3cde788b3e663383012965c39f43588b	539766856
src/arXiv_src_2505_105.tar	d8970c15bedde65f74807f6ce28de956	542113259
src/arXiv_src_2505_106.tar	092855f5b71998f6d944993b3d338fb1	536546336
src/arXiv_src_2505_107.tar	00e104a22d7c412c55bf814c850eb5e1	553321460
src/arXiv_src_2505_108.tar	7d99c4495259d3e378a0018ba6e60e27	526917218
src/arXiv_src_2505_109.tar	ff8a6ba6a99cdc93dc7b85b5d699182f	524477740
src/arXiv_src_2505_110.tar	2cb138e050d81994f1bc334b9f85da66	508402172
src/arXiv_src_2505_111.tar	37ecf12b53641c6cac799dfd4e10b48e	545649911
src/arXiv_src_2505_112.tar	a4cd4262b4c44d0bb7151bb2e4680853	527600733
src/arXiv_src_2505_113.tar	d09d4067c6ca1475778d2aa51cdcae3b	530914452
src/arXiv_src_2505_114.tar	4e93aa12e1a8ebf2a4a78b3207858196	524673181
src/arXiv_src_2505_115.tar	a41f48438abd439c8958570db9372637	526257336
src/arXiv_src_2505_116.tar	db647032f3a511da77e53d2c3198255a	538954247
src/arXiv_src_2505_117.tar	902f782d2a1907796ea031c402f9c5fe	496350738
src/arXiv_src_2505_118.tar	4fb8868e57cba09a7f2a3e12da8dcfa9	564467662
src/arXiv_src_2505_119.tar	1bd6bc22560d9ba5f1feac5bce1ac190	562672542
src/arXiv_src_2505_120.tar	d24ecc1c0372cf388434ba6dd76151e7	517080744
src/arXiv_src_2505_121.tar	ac2c386717343d88e9839c6c5e188176	548417253
src/arXiv_src_2505_122.tar	d5ef2bfb2dac00ee47ed0bcdb2f572b5	494158495
src/arXiv_src_2505_123.tar	8bc21a3e6972e9663aa0a59cb7972b60	471737341
src/arXiv_src_2505_124.tar	2a9ba0a975470ad1b42b806ab13c51da	458488999
src/arXiv_src_2505_125.tar	d57d014e772b6d432ad5f99e79e83424	508633615
src/arXiv_src_2505_126.tar	9cd81155115c5a7aca2730b5509d0614	603821352
src/arXiv_src_2505_127.tar	ee750c13d070e0ca3506b5d6c5ccc2bd	524722380
src/arXiv_src_2505_128.tar	059777d48343a029629bedc7454b04c9	524425490
src/arXiv_src_2505_129.tar	ad07829f7fb688d80de768257e9f698c	578188676
src/arXiv_src_2505_130.tar	61da75b1f434e7aeaa5a86922b095823	528254304
src/arXiv_src_2505_131.tar	fae90dba9cbee916dcdeaf89d01860e5	570830197
src/arXiv_src_2505_132.tar	52212740a949139c18c190f4e6dbed4a	510201652
src/arXiv_src_2505_133.tar	7f0423a341a525aab723f17727a5e48c	525466813
src/arXiv_src_2505_134.tar	90f4841b5d3fdb3bbef9296229a4efd8	553484509
src/arXiv_src_2505_135.tar	d837220a0863eb660774f673519fd8f3	522361267
src/arXiv_src_2505_136.tar	b29747ca693eb17b2416246628115d3f	566127081
src/arXiv_src_2505_137.tar	79e1393a480631d6192b8d3bea7f6d0c	505755304
src/arXiv_src_2505_138.tar	ee2b182eeecebf794b2d48529b5abb1f	486803224
src/arXiv_src_2505_139.tar	bd26488b3a77a72bc95f539b4145b943	529868946
src/arXiv_src_2505_140.tar	ebd6462c0bb41f29c74a985483394d1d	524721638
src/arXiv_src_2505_141.tar	4c1603ced3fbff38de7c6687d125ab96	517403740
src/arXiv_src_2505_142.tar	03f3e81d9967c44a7a6d8c4d477ca8b8	538076167
src/arXiv_src_2505_143.tar	e72dd95adf5a71c9a991c40712c1ded0	571835278
src/arXiv_src_2505_144.tar	dd953539f1f5b344fe66c44e913e7941	528229387
src/arXiv_src_2505_145.tar	5817ff0da03a9beb12ddadee55fe9400	517528373
src/arXiv_src_2505_146.tar	d8af16f53ec1e830d06ef9f73818bc40	538558215
src/arXiv_src_2505_147.tar	4ce78fb12a044a5159a1e12f23440838	547269313
src/arXiv_src_2505_148.tar	ade7be0d7a511502e6fa180e9057eb3c	547679887
src/arXiv_src_2505_149.tar	41d58f0f042336874469dddeb93c714e	532435196
src/arXiv_src_2505_150.tar	7a0d8b11a759444e936854b8cf99a10a	554816094
src/arXiv_src_2505_151.tar	e2de2f17d81a1a4bd461897c69454daf	524557162
src/arXiv_src_2505_152.tar	e82265d273812ed7bcc83ccd89cd3ac7	553500546
src/arXiv_src_2505_153.tar	e20bbb02707c9f630e54cb7ae963a991	526545028
src/arXiv_src_2505_154.tar	72d3fe9fc6598a27cfc1f609c94efa38	575989114
src/arXiv_src_2505_155.tar	977fe0c7d04fa4bc98a5cda20afad9b7	617523610
src/arXiv_src_2505_156.tar	66e000052d3284ab6c85c189c174552c	525404004
src/arXiv_src_2505_157.tar	0ab023e9f35415cd1203bdbb7c500c6b	509550613
src/arXiv_src_2505_158.tar	de5ce5004a029742141e421adf351c35	499568211
src/arXiv_src_2505_159.tar	a538bd2fc8276faa1bee19d6bab12005	522612613
src/arXiv_src_2505_160.tar	02ab4dc9473d3dfa3a658d8e1ba68bbb	555944074
src/arXiv_src_2505_161.tar	9a7ca4bb708bf1c1f8be51f0a91fa244	515721029
src/arXiv_src_2505_162.tar	b18f4c758ee621616c9179742f0c197f	504346297
src/arXiv_src_2505_163.tar	26a567fe4fbf2d650ea1a28fef43ee92	529072765
src/arXiv_src_2505_164.tar	eeb4795cd5f0e4f0d7eac84a4d155759	527610752
src/arXiv_src_2505_165.tar	13b94546e54fc563eea9274ba8989d53	514669078
src/arXiv_src_2505_166.tar	88c8ea3d5245bbf79651602ee3f2782d	525727249
src/arXiv_src_2505_167.tar	663a9090f2d54b1b20be3ecd2fb18678	527916843
src/arXiv_src_2505_168.tar	1165e2a5283f62fccd29cf9434e73ddd	509492691
src/arXiv_src_2505_169.tar	112552dde572e1914c7927194e9090fa	529666751
src/arXiv_src_2505_170.tar	8b19b76f38997c7423736dfe41efc76d	545196565
src/arXiv_src_2505_171.tar	4b9cf0b60f04d76466798453238e5dd4	535922611
src/arXiv_src_2505_172.tar	dfaf498d461d33c52c2ffd506a7b93f1	520271621
src/arXiv_src_2505_173.tar	8a3e10b96033b1100c7233ad9a5f3621	482940925
src/arXiv_src_2505_174.tar	2dad6847ec10ca1bb4f951d0e77afc7e	585315163
src/arXiv_src_2505_175.tar	8e09a61b2db2a538a678f5f8edb46f1c	520383933
src/arXiv_src_2505_176.tar	619288df2ff96662f609c6a1ba61eab8	533283268
src/arXiv_src_2505_177.tar	18c0fbe60c48b6e1ad7fb48bc4526e71	525030980
src/arXiv_src_2505_178.tar	f46a998bc3bed376297e367393fdfb96	472896309
src/arXiv_src_2505_179.tar	d84694f79665ec277b176641ee472b33	532692811
src/arXiv_src_2505_180.tar	65a148393250ac1e24d9c9245b4b5cbc	533397132
src/arXiv_src_2505_181.tar	65259f94e8015cfeabb9100f4207e54e	489955621
src/arXiv_src_2505_182.tar	5d9ab4357794ac3a1de7de2d0288851a	517997921
src/arXiv_src_2505_183.tar	b7c25d5d0e846f87bb4ec2080605f4a6	522844600
src/arXiv_src_2505_184.tar	594e5ff9b09bacf826e52dcd1ffdffe9	528945624
src/arXiv_src_2505_185.tar	0e35ddc9b278192432dadc942a7e7a6d	506054003
src/arXiv_src_2505_186.tar	63ce6a0d8bef1292591e33e4745deabd	552704863
src/arXiv_src_2505_187.tar	4747ce032ef249f56074774bf117b35c	527258301
src/arXiv_src_2505_188.tar	91b5be5a4a4ad2291ddbcf2616887768	533880870
src/arXiv_src_2505_189.tar	0dda34b05ed1282a05eb1ca758be808e	502377256
src/arXiv_src_2505_190.tar	250f1277469ee34d5683f36f68577b2d	543159026
src/arXiv_src_2505_191.tar	9f880ea35dabf53694137138c72b80fe	517831057
src/arXiv_src_2505_192.tar	bc553a76fb827ecf85d0a050931a33f7	554988144
src/arXiv_src_2505_193.tar	12bcd356f1b70e3a8564e960bf457027	586323702
src/arXiv_src_2505_194.tar	fa20c21550bd75ca64963052d778695d	518418865
src/arXiv_src_2505_195.tar	f14a85bf689174ff67468990689e6e32	524881291
src/arXiv_src_2505_196.tar	90304fb84e57ffe27b192bae481dc7b5	544165506
src/arXiv_src_2505_197.tar	dfc80a96208b343629fc2f43a921ee9c	638552624
src/arXiv_src_2505_198.tar	ff7be3ae240fdfdd93b6efee084438c3	545875526
src/arXiv_src_2505_199.tar	d6583e5d930d0aed9b9b2ef2a018d611	559145091
src/arXiv_src_2505_200.tar	a90b9a7db4c8bc1d5df546181919a6de	516081481
src/arXiv_src_2505_201.tar	8d57e0def915e2de27ae863d89c9459b	552584126
src/arXiv_src_2505_202.tar	31a8d7c4fee1b58fefa318a06f4c034c	524651474
src/arXiv_src_2505_203.tar	9a7ac203c4c1e004b13d667710581510	544397909
src/arXiv_src_2505_204.tar	6840fc77d235b49c247a214b3c2f7c2d	534889618
src/arXiv_src_2505_205.tar	1eb5778f1cda14f0bb7e5f5828385f55	542749337
src/arXiv_src_2505_206.tar	4855e4bcb8d6711ce81723d04461df7c	372820168
src/arXiv_src_2506_001.tar	da39c9343625ff8b095fdcef2beb844d	596980988
src/arXiv_src_2506_002.tar	7c922b4647a4f0d5f4634d0714cd9e8d	514810624
src/arXiv_src_2506_003.tar	fcd695afba2754903da417224f8ed4e7	582464838
src/arXiv_src_2506_004.tar	0520ba667f2acfedd88989277324b9c8	533350893
src/arXiv_src_2506_005.tar	a23778cc1e1e7eafb387c079b990fdf8	546742926
src/arXiv_src_2506_006.tar	b7ba8296795cd5361ae4abaa16abd3e7	525369753
src/arXiv_src_2506_007.tar	9550c079870d8c35617796c2784e9d95	528887241
src/arXiv_src_2506_008.tar	cb02cdd81efefccb9f0126e3a1529f74	525912557
src/arXiv_src_2506_009.tar	094c7ccd13b12806711967a8aea331ae	532071174
src/arXiv_src_2506_010.tar	9e7102c451cca0261f136993a0e630ae	531783417
src/arXiv_src_2506_011.tar	90d9bbad3f5c405443a57a271de9d8c6	524437570
src/arXiv_src_2506_012.tar	cd9758de22df2bf32b97fb741575d19f	558679571
src/arXiv_src_2506_013.tar	8322809ab883a8c79da246d04995bfad	546252807
src/arXiv_src_2506_014.tar	e0d88024bc07f5e77004aa2988b398c7	534368765
src/arXiv_src_2506_015.tar	a356118092c95e3d4790b6dce520c7d6	538447171
src/arXiv_src_2506_016.tar	36ebcd6e55704d4a7fac31e268778ab9	530795451
src/arXiv_src_2506_017.tar	73476d04c15b67fddc2b6e5f332af002	535861858
src/arXiv_src_2506_018.tar	0585b0eb3ad4642eff7c507ecfa36343	527481689
src/arXiv_src_2506_019.tar	765e3b3875031946cd768873f84f9221	534119518
src/arXiv_src_2506_020.tar	0df5eb2d267af146c142054515d0153f	527131716
src/arXiv_src_2506_021.tar	b11859786a456f298e0f00236005d621	532675906
src/arXiv_src_2506_022.tar	7be1e2ef4c102586f0430d5c21c6ecbf	516337363
src/arXiv_src_2506_023.tar	2513f25b757029bdce3818e080497baa	527974927
src/arXiv_src_2506_024.tar	f779a96465b33cd062f9769dfee9cbde	522678458
src/arXiv_src_2506_025.tar	dbe9495dc28cdeed4f308bf6e573c7b5	529621083
src/arXiv_src_2506_026.tar	e9d4088583ec0c7844493696cb375fe9	526460130
src/arXiv_src_2506_027.tar	00a6873ce66c5a723ae483946d876a88	536392952
src/arXiv_src_2506_028.tar	a8e3b65456f3c86a5ba9fd081223cf94	525808639
src/arXiv_src_2506_029.tar	4668eacb61d63a64b169aba61bd1ed47	528727941
src/arXiv_src_2506_030.tar	1c3d1ed1a5cdf46953afba4660b0b572	555018407
src/arXiv_src_2506_031.tar	62489dcb2e40fc007fc6f984c316e5ac	475082127
src/arXiv_src_2506_032.tar	95f5d248155310d2de4204fb8fb12eec	537533389
src/arXiv_src_2506_033.tar	a7e7d30221842933b343f5a6fe4f3a7c	498269246
src/arXiv_src_2506_034.tar	f5b596359980319f3085f5473dacc0e2	501922892
src/arXiv_src_2506_035.tar	24ae90a9f73a7a45444f6f10edeb6950	543607951
src/arXiv_src_2506_036.tar	9919ae36dfd70360bbfd40ab7536c26f	528074353
src/arXiv_src_2506_037.tar	248b7a8a08c0a34aba5e00272c7b9bc0	526246531
src/arXiv_src_2506_038.tar	bc84084ad65a92aee82553bd718a9eb0	530987592
src/arXiv_src_2506_039.tar	a208557fbe8cf4ddcd683dd4e6f7b4c7	542075064
src/arXiv_src_2506_040.tar	ab57ba3ee04eef8dea47195fb72ff522	559739548
src/arXiv_src_2506_041.tar	e11ed9c49f40e1d8ecb8c5c5bb9aed46	539147805
src/arXiv_src_2506_042.tar	014d45a33b5289c670b5c7b8c7258328	588510410
src/arXiv_src_2506_043.tar	a7c57b0d49b1f70b64576ae18adea525	529710062
src/arXiv_src_2506_044.tar	02aea86ac03850746ec21998dfc42057	525267363
src/arXiv_src_2506_045.tar	14a07168ca0447ff6f388636c8ec5bad	532119708
src/arXiv_src_2506_046.tar	3d02d6f5d967c550c79941ce018d6228	536693144
src/arXiv_src_2506_047.tar	a79404b84cdbd3d61e120fc830cec04a	480730788
src/arXiv_src_2506_048.tar	0aa3f298194a275ed1df600252e82cba	527731980
src/arXiv_src_2506_049.tar	0db4d2c0414e5725a034ed1a763028f9	535618905
src/arXiv_src_2506_050.tar	96fdb0da998b8e53c8220bd49637a2cd	572747513
src/arXiv_src_2506_051.tar	94a82838fcdeaa1a1747886f58718937	542480435
src/arXiv_src_2506_052.tar	a9418351143fcda750b1f4882af1ffdd	532164308
src/arXiv_src_2506_053.tar	b14dae3b5485ae46eae2e4474e00b00b	556170593
src/arXiv_src_2506_054.tar	5d912618c2814d55857373329dd380ca	539602085
src/arXiv_src_2506_055.tar	5f9c55aa85f59a8f9ad50dadbd944b0a	530770482
src/arXiv_src_2506_056.tar	b293b81f02ef47a32d0fc859a6fd3a8e	549573504
src/arXiv_src_2506_057.tar	38a051a155cfdfce43229de56107e408	537055944
src/arXiv_src_2506_058.tar	e236ec7cd6b4980a454412cffeb3492e	495762853
src/arXiv_src_2506_059.tar	0ee2f123ad16fa6eb5a0c26c43517ad3	528517558
src/arXiv_src_2506_060.tar	6668bf8e2c6a421dadba7c744a401f45	532429880
src/arXiv_src_2506_061.tar	047bcafd4cf3fd8ba611f9e285583a3b	521824517
src/arXiv_src_2506_062.tar	cbeaf66a7306c8df81109af1bfb66ebb	524392995
src/arXiv_src_2506_063.tar	33bb0c7dca2fe7827d1cd09eeab54323	536933524
src/arXiv_src_2506_064.tar	8b89a2d30140798fea86eb52be2f58c8	532837897
src/arXiv_src_2506_065.tar	5d3dafef877513a11ea67c0fb5c49607	589584808
src/arXiv_src_2506_066.tar	c351930f8b4a6591fd9e2fa10d548f46	516224870
src/arXiv_src_2506_067.tar	1a11bf89243bce170004cdd77b586f63	533466294
src/arXiv_src_2506_068.tar	3514bf6c6b535d6b5678865fabe2ebe1	517260086
src/arXiv_src_2506_069.tar	83cf7a17d35d504f6117b4d4926b16e8	563574088
src/arXiv_src_2506_070.tar	4f73639db71536b09bd68f75a761b26a	576788525
src/arXiv_src_2506_071.tar	593326ceb994c3c470da71784ee7d7c1	545138595
src/arXiv_src_2506_072.tar	fbc772529f7abc8544503627cb603fca	525410806
src/arXiv_src_2506_073.tar	a04e17c189e70e67372b947f4c7ab566	552215168
src/arXiv_src_2506_074.tar	2e7eb34a82ba5fe94f26dd404838ded7	567809135
src/arXiv_src_2506_075.tar	ac9792faf5e174b4e39e6246a96e55b5	551320477
src/arXiv_src_2506_076.tar	35bc55f1d641f28b62fe101a0c319204	523608190
src/arXiv_src_2506_077.tar	18c783f3e1f90f150a56f81bb1499cf5	526826164
src/arXiv_src_2506_078.tar	801eb65061ddf47780339d556c2eea5b	535030615
src/arXiv_src_2506_079.tar	3fd0bb39141d6b08c3ace58c6ad3c7bf	524365466
src/arXiv_src_2506_080.tar	dae23242797bf5287ad883823fb168e2	569022073
src/arXiv_src_2506_081.tar	3c54563f47fadfa6f8dbd5e33e540f23	524884464
src/arXiv_src_2506_082.tar	2db95d5ad10316cb36c26634e99805f5	526981949
src/arXiv_src_2506_083.tar	b3218075e493ea7f340bf9ca81f7591e	510585980
src/arXiv_src_2506_084.tar	c455edfaa21d7a7f596f40c73f21440d	520347824
src/arXiv_src_2506_085.tar	10d32215c1b0aa4df911d175cd89c64d	524823453
src/arXiv_src_2506_086.tar	c8e89e7bfe03a09e248a3c2deb6b0088	574086264
src/arXiv_src_2506_087.tar	981bb047bcda4d6640bcb68923e55918	524577783
src/arXiv_src_2506_088.tar	036f0426e8f798a66c0f18f34e3dfb03	510198696
src/arXiv_src_2506_089.tar	9320c00a1e006c3104cea8a4ba0c6d05	525997671
src/arXiv_src_2506_090.tar	e4c7d917fbc459a6c001fe517f92ebfe	552266615
src/arXiv_src_2506_091.tar	078e3c468285c2c21951ce257500ab70	544431421
src/arXiv_src_2506_092.tar	0bc80c12f45858d0110aa9be1daba9c2	535499723
src/arXiv_src_2506_093.tar	d21154a8d66e23b66b24a2147ff4483e	546913514
src/arXiv_src_2506_094.tar	98b1289330a528f4055f0b7e62a851b6	541619054
src/arXiv_src_2506_095.tar	dede69740c945bab29ec103387846901	591626857
src/arXiv_src_2506_096.tar	60bd50885947940047827b2244f5e6e5	554791501
src/arXiv_src_2506_097.tar	0679b03f3668d654e3591e1f3b31a167	527926040
src/arXiv_src_2506_098.tar	4cb94195fb5684b6cba68dd71b5e5aca	534634867
src/arXiv_src_2506_099.tar	2422b4482a4a883585baf5af724370ba	543234237
src/arXiv_src_2506_100.tar	ecaa8aad25a84b2bb4cc9befaf625bd1	528119931
src/arXiv_src_2506_101.tar	35faa1eb6b61f27992e3eb9525d66a27	538336087
src/arXiv_src_2506_102.tar	b4c7ef442437b4bd8a8e65ada017beaf	560297562
src/arXiv_src_2506_103.tar	3faa6e5f7e99ad973da20a26d60d06aa	527891339
src/arXiv_src_2506_104.tar	38df6338760eb6dda86e3b5c36a048d7	532099762
src/arXiv_src_2506_105.tar	ee139762a9110c7197a9c642cee3b534	529681134
src/arXiv_src_2506_106.tar	fba46abae8b418708afcfade0ca035d3	539119559
src/arXiv_src_2506_107.tar	fe8c5e21d35e95357eb24b9deb2dc8d2	565020335
src/arXiv_src_2506_108.tar	d8c20513b72a2fd98ae8e25ad9085f17	519960677
src/arXiv_src_2506_109.tar	dd45c81943216cef24b1ffef5de6f7f2	524744536
src/arXiv_src_2506_110.tar	bac6154fec8c83a901253b37f61ae3f9	533939864
src/arXiv_src_2506_111.tar	b506dec4442a7ec4a3c8a27a15e9bb50	560370714
src/arXiv_src_2506_112.tar	b7af2519a1e7054d89fdb3a71d669601	543232048
src/arXiv_src_2506_113.tar	a38e80d474c7673daa6347068e909d9d	528183825
src/arXiv_src_2506_114.tar	cf3de1f5f705c6967e61d0553b0d8c8c	531341022
src/arXiv_src_2506_115.tar	4e4227722102201bed3748bd691efbb3	545711789
src/arXiv_src_2506_116.tar	7ffabd0c81003b2fec814238eca61ea1	554394762
src/arXiv_src_2506_117.tar	116076dbe7e3b2ec3542edbf701cfdf9	535131653
src/arXiv_src_2506_118.tar	0dba55e89963d13cbee2194f8b08f2a5	558892827
src/arXiv_src_2506_119.tar	50eaf8fa98d4e5a15196f304b45b051f	550584802
src/arXiv_src_2506_120.tar	e7792bbdd8c3c6aa76bac6f2f1ff1c52	546514474
src/arXiv_src_2506_121.tar	c9017027c3c439d447ed7764d50e8697	531562324
src/arXiv_src_2506_122.tar	2ab6483bf7b5b042fcf9a72eb1296d89	528776095
src/arXiv_src_2506_123.tar	e2dc50813b35c08546130ea84979c1ac	583626380
src/arXiv_src_2506_124.tar	4d427db18574b56dada4b02e614f9e6e	525130435
src/arXiv_src_2506_125.tar	d1e64d84debbb6d1fb945dc80119b20a	529678598
src/arXiv_src_2506_126.tar	376402fa18c3479292efa52ba3f316b4	575788303
src/arXiv_src_2506_127.tar	785bb62bc109e97ea50b1ef232960b8f	558945854
src/arXiv_src_2506_128.tar	20001e2fe3bae32b4a2bffab54025352	528089771
src/arXiv_src_2506_129.tar	38339a6edc8be8c8ada6b947a4185bbd	561145478
src/arXiv_src_2506_130.tar	5aec374315e83cf43573d693bd1dff7f	508315172
src/arXiv_src_2506_131.tar	71bcbbfc3858f53e3a4bcdf35bf53235	513809883
src/arXiv_src_2506_132.tar	c4611c9f4e15d00ebdd61adce2786cec	548325720
src/arXiv_src_2506_133.tar	3baaff05026d85b81894ab1653bfd9b5	566526348
src/arXiv_src_2506_134.tar	7a973fcb6153964d6905a1c8a17bf92e	520375463
src/arXiv_src_2506_135.tar	968a644bacf3fb960257bd099e3c4443	551066584
src/arXiv_src_2506_136.tar	096dce69609dee4fa2ddb0894aba4741	535137300
src/arXiv_src_2506_137.tar	b89ca49b41c9b5d3e09d3cadea229c77	530568702
src/arXiv_src_2506_138.tar	ad47e4b1cebf0d3c509575da3a7ba537	525087621
src/arXiv_src_2506_139.tar	183c4349486aa4ecccdcd6e34e679731	555380469
src/arXiv_src_2506_140.tar	f885c7373a247ef003b20c427a68a183	563372124
src/arXiv_src_2506_141.tar	0eb2080376365e1b1c5c4256216fcbef	558525579
src/arXiv_src_2506_142.tar	410446a48ce78e529f472f32938414fc	547238239
src/arXiv_src_2506_143.tar	00027dadfa99ad0bd5f4cc5f3bd6d17a	586249126
src/arXiv_src_2506_144.tar	039c70bae8bde2ee7b3d576295b222ef	473963547
src/arXiv_src_2506_145.tar	5bf4ba505566f97624c40c78f9f757b8	520673927
src/arXiv_src_2506_146.tar	05ec793263d0ec9854c44a582fe25270	573223688
src/arXiv_src_2506_147.tar	caf62a0e1d3191091d0dd36a9736cee5	531959597
src/arXiv_src_2506_148.tar	24a30b6f4e7f3aa8fb35ad7fdf90e3d1	525637144
src/arXiv_src_2506_149.tar	f1587ab93e5d61c6432567664ec85977	524380283
src/arXiv_src_2506_150.tar	1daecd653333b9e030e7a38d2b49de06	593259411
src/arXiv_src_2506_151.tar	51db8cf435ca9bc7577e099820f3500d	534218379
src/arXiv_src_2506_152.tar	3fab0097315efce54343a48b7dc0e9dd	532867955
src/arXiv_src_2506_153.tar	c843c183cc24f535f77285fd92ed6a96	527269350
src/arXiv_src_2506_154.tar	3b28f80b198d29d8c612e56473a0cf49	509546695
src/arXiv_src_2506_155.tar	e7447c220079d9925165d52941b24782	524360381
src/arXiv_src_2506_156.tar	bffd47454e4e5a28cbfbfba6d4790bda	540287728
src/arXiv_src_2506_157.tar	a3779e50846a6c801ab55eb429502061	544299958
src/arXiv_src_2506_158.tar	ebd6370048a2bd872749de1f44b1bf13	526499583
src/arXiv_src_2506_159.tar	0536862f78a6f3607a72395b3cb2ac13	550351759
src/arXiv_src_2506_160.tar	1d65c7e118227d306bcbf6847d64abf8	511421947
src/arXiv_src_2506_161.tar	94278dac338570f41a1a14829b2a6acf	552901513
src/arXiv_src_2506_162.tar	476066cb4ab13bae9adbd104f65a4cdd	526101405
src/arXiv_src_2506_163.tar	525da830784d72211b34bb51337fb732	565348380
src/arXiv_src_2506_164.tar	46e7a997b0b3b502958bdfce5188d17c	525215362
src/arXiv_src_2506_165.tar	77c896df71d9312ee3825b3d5ac8e37c	533824944
src/arXiv_src_2506_166.tar	3095b660741c8b8ca503db34ba1cfe15	544424160
src/arXiv_src_2506_167.tar	43d97b0a81d9b9b911c8a035b8e22008	602669540
src/arXiv_src_2506_168.tar	d1ec17cff37b6a784780fab8824635d3	516625903
src/arXiv_src_2506_169.tar	58132a5ff980dc5c9678a9bf2a0d09a9	633977931
src/arXiv_src_2506_170.tar	8754765556b41e687e0773aee310de99	545334461
src/arXiv_src_2506_171.tar	818e480fea62cac696aa8504c75175a1	514398948
src/arXiv_src_2506_172.tar	445d1bf1dbb2a2817a318ad63098a73e	539655514
src/arXiv_src_2506_173.tar	097541ca42e24cb075b331eabf81b0a8	558415389
src/arXiv_src_2506_174.tar	d84149c29d1ca5cfbf65db049cc1caaa	518533723
src/arXiv_src_2506_175.tar	1ea9847f143d02fd3b76915db085ceee	542249480
src/arXiv_src_2506_176.tar	59b53d255c22e79ff4ae7037d753d8c8	526640115
src/arXiv_src_2506_177.tar	a15fd8c53dd4041a739bd50fd2c4e378	189135085
src/arXiv_src_2507_001.tar	69ff01e909f6547016593ee1ecd25f67	526176856
src/arXiv_src_2507_002.tar	56865d9875bd6499740212aaa540c8f1	519763762
src/arXiv_src_2507_003.tar	1ad368ceac2d4fbb4b81fbeae1bbe915	525098206
src/arXiv_src_2507_004.tar	dc6fb710f6953e46fbc16e883c1d03ab	549163363
src/arXiv_src_2507_005.tar	ec04818496bb1d9c9e14d01fb250367d	525119875
src/arXiv_src_2507_006.tar	69efe750aa6f13dbda6bb4ebda91e409	560169708
src/arXiv_src_2507_007.tar	4557f4c2598a03bb6bbdd1885216f5cc	532157235
src/arXiv_src_2507_008.tar	fdc113a57ddbf02c6d18e2df46a7836d	585991289
src/arXiv_src_2507_009.tar	42d2fad32ffc95d58a482d60ee60f6df	543165699
src/arXiv_src_2507_010.tar	a99a00684bffd02ebe56718386b80e4e	525216564
src/arXiv_src_2507_011.tar	2e72629736910d77ac8349baf22f0f9e	532090775
src/arXiv_src_2507_012.tar	6b35d4fd50ad13845cfb106ea77ffdfa	529116017
src/arXiv_src_2507_013.tar	908330c3bb47cf0ec096685ab99bae26	525027271
src/arXiv_src_2507_014.tar	93a7bfd753527d4c9f5971cf475a0c5f	541673303
src/arXiv_src_2507_015.tar	b3f20de7c8834a1699227d85a7f60119	527586818
src/arXiv_src_2507_016.tar	e005ef795664237ce377b2f22790eaa8	538887116
src/arXiv_src_2507_017.tar	13ae50a9f5dcaa475abc9b30c4c88d1a	530345605
src/arXiv_src_2507_018.tar	c8990360842dce327e7f3c2e0f43d53d	604456751
src/arXiv_src_2507_019.tar	74b919e542e7ce3a24ea54537403d5cc	527192990
src/arXiv_src_2507_020.tar	09efb9895ad2f15740fa5db270bf9b45	645942929
src/arXiv_src_2507_021.tar	0f181d88c9d72baa0b6cfe803103242f	570880818
src/arXiv_src_2507_022.tar	485d3153d0a9341a967f80d597c63d9c	625105827
src/arXiv_src_2507_023.tar	226606e83c426cd02ca4e2365b9b57dc	539670482
src/arXiv_src_2507_024.tar	93b48c2dd1791209e19decb88b2a6ce5	530241914
src/arXiv_src_2507_025.tar	06b94cd87713cc3ae344a27b63474f9e	526575642
src/arXiv_src_2507_026.tar	d56025ca91201ed7df8bb089b9cc1f67	566881157
src/arXiv_src_2507_027.tar	b151f3c16388124b5de6039bd1273785	505388039
src/arXiv_src_2507_028.tar	1ee0f232064b70a4f7c78e02a5d8b93a	529232349
src/arXiv_src_2507_029.tar	f38834f6a1467ee4e659b329135323e8	558375229
src/arXiv_src_2507_030.tar	f839eafb3a37a4786f3427bac1108c0f	524131186
src/arXiv_src_2507_031.tar	32e34980914ca412371bd586f4602ebe	525364059
src/arXiv_src_2507_032.tar	9fdabf12ae38b6654f0ebd770cd92b91	525198468
src/arXiv_src_2507_033.tar	4c9f3592d997f11b7896d63138abc459	520092147
src/arXiv_src_2507_034.tar	ef828e97b38b1c41f02ac562a61a8e57	546403996
src/arXiv_src_2507_035.tar	2e54e27a641ee4b21bc656390c8e8f0a	584074967
src/arXiv_src_2507_036.tar	24d88c5148512825082d310022f9fb92	524611475
src/arXiv_src_2507_037.tar	6a63f1072892b410ad6238e7ffe76b57	543154059
src/arXiv_src_2507_038.tar	4b7b72f08d83fbf046eacc37d1364573	524925191
src/arXiv_src_2507_039.tar	87093d62eaa0b3e640a6ec671bbd3f4d	564199643
src/arXiv_src_2507_040.tar	941def98c9a911c47fe1008f953c2618	534720239
src/arXiv_src_2507_041.tar	4efe391d012dd19ee88fc94e1f75e6c4	562507714
src/arXiv_src_2507_042.tar	a4e4f6628ae741cf48410ec5334e4de6	489212761
src/arXiv_src_2507_043.tar	fc59ca3e552db2ba2acbd74003cba5be	552680719
src/arXiv_src_2507_044.tar	647486adee6436e2fa5c2656c4e89091	529413070
src/arXiv_src_2507_045.tar	73cc339f18d1a1d6d88c5b5bbd400d48	524022963
src/arXiv_src_2507_046.tar	ab71a802521ae33959411676e108d098	541460359
src/arXiv_src_2507_047.tar	605fef927fe309f7636f1776dbd7d451	598853617
src/arXiv_src_2507_048.tar	4a6ceaac035ba958ef42813d466b775b	530741997
src/arXiv_src_2507_049.tar	ecab6b910e284efd9bee9c5899e0ee46	551013316
src/arXiv_src_2507_050.tar	a12b5e82686df1c3053a1caa41c6ff5b	546600682
src/arXiv_src_2507_051.tar	075b7b7c0afcc590e9a8c2ff2449f7ab	525620135
src/arXiv_src_2507_052.tar	bf5306c3dbc3dfc843b59741aff3d29c	528046939
src/arXiv_src_2507_053.tar	c64fc6f6bb6f9d93fcab03708b1b1f2e	524315591
src/arXiv_src_2507_054.tar	aa564d6cec2569690ec72b014667555b	526489405
src/arXiv_src_2507_055.tar	1fdcb3904493f7d8eb0be157ea1f4ef1	528354577
src/arXiv_src_2507_056.tar	4e62f72ad19fe632025e733e8bbf1a18	524385297
src/arXiv_src_2507_057.tar	b4dc5791f8fa650152e03813cd4efcf2	551406954
src/arXiv_src_2507_058.tar	e8cdc95c2dc6ff6ade66b626cc1da075	673164420
src/arXiv_src_2507_059.tar	dca097d131212edbfd92383f9ac2d70e	540791746
src/arXiv_src_2507_060.tar	aa5a4aa35abaf95d22b733c13718afaa	550113540
src/arXiv_src_2507_061.tar	d9e68c87c5d47cd3f92733597c7aac58	542510602
src/arXiv_src_2507_062.tar	d58e2ae2bf84500d722382f52217c694	532144096
src/arXiv_src_2507_063.tar	623737784086934663b7683aea9b499f	529545045
src/arXiv_src_2507_064.tar	70008b0f73d92725b314c3b5fa155d74	534396472
src/arXiv_src_2507_065.tar	97333bafdfa7310292fdf26bcfbecef5	519296481
src/arXiv_src_2507_066.tar	5a4565883649a5bacb7ab787a92ae24b	570495122
src/arXiv_src_2507_067.tar	6cd1cb7e491c635730669c1d65d049ec	525844239
src/arXiv_src_2507_068.tar	e9d0c87b55502fe2da3901f71ee52a51	528777566
src/arXiv_src_2507_069.tar	3bc771e7f769a76ea7c2a15f599b51cd	525618729
src/arXiv_src_2507_070.tar	e18ec0a80c88dca0832aa54c0f8fb633	531889504
src/arXiv_src_2507_071.tar	75e8d92225c776c0153959442ecf1489	578318307
src/arXiv_src_2507_072.tar	c237c5d3600577e89ba3472bf0f973cf	523347545
src/arXiv_src_2507_073.tar	fcd5f7fb7d3c2d9412c1310802cb3396	540428138
src/arXiv_src_2507_074.tar	2a258b05a7f1cfce91f41b673f1f3ddb	537399157
src/arXiv_src_2507_075.tar	a18059c583a5f78bd88c3455fb3af802	566999726
src/arXiv_src_2507_076.tar	85b14c637e9cf39b6682b7b60d09153e	571268311
src/arXiv_src_2507_077.tar	b9af17b7523db2f00b94f1da4461c73f	533184498
src/arXiv_src_2507_078.tar	cf36146215cc8bdb8dd3fcf111d3dcc5	522123458
src/arXiv_src_2507_079.tar	34a5d6e5d7d0ed18f8172a90fc50f016	574769422
src/arXiv_src_2507_080.tar	fc18d4eb2f5a1ccf8108311bad1e2d9c	525268298
src/arXiv_src_2507_081.tar	5a07373f4101b45e4624c8529438bb27	545285349
src/arXiv_src_2507_082.tar	bf413dc1e3414a0cbf9b9ca1fff99bd4	522312180
src/arXiv_src_2507_083.tar	0e508689e71577da82eb09329961f2da	526154195
src/arXiv_src_2507_084.tar	b4c7ae929d308e268218a82b2e4a71de	501904652
src/arXiv_src_2507_085.tar	2461c44733c0eeef62b02c4f1be99911	523019734
src/arXiv_src_2507_086.tar	98b891e5daee24e1b1b7fbf4928011b9	547890438
src/arXiv_src_2507_087.tar	d6e8df342be811e590b06c1b8c744479	559880740
src/arXiv_src_2507_088.tar	b4474532ba737e00eb3c22d0dd9a2308	505203739
src/arXiv_src_2507_089.tar	e95aebba3e26c39a01c284439f986d55	577064519
src/arXiv_src_2507_090.tar	8d135c60a8bea428998ebfa2d652859e	568469612
src/arXiv_src_2507_091.tar	228047721821872d922dcb82838c8eaf	547297751
src/arXiv_src_2507_092.tar	3b898af898f352bef557f3f9255a3dba	472446756
src/arXiv_src_2507_093.tar	a2c8d4caaf3a2e3ae7ec52cd049ca2c8	504082117
src/arXiv_src_2507_094.tar	03c7c9fc5092be154e594789f561779a	521871803
src/arXiv_src_2507_095.tar	82ccb223d1b76bf8bbd9bc2f8f7495c9	527245103
src/arXiv_src_2507_096.tar	d4a88a987a853f6c97f716e4c756a69a	515635013
src/arXiv_src_2507_097.tar	1222c6214ff75aeebef48ca6aa50e891	583879664
src/arXiv_src_2507_098.tar	17555e6c09980fdc73bb550fe1dd1b65	527164725
src/arXiv_src_2507_099.tar	5b8e3f8dfe83ee5abe72f9a9d9ccc03b	551575395
src/arXiv_src_2507_100.tar	52ac9219c313bdc4bafc183c2db3a593	544480213
src/arXiv_src_2507_101.tar	d77590b6dcf248b6b6f22a1f05ed71c1	527499920
src/arXiv_src_2507_102.tar	0c8adec20d44284f744081d695e5a51e	536202646
src/arXiv_src_2507_103.tar	07e854557b30fa2ceb4fbd9e97f61402	524590477
src/arXiv_src_2507_104.tar	45581d97b3d1af33f897a9ea9929728f	633806736
src/arXiv_src_2507_105.tar	810117b64057caf8c34e11a1517d978c	495165833
src/arXiv_src_2507_106.tar	8ede6c99591d178b7c990695c21a7ce9	530704832
src/arXiv_src_2507_107.tar	e1916f9459ed4b7448ca38a5e1cb92a0	542131166
src/arXiv_src_2507_108.tar	9e1735e9bf17edaa5b82fb75bddd3878	556974004
src/arXiv_src_2507_109.tar	544e6dc4ceaa60be454cbe2b76c0fbb6	552140405
src/arXiv_src_2507_110.tar	7b3eda9f854cf5885979c7fc31cf24ba	539857191
src/arXiv_src_2507_111.tar	697ba134c06ef42aa0b63199fecddc6b	528479528
src/arXiv_src_2507_112.tar	ad2ab112146ddfe15d7d9c369e206e1a	572657346
src/arXiv_src_2507_113.tar	2974c8664b09eb4803a0c4689a5e798d	584655339
src/arXiv_src_2507_114.tar	d2990cbd030db238521fd25fd834532c	529062136
src/arXiv_src_2507_115.tar	a500bb5c2a6b8fd87b3041ded0fab142	537531693
src/arXiv_src_2507_116.tar	d333630305108366f968d483e3fe4be8	518692045
src/arXiv_src_2507_117.tar	656ee1a2497f05080abb2b10ababcd19	527085904
src/arXiv_src_2507_118.tar	a7d8146918f282c45a20f6821d479859	526384643
src/arXiv_src_2507_119.tar	fe34d1d5572723c8a5e6d5e4caedd37f	525245219
src/arXiv_src_2507_120.tar	d99c9b51742ce31892dcb00d4f284143	534266853
src/arXiv_src_2507_121.tar	3fb33aca0cc6fa40e017c6ee228fe068	522424871
src/arXiv_src_2507_122.tar	89793014519d117e23144848080b7ecc	534921208
src/arXiv_src_2507_123.tar	d82f8520f684926c6e139ba930f3a10c	545761902
src/arXiv_src_2507_124.tar	25eaec99bc7dc6bc64403e05e69d6a99	535830510
src/arXiv_src_2507_125.tar	ba240954b7ac1a9ef5264c3374007734	547045065
src/arXiv_src_2507_126.tar	7a25622e1dff4a182c9b47fb04882bbe	525280186
src/arXiv_src_2507_127.tar	499bddcd6611afcbd733f2625bea64d1	529944563
src/arXiv_src_2507_128.tar	036b5e233605eef83eba4e567448a035	550039733
src/arXiv_src_2507_129.tar	c964ee23b42bf8cd8e481b0379d9f639	565310525
src/arXiv_src_2507_130.tar	daf06b925049f377e66098c2d8a1f47b	510363181
src/arXiv_src_2507_131.tar	4c1a5ec40b8a0f496a63b742e4294489	525329415
src/arXiv_src_2507_132.tar	f3fa023e9552ccccbbe26f9b4e576007	525352975
src/arXiv_src_2507_133.tar	e911e8db8d0fdfd3978222c5fe2ab9a1	529216448
src/arXiv_src_2507_134.tar	cdd88880b8cdf8bdb5c028b6a6ead938	525441490
src/arXiv_src_2507_135.tar	566c4b4b6a38623ab25b5b773788046d	537036021
src/arXiv_src_2507_136.tar	031a74e9d6f95484fa1fdb2fe8f2b7b7	529246206
src/arXiv_src_2507_137.tar	3d7e0a3bc065b2f15ebf227d30a12f49	538268313
src/arXiv_src_2507_138.tar	38c10ae95f42232b58755d1e88327a4e	538787165
src/arXiv_src_2507_139.tar	31e0b60060a7ac094bd66a5024082cd3	556130878
src/arXiv_src_2507_140.tar	e448c3490a25750b20ab92f2000e490a	527341323
src/arXiv_src_2507_141.tar	d24c5908a8622e83fb3a0b1893bb8d3f	528616033
src/arXiv_src_2507_142.tar	0405fc522aa3cf16aa70ff0e133e6ddf	542604385
src/arXiv_src_2507_143.tar	6e44191e1ad5efd04d2760b1d4a6cf22	590430744
src/arXiv_src_2507_144.tar	f15af177280db7f68d68f27f97017d7b	573745929
src/arXiv_src_2507_145.tar	ba685483a775775ef7d5af676a500dc4	555531079
src/arXiv_src_2507_146.tar	ae398ae803ee765329eca1fc33df3706	544214597
src/arXiv_src_2507_147.tar	bbcb5331f15608c030159dc9d0c8d097	524426109
src/arXiv_src_2507_148.tar	c6697746852a0ab6003304d2a8abf6d9	637709828
src/arXiv_src_2507_149.tar	50ec50d13c09a2820532675b3f188297	565754215
src/arXiv_src_2507_150.tar	5fc2ca257c3fdfa300a08683dbe39c00	524363827
src/arXiv_src_2507_151.tar	bd3e045536800556c06026e07f0d9921	571391596
src/arXiv_src_2507_152.tar	fcb33c27071c4a2b7e854a247e0e5eaa	515028887
src/arXiv_src_2507_153.tar	4e33267bf7e2c62f45b0559a02157be3	537207911
src/arXiv_src_2507_154.tar	53240a67b1c99b3bd110cbbc61750841	529654725
src/arXiv_src_2507_155.tar	2d538b04aa6518f924816290a812a045	512074369
src/arXiv_src_2507_156.tar	313e882d9700d8faa7dafc5e7336b8ed	526816688
src/arXiv_src_2507_157.tar	f62d74b915fcefe8291e9fd329d77d85	568853616
src/arXiv_src_2507_158.tar	e4fb65c34f277ef308e0d20c95faae59	446703463
src/arXiv_src_2507_159.tar	646231c4ed7a808914c0b5104ea1ccd7	522774505
src/arXiv_src_2507_160.tar	85167176141262e8f9892c5c119c3246	565775665
src/arXiv_src_2507_161.tar	9888f3529e13b8f9e787653c1fd357e9	533724740
src/arXiv_src_2507_162.tar	598ad0aa69a8b001f970e44c6cc25be9	540727048
src/arXiv_src_2507_163.tar	e4ea89952d3646400a7bc92dec1a5bba	543984126
src/arXiv_src_2507_164.tar	56c3502d182542b1412cf1482e4e8dab	239022382
src/arXiv_src_2508_001.tar	c8489ac5e874e832b04748fbc7cc14c5	525392469
src/arXiv_src_2508_002.tar	ad8a54c9926dc9cd68cf2bbb123ecac5	536241467
src/arXiv_src_2508_003.tar	eb6acacd526a83c1d4870df105e8ac66	532271356
src/arXiv_src_2508_004.tar	28b85a48e29fbcfc705544f43c2bccfb	526642605
src/arXiv_src_2508_005.tar	1c11563f109b60ce6e215976c189887a	527592566
src/arXiv_src_2508_006.tar	9b31da2fdd31dc8dcf4590cc5660a28f	573532310
src/arXiv_src_2508_007.tar	1acff62a03154de1b10a4a07b388ed62	573576310
src/arXiv_src_2508_008.tar	133284f8d54e23e960aae1b4914afc4e	525204182
src/arXiv_src_2508_009.tar	edd4e864145ceadad8589722c4961648	530842605
src/arXiv_src_2508_010.tar	e618788e848ef9dbf4b683c6d3ea6609	540307502
src/arXiv_src_2508_011.tar	3f636925ceb20d1d050af7c58162a4bb	537158298
src/arXiv_src_2508_012.tar	31ec328aec794dcd5813b599f9f0f83d	541920776
src/arXiv_src_2508_013.tar	4872e593372b86989da2ce505d369053	576143281
src/arXiv_src_2508_014.tar	9a14abb461791849f0448e21a3298932	543926000
src/arXiv_src_2508_015.tar	0ffc24a241d9945e3ec550c38d4cd512	525797839
src/arXiv_src_2508_016.tar	bd3d7f9b39c8c9ecf772f9fff6cdacc6	550565998
src/arXiv_src_2508_017.tar	c0963c40d986614422e9b3e0ef86961d	544463638
src/arXiv_src_2508_018.tar	ea5f39dd9739dee118af6ed42dabc8de	580373392
src/arXiv_src_2508_019.tar	356ea76257399c3c14d32d725a4dccee	530146887
src/arXiv_src_2508_020.tar	4bf795fd44c20e29de549733bda505da	584988269
src/arXiv_src_2508_021.tar	c91f1a79ce4d6cc4815b5b42b777dba5	485001116
src/arXiv_src_2508_022.tar	624971cfa0639d24859921ed0b0853e2	558405208
src/arXiv_src_2508_023.tar	c252c286b2798be13349ba6bb8d49669	567972637
src/arXiv_src_2508_024.tar	9de799e78f0ad58ba9286510c39aa0b1	538624782
src/arXiv_src_2508_025.tar	7455d4b2f54ab608703d65b206bb378c	524964220
src/arXiv_src_2508_026.tar	a4f0632a9a6ec475696bd829dd834ee3	569712477
src/arXiv_src_2508_027.tar	de1dafe8a94e58eb25d85aa029ebff28	581601023
src/arXiv_src_2508_028.tar	423e6a137db61941912a403403b75b3c	528978416
src/arXiv_src_2508_029.tar	32416175033d52ff680b2ee4a46733f4	528225561
src/arXiv_src_2508_030.tar	c12a11bae2ecebf013ddabf4d02ab76c	582439023
src/arXiv_src_2508_031.tar	7704ac2bc9d58c8fb61174ab03791f99	552749908
src/arXiv_src_2508_032.tar	2e56534a825397a66875dc54ccb2b3bc	506428496
src/arXiv_src_2508_033.tar	1b083f169f2ac0ab0279c6fe11855905	552495488
src/arXiv_src_2508_034.tar	946ee8d03c825cd7cac537ee96b7d780	589299535
src/arXiv_src_2508_035.tar	9b5e7ee36b2243a818a91341bac339b9	526162443
src/arXiv_src_2508_036.tar	45a893cdeab5f2718a44bc890f43d203	563056572
src/arXiv_src_2508_037.tar	8d40bcac59515b5aafd8b4de9fdce7f0	506280748
src/arXiv_src_2508_038.tar	7b09724cb3df1cc75e921c7070fefbe0	527955621
src/arXiv_src_2508_039.tar	c325f5e1f497e94374dd7deddf4806b7	562922835
src/arXiv_src_2508_040.tar	4441341cbf1e092def32a3bf1141a1fa	506982287
src/arXiv_src_2508_041.tar	b29628d5eba3206e6f5911ddb4fe73f4	524288335
src/arXiv_src_2508_042.tar	a50940321c8eaa60a89d44dd08bbe2b1	525656874
src/arXiv_src_2508_043.tar	6cb992c2ffd3228e8a52225d58f9b91c	530890399
src/arXiv_src_2508_044.tar	b56bedd075aa905c8f848ac4ba1f28dc	525592104
src/arXiv_src_2508_045.tar	353cd19897cb593e145a771d9c19cce9	530010100
src/arXiv_src_2508_046.tar	788713b04e42ca4ee1b7be37f136e904	532567157
src/arXiv_src_2508_047.tar	e8ca46a1568b710e815d1e0afac8fd90	541847244
src/arXiv_src_2508_048.tar	02d7cbaaffcb612a93097adcab889442	536586077
src/arXiv_src_2508_049.tar	19806f1d0adeb5e8115ea2522867101e	518987652
src/arXiv_src_2508_050.tar	dec96eb3dbfe00ec1c3f05d28e32ef68	526916700
src/arXiv_src_2508_051.tar	fc0d00d3bbc8363581fc53fb60f83432	566342297
src/arXiv_src_2508_052.tar	312e18902c3348f1ccf6b5724601e07d	537987077
src/arXiv_src_2508_053.tar	d011ce9330c1559551c9c00f3a32d23e	533401885
src/arXiv_src_2508_054.tar	507dd1113b6b90e39cb9dd3b24ffa13c	521426975
src/arXiv_src_2508_055.tar	03377ba49927817e74f669d145de1eaf	528147968
src/arXiv_src_2508_056.tar	ae4fd12cfb929da5ebc5c6d1d32f0bf4	539580155
src/arXiv_src_2508_057.tar	ceb17b245aad8dcc9e78de76b39dc410	512257061
src/arXiv_src_2508_058.tar	5cce3a917dfd6a323968a5523a835023	509246416
src/arXiv_src_2508_059.tar	f60b3527dab2af60f9b6dc01c9e4e3f1	532517882
src/arXiv_src_2508_060.tar	95a488a97850bf0be05fdda572c0e6b7	511265094
src/arXiv_src_2508_061.tar	33dd236bd4be186d5d6f0b2a26d9f560	515739372
src/arXiv_src_2508_062.tar	dc80b74579c7a43590de0815e6b73bec	517419144
src/arXiv_src_2508_063.tar	26c78b959dda16705578208c4fa8ffe6	517900660
src/arXiv_src_2508_064.tar	51fd9621d6e4bb08f600e253b7e80fa2	529596170
src/arXiv_src_2508_065.tar	8f9f5a1346c8f000bd4e37244d9efa90	615297851
src/arXiv_src_2508_066.tar	72fb07bfb294faa4eacac11a85f1397d	563428127
src/arXiv_src_2508_067.tar	bad17ba04c8517d77eb8609d5991fba3	525867859
src/arXiv_src_2508_068.tar	fe0020359cb295b45553686d6f28596f	566866993
src/arXiv_src_2508_069.tar	ea5469ff47a8966e41627a35b26d943e	546392095
src/arXiv_src_2508_070.tar	40e5c5b2b582b7e2f54b0dfe0f5f7afc	526638804
src/arXiv_src_2508_071.tar	640bc923d8d182061c0bbe51d4c6c815	525465433
src/arXiv_src_2508_072.tar	8e822c561999d089ef1710bb02712016	557385002
src/arXiv_src_2508_073.tar	f11dbbc9ddefccbc4ed12c4197046d0a	543792883
src/arXiv_src_2508_074.tar	15562d074694c206ab8416d4e6eb1ef9	567505469
src/arXiv_src_2508_075.tar	bf4b8df3864831c60cdfe974a3408da5	491529732
src/arXiv_src_2508_076.tar	c1bbc4210d10fcf6b70a8bcbc21c4c6d	539752524
src/arXiv_src_2508_077.tar	fd64928b0266a49db8a89ec8de93e819	534247519
src/arXiv_src_2508_078.tar	53610820c9e48919184911bda635d7c8	526929313
src/arXiv_src_2508_079.tar	ed4bb45b917fd5b9897b95a102d2d3d2	544549754
src/arXiv_src_2508_080.tar	1d9a5caa819762bc4ac0b0ab77b2c6bb	563174892
src/arXiv_src_2508_081.tar	54f85b793ac93e7f50fb8045b5b24d49	528767808
src/arXiv_src_2508_082.tar	ddde1083d4f101537031f33e23acc017	512012668
src/arXiv_src_2508_083.tar	16d89379e69c5671b601fd69408826d9	558685191
src/arXiv_src_2508_084.tar	ef1182ee4a968fcb277c8a3ca246c827	543991946
src/arXiv_src_2508_085.tar	f71c857c7719b865804ef75a8a8a7e9d	533316809
src/arXiv_src_2508_086.tar	53dab238d53b619a10d6699b3133f7d2	535384710
src/arXiv_src_2508_087.tar	5a779fc92522eed02b5a210ae4f4cdb3	528037189
src/arXiv_src_2508_088.tar	f3895eac3537f6931cd15bcfaca3dd95	570717129
src/arXiv_src_2508_089.tar	f999dc49ffe9d57c42ab785e7f328b4a	524932507
src/arXiv_src_2508_090.tar	f709866c0de36d74e32964eebab57112	555603478
src/arXiv_src_2508_091.tar	9006c2b51c4d2d88d02c8d4e15bb8cd2	536916286
src/arXiv_src_2508_092.tar	ad05942a4ec60a71066dbe33a0a05207	527923414
src/arXiv_src_2508_093.tar	d39bb6ebfa9a43151be5e009d862d8bb	533286377
src/arXiv_src_2508_094.tar	f9d9c785073d579723f3995f859a5d2b	525356171
src/arXiv_src_2508_095.tar	3df0fbd914017f5360887cb7ac87d495	531800420
src/arXiv_src_2508_096.tar	4042d9149cff6f2235aa7ad0ff6f42ed	546411263
src/arXiv_src_2508_097.tar	7c491861309eb9a2b6165156c44bef9b	527974523
src/arXiv_src_2508_098.tar	bfc7ba45c56bf012faff0169a90c76d6	572917223
src/arXiv_src_2508_099.tar	64f651c2189ff188e1b255994e0d31f8	524647190
src/arXiv_src_2508_100.tar	9f64325a65e57890900cd51ac89b36a7	579487469
src/arXiv_src_2508_101.tar	4d0eb8c1d610a87ba1d55d0db20b0b40	529124454
src/arXiv_src_2508_102.tar	9eefa036b67227718cbd4f52e3c223bf	531168793
src/arXiv_src_2508_103.tar	02d9371074fed4bdd2cf6e9f67985c4c	539866501
src/arXiv_src_2508_104.tar	e6cff4be2238ef506761a2d44c0698f9	529693263
src/arXiv_src_2508_105.tar	4d75b17115e47a576c85481fce988b23	550907188
src/arXiv_src_2508_106.tar	74b5e0d80bb2a07d32e81c4a8e7fad0b	538976399
src/arXiv_src_2508_107.tar	d4e3749ac235bd664717b3fae1e2b80b	543904087
src/arXiv_src_2508_108.tar	6c894a34f21bb189d11faabd275f4d40	524533455
src/arXiv_src_2508_109.tar	6e7840f0220ea333b294fbab3eec047e	553419142
src/arXiv_src_2508_110.tar	c972b0999227014b2b6cc0e2a8aab9bf	506679762
src/arXiv_src_2508_111.tar	48e83c90f436c25ca560be34be9029ac	524301794
src/arXiv_src_2508_112.tar	49da370d2fe0c6cd43fcf25ff4d16425	542203052
src/arXiv_src_2508_113.tar	0ac57dbb01dd3ab6aed3a2e433af677a	555756774
src/arXiv_src_2508_114.tar	0ab8aef8c20a67980597513cc52fc24f	558343095
src/arXiv_src_2508_115.tar	c541530f9e55e7aba83350f303a83c1d	569706721
src/arXiv_src_2508_116.tar	e2011b4e5890fd43ac3eaf61ccbe1993	525269171
src/arXiv_src_2508_117.tar	87f5e2f0d32548988b814a3fa2ae7da7	526099980
src/arXiv_src_2508_118.tar	1972c745f4bcdc1d55bed4aaa466bbb4	573942309
src/arXiv_src_2508_119.tar	2627db6be5aff6d6e16c58ba44f04644	836316614
src/arXiv_src_2508_120.tar	250d60a799a488dd035f6109b4daac3e	525098774
src/arXiv_src_2508_121.tar	4a82efe283b0de2071686d69395d1c4d	475495279
src/arXiv_src_2508_122.tar	c76d7a66389e759dfd30a5521131dbbd	516541838
src/arXiv_src_2508_123.tar	0341b5df6dc83eece8692a0c89dc2287	539784409
src/arXiv_src_2508_124.tar	947c3b5136ce050cb1d6d5d2107471b1	542425706
src/arXiv_src_2508_125.tar	4c82434bc2d992ae9dfd11a19f48a836	525306211
src/arXiv_src_2508_126.tar	4813e44d91b56df45b755ac84b827c73	525462068
src/arXiv_src_2508_127.tar	657450e607ffb19d8b4e8446cab570a4	548456129
src/arXiv_src_2508_128.tar	2e325f81f7843f5ff312b6454cfc5d21	546690446
src/arXiv_src_2508_129.tar	5843bd8188af8459a29d73f34b63b5be	585328736
src/arXiv_src_2508_130.tar	a89e29f965e560cc82ca518324fe7a4d	559656602
src/arXiv_src_2508_131.tar	a1d420b4294ce9433b425de5ba5529ee	523614409
src/arXiv_src_2508_132.tar	121b2eccf23b25ad9ad24b8074fea8a1	553646803
src/arXiv_src_2508_133.tar	3a976b1bf88885c992cc916af7b2b5e4	580446663
src/arXiv_src_2508_134.tar	8239f02b7daee7114cd3d3b0129ecfad	527507153
src/arXiv_src_2508_135.tar	968de7afb3422ddf26b9729c7e60668b	561714926
src/arXiv_src_2508_136.tar	0ad9696e57c86d85dcd6049f75ccfc89	500134479
src/arXiv_src_2508_137.tar	eb28cef9d5604d4a3065e36b101e44f5	526574237
src/arXiv_src_2508_138.tar	466f7e1c015b0e4b0ec2d531758f57d1	541431925
src/arXiv_src_2508_139.tar	003ddad20906b833e29a49155410aeb9	550507025
src/arXiv_src_2508_140.tar	d1452bd5d1f8f0cad70fee93d2b4f22f	525702550
src/arXiv_src_2508_141.tar	2f1b47a6283f9303524f9b46df1ac01b	536475503
src/arXiv_src_2508_142.tar	5c5ff5697eff29b7f572a26fc449c8a3	537985912
src/arXiv_src_2508_143.tar	e7ec1636c9f981ef07660a1f9ce65a39	532328735
src/arXiv_src_2508_144.tar	0f9e9fa30e59a3a0f70755ea80348a59	534554752
src/arXiv_src_2508_145.tar	6486a93a85de6d394da7ce63297063e9	519998953
src/arXiv_src_2508_146.tar	c23807518df82e4f6a1b9f80d26c75a8	538044699
src/arXiv_src_2508_147.tar	28ab8a29c0be4f94542401f3c8ec5e06	541255006
src/arXiv_src_2508_148.tar	135f22220ab4bf0876c87bde9fc9a6bc	527098918
src/arXiv_src_2508_149.tar	37186c300d87670b4a4850ca81444f64	572452777
src/arXiv_src_2508_150.tar	74c341526b6b62d81708d93cc1d4ffec	525279455
src/arXiv_src_2508_151.tar	2d144feb692394b38b9f0074ea1126cb	525214058
src/arXiv_src_2508_152.tar	9d083dc24da4465b6d7563ebeb1b4707	561857033
src/arXiv_src_2508_153.tar	568bdf3189e7071cc5928a4847d837d7	522846593
src/arXiv_src_2508_154.tar	898448d258c5d9be0c64ed629d16074f	418580391
src/arXiv_src_2509_001.tar	c8e35c956a000dc2d83e1f26ad1c0765	516116752
src/arXiv_src_2509_002.tar	aa7314a23ad0977929d3fe57fb19bd0f	531519632
src/arXiv_src_2509_003.tar	78b14e70a4db075369a3997dbe2d3d67	525167088
src/arXiv_src_2509_004.tar	da6ca53908b257adc858dc6f31777c0f	534618434
src/arXiv_src_2509_005.tar	f8dee25eca13e662c841182e8d56aba5	524743441
src/arXiv_src_2509_006.tar	9d9ef80ef410a5e0d12a3ad9183296cf	533991435
src/arXiv_src_2509_007.tar	90495b794cb1477dc4e4ea4ff2bea62a	547157399
src/arXiv_src_2509_008.tar	70eebd3db03ae9c1b58a91298aacc435	525556258
src/arXiv_src_2509_009.tar	9d2d22127926372d0fee193ec1a5af22	541647685
src/arXiv_src_2509_010.tar	fc7cb1dc76bae5b0d44b743df546d586	527178718
src/arXiv_src_2509_011.tar	bdb79f554b64f049f51668080a78d251	528262502
src/arXiv_src_2509_012.tar	3a26121f02da16714d05b9ced16a8eb8	538602610
src/arXiv_src_2509_013.tar	5a5c6822a80b82c5339618f0d78536d2	526284083
src/arXiv_src_2509_014.tar	3520250d9f9056f0584cdf3ec85b5fe0	534184104
src/arXiv_src_2509_015.tar	ae13abe018e6e2b78ca1a2e7d59d3b8e	541035982
src/arXiv_src_2509_016.tar	3860db25b7dd829a1ad34d94c2231f57	529451986
src/arXiv_src_2509_017.tar	0a9507b12909ab6eae382654eb3684c3	541455418
src/arXiv_src_2509_018.tar	839d4f0a600c26d12d2dd24056a48e82	529437805
src/arXiv_src_2509_019.tar	5b402a4eba3af50d4a7fcb8e83be6953	541723557
src/arXiv_src_2509_020.tar	3cd906b23e53c0339edd16da75dcf13a	524642401
src/arXiv_src_2509_021.tar	46b140b6ed69c6847b6e44548cb56f11	526271298
src/arXiv_src_2509_022.tar	0a784c3f99fdec0efc807094bb92d1b7	542452730
src/arXiv_src_2509_023.tar	f02e70a0413cc9913ab26ec9532e54c7	529637461
src/arXiv_src_2509_024.tar	90e50d1070241e84616882fe797bb54f	525465348
src/arXiv_src_2509_025.tar	dbd72f5f6b6675a570e328cf113a0b81	524721577
src/arXiv_src_2509_026.tar	1d1e1a3e7b7900269eac2fa643d9d39f	504427560
src/arXiv_src_2509_027.tar	e5b21f85349f4fcc6804eb972ae9c2cd	532603684
src/arXiv_src_2509_028.tar	b34f3013d4007c8837f018188c1fa806	530840051
src/arXiv_src_2509_029.tar	51db4bcc076994fc6aa505e70f8d285b	527984999
src/arXiv_src_2509_030.tar	454315a519b01c6e9bc4d5bc3ad88ee5	540294095
src/arXiv_src_2509_031.tar	f64eebea76e779f497de393aaa3b9422	524641788
src/arXiv_src_2509_032.tar	8f75865a1fee04bc261ea09936914ef2	527536967
src/arXiv_src_2509_033.tar	374352543f7c4058d01f50b685813a2a	524426172
src/arXiv_src_2509_034.tar	66b218c68a9c1c555c92fc3890c78821	528748484
src/arXiv_src_2509_035.tar	ebb0d8881058ac62db0f5e489f03f54d	543349308
src/arXiv_src_2509_036.tar	402f96091ed3920238c0cc542b0b5cba	541757274
src/arXiv_src_2509_037.tar	0007abe467613f77b7136d6d6f28ed4b	533177319
src/arXiv_src_2509_038.tar	cb87f265d07771eda016d8578c73f5d5	524324013
src/arXiv_src_2509_039.tar	b17ae228ad0f5cbf63c051351b08a4c8	535743141
src/arXiv_src_2509_040.tar	8727f35b6e6c5aa6ab26f6bde302d376	540488980
src/arXiv_src_2509_041.tar	369e3dd8761b21c3692d7de3fbbc22df	530341581
src/arXiv_src_2509_042.tar	90283b0810ca3de76610c6867722dc92	534438548
src/arXiv_src_2509_043.tar	261dfdcf3bcc1364704f5e826dc751ec	527854769
src/arXiv_src_2509_044.tar	935f57bc3805eec6c7c5068338b03ac3	524421155
src/arXiv_src_2509_045.tar	c99ffd1594dea7bea121afb7d17708f3	526193952
src/arXiv_src_2509_046.tar	31af1d70614a5ae2e2390a25d9958108	552115562
src/arXiv_src_2509_047.tar	7093eb211b9d488d30e337d31fc1ebbf	550169599
src/arXiv_src_2509_048.tar	882a1b9c4cf30475fa69027b17866104	528371429
src/arXiv_src_2509_049.tar	85c0d25c910e2a3c8fa94bbe8b52f25e	579817773
src/arXiv_src_2509_050.tar	9bda3cea21c56b64409a84220396e02a	525597839
src/arXiv_src_2509_051.tar	478b1fdb91f89a93ae7a4e5b141c450b	527128838
src/arXiv_src_2509_052.tar	0ecdccaa426cee84c839bd3ab6ac3f65	525338689
src/arXiv_src_2509_053.tar	75195ac4f686b4b658e9f75186d8273d	527339981
src/arXiv_src_2509_054.tar	04793234be3fda12b236a0fb735d352a	525024821
src/arXiv_src_2509_055.tar	986d2bdbae6c5082ca51e1ff3b0bfa15	528837448
src/arXiv_src_2509_056.tar	c777b0d024da03f1739b158c66c5ee8f	524552112
src/arXiv_src_2509_057.tar	d344b9249a1ffcd55c72218b55953df7	528641039
src/arXiv_src_2509_058.tar	c6acc259084155c33800640b69a7e8ea	524447178
src/arXiv_src_2509_059.tar	078ce3dcef67b9740fe73263be8f935b	534620715
src/arXiv_src_2509_060.tar	c539f5e7004e7ed21275503b2726933b	525081464
src/arXiv_src_2509_061.tar	da01d79c1f872cd1c8cd47cd70d9cdae	532528772
src/arXiv_src_2509_062.tar	74d47f6ba4ce33d6bbe811b3b612f8a6	537712350
src/arXiv_src_2509_063.tar	dd2db41fbde3f3429c6b30efdc0783ea	545751209
src/arXiv_src_2509_064.tar	3cd9c221be1df4a4a281d921579dcee0	528257011
src/arXiv_src_2509_065.tar	a36a2e965f13033cdc38cae049699439	559155430
src/arXiv_src_2509_066.tar	4fcccbfb1812ec419420c30b350ad12b	524637816
src/arXiv_src_2509_067.tar	175607de89d9fe8e611a2b4a601139cd	525909266
src/arXiv_src_2509_068.tar	deef0fd792a645123dea54ae29f6183e	526481857
src/arXiv_src_2509_069.tar	9bb4570d2e4cc514e76d2923027b4e49	546614868
src/arXiv_src_2509_070.tar	f9e89391ea934729c7d358d4c94d7c09	527574883
src/arXiv_src_2509_071.tar	42cfaf5abf3cc2f6e3594ecb5ffe6bc8	530804555
src/arXiv_src_2509_072.tar	569ab972425320aed40033498c5c58e2	533119238
src/arXiv_src_2509_073.tar	bdd385be2c25b9a98d595713a1a26791	527623754
src/arXiv_src_2509_074.tar	759b455571762d82e74e37af6f09f7c5	525555479
src/arXiv_src_2509_075.tar	c5872aaae422fcc2507cdd1aa751c6bd	524361547
src/arXiv_src_2509_076.tar	168e64af86dbcc12702d5385af57fb0f	524652553
src/arXiv_src_2509_077.tar	86514f91acaa0a78e7a35d93cd2fcbef	562236351
src/arXiv_src_2509_078.tar	09469a80aba8bba5cf9e15163ff35e4a	528081042
src/arXiv_src_2509_079.tar	57626074b93f04f4f4639c5bc2905dc0	535675285
src/arXiv_src_2509_080.tar	9fdaca0d7e9f7f7b4a248f6f3915a1d8	534554019
src/arXiv_src_2509_081.tar	ff3b1ccefcefa0b6cd3d81b14a8a29ad	530667010
src/arXiv_src_2509_082.tar	f1c4bdbbd81dc123ed3cdb027096bf5c	524331066
src/arXiv_src_2509_083.tar	a00ed135b29eb2e85564b08487d4906c	525792663
src/arXiv_src_2509_084.tar	0c161bda4e43b49ca16bd0a84c41033d	537421869
src/arXiv_src_2509_085.tar	fb66799ed98b23496ecb1809824f3e67	544571068
src/arXiv_src_2509_086.tar	0ecf1680940fd7c2c0f2f87563f0f4a7	524727838
src/arXiv_src_2509_087.tar	760a26bae5172782341a935f17ff5d75	524380576
src/arXiv_src_2509_088.tar	2f5d4ea27fd96b91a4a7845abc1a4401	529237743
src/arXiv_src_2509_089.tar	fd17f0fd7235bd7f6abfa1230c326d4c	534412228
src/arXiv_src_2509_090.tar	ae21358af72d690dfb8dc383fa870f17	533365439
src/arXiv_src_2509_091.tar	4659cc6613d342604dcf182acfa81942	546073499
src/arXiv_src_2509_092.tar	91c78dbbb62650f6ac4b9a56c0e6c39e	534255916
src/arXiv_src_2509_093.tar	de83aa60112d1c61dce566e12aa776df	526439563
src/arXiv_src_2509_094.tar	b592a04969a2e94c6c901ad922f8bc19	531604772
src/arXiv_src_2509_095.tar	bb2c6b5a3ea0c9fa20826e7a437fc322	527171181
src/arXiv_src_2509_096.tar	09071629637393e02b1978c8c1b5fc54	527373684
src/arXiv_src_2509_097.tar	5c0b69618b19f930d56df80c26770cef	532585709
src/arXiv_src_2509_098.tar	84e6b2178c6ad979e78a91b9461d6bfa	531714405
src/arXiv_src_2509_099.tar	e4c4ea5be12dce73d9f6958d393c1056	542953917
src/arXiv_src_2509_100.tar	cc65364ac111f5c805db9194792d92c2	525774495
src/arXiv_src_2509_101.tar	1372ee4a9bb482a5acbbfd232844a26a	552605951
src/arXiv_src_2509_102.tar	f2e9efd743db47875c3e6671b2e02a88	541710425
src/arXiv_src_2509_103.tar	7aa69a9410d9665f33f8beb353826c80	545159984
src/arXiv_src_2509_104.tar	6907c2abd1ccd91528494d1faade2bc0	554998680
src/arXiv_src_2509_105.tar	efe8add59a63cd323d2a8ff127ac4938	525528223
src/arXiv_src_2509_106.tar	9a3824cd943f6b5cd69795b5dbf3d9b7	533473807
src/arXiv_src_2509_107.tar	ebfe111cc3653fc86cd7fa951cd1532a	542088286
src/arXiv_src_2509_108.tar	f00ce938990fbabab3e07e97c9617c8c	552311540
src/arXiv_src_2509_109.tar	1d86afc509cf024bc0896f07cde23366	524696946
src/arXiv_src_2509_110.tar	118bbd751f52831cc9032bb48b328d2f	525511445
src/arXiv_src_2509_111.tar	ea168445edb1ef72882cf50845128fcc	526536549
src/arXiv_src_2509_112.tar	eb84e2746b544856c14858eb5f157015	603177671
src/arXiv_src_2509_113.tar	68076ebace35f862b505562fccc8ac78	537719822
src/arXiv_src_2509_114.tar	ead9dfd1763e5d004dcd60e1a5d9780e	558798091
src/arXiv_src_2509_115.tar	13acffb7bd494c423083f802005ff27a	559740252
src/arXiv_src_2509_116.tar	9ec0bfb0b7778a92a3609a19a64c6083	527897063
src/arXiv_src_2509_117.tar	a77977471d79460c627bccc96781c9e9	531417478
src/arXiv_src_2509_118.tar	45753fa3d6b411a6251eb919901e941f	532531639
src/arXiv_src_2509_119.tar	40dd4ff063ea2c9359befdb1c45646d7	527206510
src/arXiv_src_2509_120.tar	da55118953c2dbaa04b52b37b5433c13	525868623
src/arXiv_src_2509_121.tar	9811c41be9e5924b1bd6daa8921db9ec	527642448
src/arXiv_src_2509_122.tar	3ffadbb756dd48d498ea205af585d9b5	524648918
src/arXiv_src_2509_123.tar	8afea453af4c9bd74da3527858c3ae79	525305812
src/arXiv_src_2509_124.tar	ac12f572a14e918c5d4d64e67028841b	542114681
src/arXiv_src_2509_125.tar	6351eee6ad0e52830f2ff37fc591b7d2	540126746
src/arXiv_src_2509_126.tar	65602a583a6936a79562ac23e14f75f1	528654530
src/arXiv_src_2509_127.tar	f478664c505c2647eaba4bda8b54bac8	535896611
src/arXiv_src_2509_128.tar	65da44827145f091ca6427405ded8a2f	530673838
src/arXiv_src_2509_129.tar	e9c0ba857c33bc4ff247a8dd609e701f	525374259
src/arXiv_src_2509_130.tar	3e937e82aa785b03c46501ca293953db	533648369
src/arXiv_src_2509_131.tar	b6efc7b6f382d556b80ee223b40cc748	526985493
src/arXiv_src_2509_132.tar	62510861d59f65c825b5c916b00106a2	525342440
src/arXiv_src_2509_133.tar	b942093306b971f4a939aed36a00596c	573571980
src/arXiv_src_2509_134.tar	458ca792b374dfecf933cc25cd529350	539316889
src/arXiv_src_2509_135.tar	00f3393aff89059ec817d33f912c3c38	530890306
src/arXiv_src_2509_136.tar	428524de233e8ed62a2569dd7a30724a	530554095
src/arXiv_src_2509_137.tar	44a48f206ef79a8ce7f4b5c112994b06	525754016
src/arXiv_src_2509_138.tar	69f4cbb28fe8bdeb34b46a1efd1c672b	553911796
src/arXiv_src_2509_139.tar	43a98a13d4a4f46071765a73b1cb6653	528593613
src/arXiv_src_2509_140.tar	0f7ed1847aa68f3dbbeb59b805865258	529807438
src/arXiv_src_2509_141.tar	20b0fb428ba7d96d1e9262e0a756f554	530186123
src/arXiv_src_2509_142.tar	1cd7799c466049ae01ba632d698949c0	532813498
src/arXiv_src_2509_143.tar	3a51cca24a92efadffced72a280f22fd	530589213
src/arXiv_src_2509_144.tar	90baa821ccd45611a583d4ade46f5404	526721594
src/arXiv_src_2509_145.tar	0d78ce47f51fd71acc13de244a3cf9ae	529995279
src/arXiv_src_2509_146.tar	489335995f749f84a8099de48a24172b	538883158
src/arXiv_src_2509_147.tar	48238270b3958ca65b0f4a2e2005ae25	536428299
src/arXiv_src_2509_148.tar	40ed4e3395ab516cd919f64c1ecfacd8	526487514
src/arXiv_src_2509_149.tar	dca60381e74fffab470cb88f56d84289	524322157
src/arXiv_src_2509_150.tar	d15aa5f8ee4fed5d7d3b9ead72ff837e	540500195
src/arXiv_src_2509_151.tar	ffda21df82a3872631a081465a3d22d7	535779849
src/arXiv_src_2509_152.tar	63c8241bd402798f2d7739732f44abe9	524396210
src/arXiv_src_2509_153.tar	39ea0eb27afd3d7224920d14a638e41b	530398994
src/arXiv_src_2509_154.tar	28d54c0a870360c13c06f6cb50c3868d	563055153
src/arXiv_src_2509_155.tar	f0c305624b4bf5943979cf1b24ec0681	533153727
src/arXiv_src_2509_156.tar	8ef9ee6de0eba6ddf8f40538322d47b7	542959523
src/arXiv_src_2509_157.tar	6329b6823ba3e786a20c16399e4c20ae	538952980
src/arXiv_src_2509_158.tar	ab2b35253ae46fa0d49a757bec4546fa	526049813
src/arXiv_src_2509_159.tar	f9c67c789ca520b8d968e42dd7b87d18	538386596
src/arXiv_src_2509_160.tar	e5ddb0e396c0dc04e300c59804a26d4a	525212082
src/arXiv_src_2509_161.tar	99e3d3c558bdb2254cef446b32db831d	537187825
src/arXiv_src_2509_162.tar	d4f0f274bc17b2a0e579feca70aa169a	528787006
src/arXiv_src_2509_163.tar	c23615edc8b5663de6564c95faa9aa4a	526499949
src/arXiv_src_2509_164.tar	206084a3f71adbc1e92b21a58c553633	525421705
src/arXiv_src_2509_165.tar	a3c1a569864444f998a0396c3d71496a	548687451
src/arXiv_src_2509_166.tar	83783df1419663842c35cb39a9fa488c	549136097
src/arXiv_src_2509_167.tar	a1b9a196f5032a5a9b9df03f39979b9b	549751569
src/arXiv_src_2509_168.tar	09f62521b6f430a48c34c5bb3726a053	526759778
src/arXiv_src_2509_169.tar	fcca6117f9e82137b3f00ea52aa80c23	533659923
src/arXiv_src_2509_170.tar	1b9683e081fb523bef589cf212c10aa4	525700204
src/arXiv_src_2509_171.tar	345bd4cb14587b436a681f251cf55894	530000965
src/arXiv_src_2509_172.tar	8acd47da6a80f05523ac6935d46ad867	506635901
src/arXiv_src_2509_173.tar	98727a7ecd00c985e7760bb3dd8b3697	532897680
src/arXiv_src_2509_174.tar	0cbbbe0506015744e965d8c84263510e	548144445
src/arXiv_src_2509_175.tar	adee348a367a43cf5efe6a82f27e820b	530864313
src/arXiv_src_2509_176.tar	8b01cdfca9ae2b26a3b6dcff010d0452	554421544
src/arXiv_src_2509_177.tar	ee1b827dfbd6ff361401ab937f901b7d	527068133
src/arXiv_src_2509_178.tar	19c82d75b8024ebc9143705ac40c1ff3	543651513
src/arXiv_src_2509_179.tar	4129b2d387c029119695c1cdee579cc5	526284534
src/arXiv_src_2509_180.tar	80a1670138f0221570a30febef8b84bb	525639689
src/arXiv_src_2509_181.tar	a71addcc16ede97e96ca263068ba2b9f	526415225
src/arXiv_src_2509_182.tar	b4564d28c1a25238a3b952a0b3db979e	526364401
src/arXiv_src_2509_183.tar	86a10c2e796928d47da775df1204e72e	524126945
src/arXiv_src_2509_184.tar	fbe6865203fd53601c9865f955ea3990	559777354
src/arXiv_src_2509_185.tar	279490219d7fc0339eb661289e4a1486	526073129
src/arXiv_src_2509_186.tar	826e95a13c9403d908aa13c5c82efe46	527379015
src/arXiv_src_2509_187.tar	b48f808ffcb49282abfbaae0af409733	546080627
src/arXiv_src_2509_188.tar	8c4aa9347a94affe28e013d5c2c3a63b	550123022
src/arXiv_src_2509_189.tar	de52a31629de036b524668742a94f34e	524496847
src/arXiv_src_2509_190.tar	59e01a3b30fe58230a5241361142ceb5	545262833
src/arXiv_src_2509_191.tar	071789aad8092183198c5b0b404b142d	536346653
src/arXiv_src_2509_192.tar	401e2c9ff6a992ea5b4eed301093faed	849767
src/arXiv_src_2510_001.tar	052196b9e535076666f922a6c0519a6f	526172666
src/arXiv_src_2510_002.tar	fa136f79c57826e45a826e1009c9b610	541884176
src/arXiv_src_2510_003.tar	e811dffd8c332b10777431b3fdf8afd6	524515515
src/arXiv_src_2510_004.tar	cb088f36bf717ca0b28d9512a926b908	524802614
src/arXiv_src_2510_005.tar	5fdb62355a64db0fd1dc3c5516f590cc	536123614
src/arXiv_src_2510_006.tar	6b9e15852e6611b39e4298a3d058d30a	539714185
src/arXiv_src_2510_007.tar	0094dfb3113fc4efc4227607f76ce6fd	524755663
src/arXiv_src_2510_008.tar	d20588eabc63e542f9705d863b8aa0fb	543908786
src/arXiv_src_2510_009.tar	ad3ec7af94b4deb85c5f95608f744eae	526696768
src/arXiv_src_2510_010.tar	a316cbde8fe066351f15e118e50f2a89	554721390
src/arXiv_src_2510_011.tar	62a1b49e911596e34241dc261e6c1088	527564758
src/arXiv_src_2510_012.tar	7b83a5ab717a1f938832fe9ef65b8cdb	536968516
src/arXiv_src_2510_013.tar	23795fa856177c9be60a717c3566add4	525652501
src/arXiv_src_2510_014.tar	1565e46fa5b0d8a976c2201c2daab9a6	525722796
src/arXiv_src_2510_015.tar	aadc3fa1d8d9d605af968a5cd2277578	538020785
src/arXiv_src_2510_016.tar	f70b604e8f681dc0679daadae76fa7c3	531559585
src/arXiv_src_2510_017.tar	e5efe87ce84b7740f4ba954436d00d36	608209266
src/arXiv_src_2510_018.tar	7fdd5eb673ab2622f40a6f863d4f4664	525950613
src/arXiv_src_2510_019.tar	9c9f204b191607d1b76bd8593e3599ff	521712790
src/arXiv_src_2510_020.tar	e8804c25d5b2346435880fe7e9c83996	528267975
src/arXiv_src_2510_021.tar	6eb8e709256f0037f3d2e4c0412ed692	527173418
src/arXiv_src_2510_022.tar	f2d3352b9e7364aa6e9d229f7bb1b7e0	524433617
src/arXiv_src_2510_023.tar	374cb343329cc3377aee16964c75979b	534098029
src/arXiv_src_2510_024.tar	b7a6379f00f9ad2b17b02079315bdbf8	541687371
src/arXiv_src_2510_025.tar	0609f0af69af052b3d93b7469beae2fe	563959048
src/arXiv_src_2510_026.tar	0adec851b56e8425b016b3c783a077d2	525458432
src/arXiv_src_2510_027.tar	b1c689e5735ffc509fc86521f961efb3	527373990
src/arXiv_src_2510_028.tar	618930ed7eb9d94262955f626674eba3	524918111
src/arXiv_src_2510_029.tar	c1dd00a15db5debb5183bd90b48701d9	523782402
src/arXiv_src_2510_030.tar	cd76246662883f41db192090b7ae4864	526846612
src/arXiv_src_2510_031.tar	f3a24cee3c24f206c1b3bd37d51e5e43	528313474
src/arXiv_src_2510_032.tar	845f4506f1d02679e4ceadc21ccd35c2	531843100
src/arXiv_src_2510_033.tar	aaa557199e50ce6d584c3803a3dc375e	550286574
src/arXiv_src_2510_034.tar	b923dcdc4cc1033d280b2ebf9630a4cc	556462143
src/arXiv_src_2510_035.tar	f5256ffb011eb8441022a91a4faebcf7	525176831
src/arXiv_src_2510_036.tar	4feab3359ae9083a2a7c8a6cf5e5902e	532054868
src/arXiv_src_2510_037.tar	18b998bce0cd31d23b2e1138341292c8	526396490
src/arXiv_src_2510_038.tar	844ee7c771ceb2a668f16fdb5d35b104	533103612
src/arXiv_src_2510_039.tar	47c0ca78951e41fde8d5fe025f939056	513065724
src/arXiv_src_2510_040.tar	d9cc2253dc8a7efd528f7e2f116fb0fa	525631073
src/arXiv_src_2510_041.tar	3da45ba3f3a764b05c035a973ac8d1b7	524852853
src/arXiv_src_2510_042.tar	b26e641e6138d14c242bcde1c76637ec	533999280
src/arXiv_src_2510_043.tar	c76d6fc2911cf5b50fe74a4191fb6420	528301793
src/arXiv_src_2510_044.tar	afd27b1caa2e21434ce6fba46098853b	525075604
src/arXiv_src_2510_045.tar	fd554ee57d7708c97f34a38781178d82	526643141
src/arXiv_src_2510_046.tar	1ad0672fd080145a14fe68317fa9e7c4	522191277
src/arXiv_src_2510_047.tar	549aa4d4a55c8de7fae43af3b84be250	529049962
src/arXiv_src_2510_048.tar	af0c0d3656a6d6cd635e678b00f4cee7	524823019
src/arXiv_src_2510_049.tar	dd93dc0d2de4b927da0a3482a7fc0c3a	525959937
src/arXiv_src_2510_050.tar	3f083fe936585c63368dbfe1fa38063d	531123200
src/arXiv_src_2510_051.tar	9853bda500d5ade38520ed163fcb6099	525521894
src/arXiv_src_2510_052.tar	413181e7f94d2e5853a9764d5bcd7d66	525517710
src/arXiv_src_2510_053.tar	ed319fc007839e5db7f35c6d16f80146	565381757
src/arXiv_src_2510_054.tar	f20f4f4f86d94e98215768058483fd43	529756097
src/arXiv_src_2510_055.tar	91fb62bb98c9775766edeadb0abb5458	533194989
src/arXiv_src_2510_056.tar	eb7afe09547253970ca94a1045fd582b	562487682
src/arXiv_src_2510_057.tar	9cc67ba016b67ad263ef9ef5738c6859	526871762
src/arXiv_src_2510_058.tar	95ebaf059361c50204dd5d7a1cf38740	527681071
src/arXiv_src_2510_059.tar	5f3ffec05dc93339c1bfff3ced76e3b3	531286115
src/arXiv_src_2510_060.tar	83177b9e03d77f83d16ad4f2826713b1	530801071
src/arXiv_src_2510_061.tar	f586c4eedaddd6c009590351c44d993d	526034813
src/arXiv_src_2510_062.tar	359ae575a0db40ba81763946061832d9	564913371
src/arXiv_src_2510_063.tar	f14afbf05d29cc082d9c3ea6145d9c3c	525839896
src/arXiv_src_2510_064.tar	68162adbe018af92b2058821141e88b2	529687392
src/arXiv_src_2510_065.tar	88d9be84c883a7e9d7feb43b4f161548	527193528
src/arXiv_src_2510_066.tar	b8987bf9caaaf0964dec4af87152eea1	525643488
src/arXiv_src_2510_067.tar	ee027a084369ee2cf7bb37e11cac292b	525264253
src/arXiv_src_2510_068.tar	98e0bdadb742654a51bc3f290b51c91f	543900268
src/arXiv_src_2510_069.tar	050241ea20f3d1155cd76c7a96322bf1	550072324
src/arXiv_src_2510_070.tar	41e1939aca60cfb94a92b941b2b8379c	521148285
src/arXiv_src_2510_071.tar	317907e822dfc53c186b07060cd51e42	538778132
src/arXiv_src_2510_072.tar	d6b9e920947ad321d43b3858bf6200a2	523728127
src/arXiv_src_2510_073.tar	043cc6a4df1788cb687307add4259230	521336534
src/arXiv_src_2510_074.tar	dddba9cb578311c628d0fe5acadd9589	525205905
src/arXiv_src_2510_075.tar	8b882877c7f71b2acaf3a2ab933811c6	539296198
src/arXiv_src_2510_076.tar	25a248f3cc79962ac434dbaa2b0e6899	525012205
src/arXiv_src_2510_077.tar	6249dd8f1dffb485be7beaffe41ad89d	524744356
src/arXiv_src_2510_078.tar	c81f424b3681d7b54c4a1c8869c1e05d	524567158
src/arXiv_src_2510_079.tar	1c8386197321e49dad01fd3ebb92262d	552097843
src/arXiv_src_2510_080.tar	08c168be5236c36080b824b03f869699	524679503
src/arXiv_src_2510_081.tar	82e635474fbedd775eb456a394533cc9	526570913
src/arXiv_src_2510_082.tar	cf1a0267b2f217fcea13aa5db72ad01b	553141520
src/arXiv_src_2510_083.tar	88d775a87f93d64d47c21f53c90d70a9	525645031
src/arXiv_src_2510_084.tar	7fd5c1a38845f7fd323a9d0f39050cbd	524402085
src/arXiv_src_2510_085.tar	50aa99d98a1321c81ffbddd8cb8c72a3	525455405
src/arXiv_src_2510_086.tar	43453ccb634294c12b5960dfddd5241e	538902499
src/arXiv_src_2510_087.tar	72c085cd1a232ab6776e050eeda444dc	534035566
src/arXiv_src_2510_088.tar	12f1f1f3ff25fafd80305f38bcf88584	539547662
src/arXiv_src_2510_089.tar	017dd478dc357cb0f00a5f1ba3387b3e	531031411
src/arXiv_src_2510_090.tar	b534eb26621f919df2df0ba4786f058c	526189522
src/arXiv_src_2510_091.tar	6b8fb5a06613e3c659434893d0af24f2	525220540
src/arXiv_src_2510_092.tar	1a70a43756efa2c29b8deb7e5ad9dfa0	530232377
src/arXiv_src_2510_093.tar	81302af15eb2d4209d8c85310786edcc	527358158
src/arXiv_src_2510_094.tar	f6d45718f62f8fa6ab40e9eed1a6512a	528529416
src/arXiv_src_2510_095.tar	68abad985d25a5362949034be1c2399f	509446515
src/arXiv_src_2510_096.tar	d7f371b383e764cce25f035ca6da5ef0	526436695
src/arXiv_src_2510_097.tar	b8b984bf47459e900db0d03ed718d66b	528197633
src/arXiv_src_2510_098.tar	5523fff93ccc6daf2175a8a295793113	526479705
src/arXiv_src_2510_099.tar	50dcb15302a1aa20ad799440827c2109	548316802
src/arXiv_src_2510_100.tar	8b168a89a2b08ce5238871a68f3d239f	527827025
src/arXiv_src_2510_101.tar	32453d789a487e03bc0f5ed3b6cd71e2	532923212
src/arXiv_src_2510_102.tar	0f903b78d6390a3109d9e7289e66ce48	524393953
src/arXiv_src_2510_103.tar	a81f23bba62ea8dfaff35a89e012190d	527829270
src/arXiv_src_2510_104.tar	6584e1a57dd323d74462a391b8390cfb	529517744
src/arXiv_src_2510_105.tar	0e3c3bbdc43e0a68ed60d9074ba56d8a	540210331
src/arXiv_src_2510_106.tar	69d0776d94e1de946cb8d5a8ca761279	526934168
src/arXiv_src_2510_107.tar	a331b9db289a7f357da166bdb6e1c34f	524294124
src/arXiv_src_2510_108.tar	92be7e9ceb590901e83d0fc3c8323b15	525804099
src/arXiv_src_2510_109.tar	80597678e473fb157aa47acb740555a8	538013324
src/arXiv_src_2510_110.tar	f71ca0c9b917149c21b18bf9c47d0efb	524605625
src/arXiv_src_2510_111.tar	02da351e6e69adf4a3ba8fc300426408	523659265
src/arXiv_src_2510_112.tar	fcbe1c8f3771960e26019b52ff2860a2	520336384
src/arXiv_src_2510_113.tar	a3f649e4fe03e24bec46cafcb3a1b1c8	530667605
src/arXiv_src_2510_114.tar	ed82f843ba5c23c92cdd210e05b941c0	524574461
src/arXiv_src_2510_115.tar	bc60a639161b474f90fc04b6569b4b22	526938018
src/arXiv_src_2510_116.tar	816f1b8eb1916406d5d2ee622aa721a1	532641048
src/arXiv_src_2510_117.tar	b19e0ebb7896971e9cfc4f7e0cd6adbe	524379566
src/arXiv_src_2510_118.tar	2cb3be2a38bdacab903221bfb6959567	567218726
src/arXiv_src_2510_119.tar	e409a9a95b7fe12b5484073f0cd98d9f	568790518
src/arXiv_src_2510_120.tar	e977a0f755669a1eb325af2a4ba03f83	530996258
src/arXiv_src_2510_121.tar	a71ad47cb7c0109fcae2e61e0efd37d3	532175035
src/arXiv_src_2510_122.tar	959204c1f051c230fb08a6880dca1e65	526222104
src/arXiv_src_2510_123.tar	1166e54ecd988e6c9a81815c94456118	555891625
src/arXiv_src_2510_124.tar	fb7bf195c36cfd80947de1f0122a60f6	527717891
src/arXiv_src_2510_125.tar	c7f5cadb5f058e5f4d176ec61e59cd60	525905557
src/arXiv_src_2510_126.tar	2eb7df9218868cabe90b68d8a9d8b21d	557452275
src/arXiv_src_2510_127.tar	415af76b33322f418d873c97b58a7aab	529433667
src/arXiv_src_2510_128.tar	0ac6f0e66959d6ba5843c549907e41f3	531996455
src/arXiv_src_2510_129.tar	99de5a5dbafae9a77ebaf4f98ff318c1	525289074
src/arXiv_src_2510_130.tar	21b1737d5b757221abd66df212aa2ad2	528548105
src/arXiv_src_2510_131.tar	bd17c2a3de4e33b90e16b03b2544031f	520195729
src/arXiv_src_2510_132.tar	a278adbc2703df0fee4ce37b2cce2b82	549057373
src/arXiv_src_2510_133.tar	d03068e39d71ddb9d48e13bfd3707b41	533862776
src/arXiv_src_2510_134.tar	f72b32b9d998290fac9b488023fbf654	524945127
src/arXiv_src_2510_135.tar	88990206e2a32bc620c6c0569adea165	527019284
src/arXiv_src_2510_136.tar	542d345833ec579a61e2d125965cbc1b	525281275
src/arXiv_src_2510_137.tar	bee041c492a3f2f71ce3b3151829bacc	528911376
src/arXiv_src_2510_138.tar	88a4f40f5bce19a3a2ac3ba9ecb61764	506502535
src/arXiv_src_2510_139.tar	0dcd0fcf785f292edf6895d60426ac3a	528010986
src/arXiv_src_2510_140.tar	10e6e0564d9ad3f3d1773aeeb728b3f8	525865047
src/arXiv_src_2510_141.tar	10f9b737f93810fa2dac389050b41388	533861168
src/arXiv_src_2510_142.tar	e4eb23b2ed605c0ed1b7282972a5be9b	525046545
src/arXiv_src_2510_143.tar	f9a859bc1dbb1770d3134bae9742cbf4	554323351
src/arXiv_src_2510_144.tar	511107da1f1d77956e4429502bb6840c	570963502
src/arXiv_src_2510_145.tar	e362fbbb595ace711ceb04bcdc30c1f6	558107288
src/arXiv_src_2510_146.tar	80dcf71a4cae68523c901a1a98400e7c	536614093
src/arXiv_src_2510_147.tar	07d5c10bb9c0842f94cff480d2897b90	526106090
src/arXiv_src_2510_148.tar	f9daddbcbf17425e8fa434b2fe5929a2	533446172
src/arXiv_src_2510_149.tar	11ab3505c74fb7b871f7a7e25b7641fd	557897560
src/arXiv_src_2510_150.tar	58e73c7b2f605cec3b3f392692af7b98	535805981
src/arXiv_src_2510_151.tar	c3278febb8924d74ea37f416a6fc90eb	528884584
src/arXiv_src_2510_152.tar	ffd022d56f74d021a5a44d53ee547ccf	529029082
src/arXiv_src_2510_153.tar	a780332bbf30e6579f0d5c704b5f3fe1	548752398
src/arXiv_src_2510_154.tar	b3c5c7d11dd7b3123f6c4160b6111c8a	529852960
src/arXiv_src_2510_155.tar	e7f16d503fd0dac2bfcf70066579423b	522231080
src/arXiv_src_2510_156.tar	3cae841788d1d8fd49eb8b72fd811d4b	524672127
src/arXiv_src_2510_157.tar	958f93b32e4638a8830657c73de28747	531027449
src/arXiv_src_2510_158.tar	7ae788cb23ab7c24f6d54dad5be24f5d	528222339
src/arXiv_src_2510_159.tar	c19f07d3afcd0a838612b0902de90f86	527096581
src/arXiv_src_2510_160.tar	6e269f9466e4b615527f1ba8814831ee	536864406
src/arXiv_src_2510_161.tar	d8553a4bd8c34e3fe7ccfb8569bafbe6	549057661
src/arXiv_src_2510_162.tar	c94b28ba2583d99b33b11f7c863424ac	526785433
src/arXiv_src_2510_163.tar	98be5efd5cb9d2a2e1ebad6908766b1c	535329934
src/arXiv_src_2510_164.tar	59f90c2065ef3006eaad3916080120fa	533644327
src/arXiv_src_2510_165.tar	3a1a9fad7227fbbda47736e0c5a5feb7	524293554
src/arXiv_src_2510_166.tar	882470a0eea03bbab3f106242fb63993	525494625
src/arXiv_src_2510_167.tar	2b932cf1d67ebb9df2b33f2dac6a648f	555322455
src/arXiv_src_2510_168.tar	7af5e655f4353eef6cf3a36e33566a03	502703683
src/arXiv_src_2510_169.tar	e7cd1db6197c8d74bef6d6a0927c9b43	546112741
src/arXiv_src_2510_170.tar	3db285b2ccdbb30d4a8b843f8a8720a5	525438081
src/arXiv_src_2510_171.tar	d4e315de8fe8ee92b3bbba84aca34a83	529975825
src/arXiv_src_2510_172.tar	b38c119cdd90cdf163ff559b3581f51f	526279038
src/arXiv_src_2510_173.tar	255f191f80a50d1dba40bb1e2ecce446	533781821
src/arXiv_src_2510_174.tar	33bc222c591e3cfd43d3625c349a2c4a	527477156
src/arXiv_src_2510_175.tar	d172fa222f52048adc86b7c1016b4812	524309720
src/arXiv_src_2510_176.tar	ec7e5dd5f50918a8b95556ac5417f4dd	527079312
src/arXiv_src_2510_177.tar	f0fa578e984fb21f8609bd9359747d15	533342726
src/arXiv_src_2510_178.tar	bd424515b453214e6e3fcababd418d14	583322439
src/arXiv_src_2510_179.tar	dfb6482c9297f7d0fb8899d95cbdcdd0	530971504
src/arXiv_src_2510_180.tar	5209000b2047d5d501ef68d6c1f23bd4	529515043
src/arXiv_src_2510_181.tar	effbb5d30ff062f3f8edf17344689b4b	548272097
src/arXiv_src_2510_182.tar	06befdf4a1c39eb75e4468b7b336a2aa	537848529
src/arXiv_src_2510_183.tar	49adf990d793ad2b6a17a3cdd24ca3a6	546109008
src/arXiv_src_2510_184.tar	afbc8998410e4e53864db28f4dce47dc	534830671
src/arXiv_src_2510_185.tar	0e1d536b937038ebfdf9e10ebab249dc	526587865
src/arXiv_src_2510_186.tar	1b663639c739b86f7481a3c8fc296638	550639067
src/arXiv_src_2510_187.tar	49fdcab71e43e6a7a4795d95d4bab5ac	526295790
src/arXiv_src_2510_188.tar	707ed4497bc6fa752a3a3811e31a5a70	527590425
src/arXiv_src_2510_189.tar	abaa75bdb26841c7a0faccccd65f9bc9	526322446
src/arXiv_src_2510_190.tar	57ff90357a1256128c44586d8579db36	530665356
src/arXiv_src_2510_191.tar	2e725d97376b23839eb29c789abc673f	563856522
src/arXiv_src_2510_192.tar	370a936117abec16a0b264f1824b4ba4	541925150
src/arXiv_src_2510_193.tar	6412940106e86300b7eefd12beb88860	523623326
src/arXiv_src_2510_194.tar	cf6d783109d0cbaed5a2aecf7c0b7194	532666974
src/arXiv_src_2510_195.tar	85eba2435de16d3ebe51ce319ce50698	532914128
src/arXiv_src_2510_196.tar	5e38120b22e7f7354f14d2b5e7c48a2b	532047556
src/arXiv_src_2510_197.tar	bd4163c3587eab98f12b4fb14f49a22e	295595490
src/arXiv_src_2511_001.tar	c9e199d554c602ce65db5c1bbbb47986	523276178
src/arXiv_src_2511_002.tar	e799172f71e68b18a61a13ddc074515b	557397579
src/arXiv_src_2511_003.tar	9012986177a9a08720cca2e8e8145411	542937471
src/arXiv_src_2511_004.tar	dd16a725b0e385113d193f7b1289d2f0	535485928
src/arXiv_src_2511_005.tar	5c848c25b42ecd39a3975a3444f376ed	531176528
src/arXiv_src_2511_006.tar	c2c37f3e69b95869be9376472b8adf4d	525220640
src/arXiv_src_2511_007.tar	808daf19d8c97eb4958f3c655f6b846d	533625398
src/arXiv_src_2511_008.tar	5c451094818a3ad6db7eebc6d7392b60	500857635
src/arXiv_src_2511_009.tar	b51885d6c928fc9d4c55647ceb8e0875	525219306
src/arXiv_src_2511_010.tar	8715ab83a8216099f5bec443300e0581	524502088
src/arXiv_src_2511_011.tar	59e384dc1867ca428c2a704eacf85913	532662160
src/arXiv_src_2511_012.tar	f0ee7ce043e557382c2a44aa4880a2ed	532598472
src/arXiv_src_2511_013.tar	aa9af9f78e024cec1eaff87dc068f3ae	550957672
src/arXiv_src_2511_014.tar	fb81fdb91eb08069cd2c2d7e74355067	530273356
src/arXiv_src_2511_015.tar	b7d6be0bb3ca912f3de9202a15b48255	525342021
src/arXiv_src_2511_016.tar	5159814b323a02a591e819e8ec39a9e8	528017346
src/arXiv_src_2511_017.tar	52062a1f47faa1079138adf820ef8271	530834306
src/arXiv_src_2511_018.tar	21a0a9a6b01f2d5f531aa8400c0bb8da	526561133
src/arXiv_src_2511_019.tar	2a9c555b86be165402e1947de6233a6e	528181018
src/arXiv_src_2511_020.tar	c8c8f38e8c136992004a15a6538e8a37	524622578
src/arXiv_src_2511_021.tar	d65a72a0a9a9882fdeee88d41b74be14	544838583
src/arXiv_src_2511_022.tar	f853c825fbb4736afb62af274e633fea	543961850
src/arXiv_src_2511_023.tar	2310db1388593b4a43f92da66eeb7a77	524808617
src/arXiv_src_2511_024.tar	a75e8e65f161e8d6b0d679ae68aa1e09	526288020
src/arXiv_src_2511_025.tar	2a3da976e70ed9bd5eeaccd4e85718de	540737048
src/arXiv_src_2511_026.tar	c7d5b17c264ec0551b163bc9130258d4	534466107
src/arXiv_src_2511_027.tar	ae8ac93f40bee52fd4dae9eddf6e6ddd	525086245
src/arXiv_src_2511_028.tar	529290b66d7c5a6f1ff798e264b7b509	526319877
src/arXiv_src_2511_029.tar	95e3e233a73e11ff7319b5ef425ff150	525115157
src/arXiv_src_2511_030.tar	9dc88430cb34908bbe10afbe3c8e62b2	519447944
src/arXiv_src_2511_031.tar	b6358a9d39769c21510985e142c52a05	524476739
src/arXiv_src_2511_032.tar	f3399774f0f300ff0c0d3a833f415954	536119815
src/arXiv_src_2511_033.tar	f15bafd14ed14194cc27f8fed32a0aea	532083801
src/arXiv_src_2511_034.tar	3e708c3bd0a30ee6199b95f8961b144d	525358823
src/arXiv_src_2511_035.tar	780536e4d8786e69868d34cbff0b6715	546252271
src/arXiv_src_2511_036.tar	d8b20ef058866d674c7e910bd9bc61b4	516642981
src/arXiv_src_2511_037.tar	21e13678e153a8f79968600cc9d311d3	555478785
src/arXiv_src_2511_038.tar	a09463a143b259edb52d05f613ca94c6	524979016
src/arXiv_src_2511_039.tar	7927d2073aba2fa017fdf0a4ae25615a	563569106
src/arXiv_src_2511_040.tar	8919bc97bbac50e708fcca4e6503f084	536434657
src/arXiv_src_2511_041.tar	193037ddd6e3d1755a6ab2fd393fe0b6	526918941
src/arXiv_src_2511_042.tar	1d0065ff3254dd6536be9a6fcfdefd2e	536284663
src/arXiv_src_2511_043.tar	8727d1947a7cdeecc9a5bfeecd72c176	524759323
src/arXiv_src_2511_044.tar	6acecb7060447d4fe980183109ce04fc	540374508
src/arXiv_src_2511_045.tar	71bc4995450092de2b27244435c31f38	529641819
src/arXiv_src_2511_046.tar	bfd3b8378d58caf2dda41dc55e05a19d	570851718
src/arXiv_src_2511_047.tar	93dfb2911343cbfcdcc0b892f0cbc288	525677873
src/arXiv_src_2511_048.tar	229617ee761c13c5b21a09bdb8163ec8	533763571
src/arXiv_src_2511_049.tar	57911dedfb644c18cbaf5e62dd05c5a7	732942501
src/arXiv_src_2511_050.tar	f25f66d9140f822996edbc8a80dbe05d	551360091
src/arXiv_src_2511_051.tar	1fc67540c65fa5cb72c5ffc6ab6556bd	525572415
src/arXiv_src_2511_052.tar	4340baec4a9af9f04effb863879808b5	527764987
src/arXiv_src_2511_053.tar	cbddec78463efe88a6b65b05b38717ff	530616307
src/arXiv_src_2511_054.tar	0dfb09072a42d8b57124e566d779ddba	556722403
src/arXiv_src_2511_055.tar	49e683846b31c703ad98047ab67b4d26	537320568
src/arXiv_src_2511_056.tar	35ab6afd8a49a2946af78ea3b9de1105	526026437
src/arXiv_src_2511_057.tar	059c9cfe79e868e6645208db005b5ce0	532565313
src/arXiv_src_2511_058.tar	7479c711dd9920cb279277aea0cf50e3	525851641
src/arXiv_src_2511_059.tar	eecf2e782371c37818ca0e31832683f2	525670208
src/arXiv_src_2511_060.tar	93855ee626d45e3fdb9b96dedc4e0403	531612471
src/arXiv_src_2511_061.tar	0d2fa894888dfebfe59e5f43c7f481ad	524713765
src/arXiv_src_2511_062.tar	fc9daf4e7a45712d95ceb8dba398b1a5	525387393
src/arXiv_src_2511_063.tar	81265d727e8b442e7f9520e9b1124718	533306433
src/arXiv_src_2511_064.tar	f42667061f1982766a570cad7da5077a	529782577
src/arXiv_src_2511_065.tar	9c66a6f03807ded722b68aa2b7dc90d7	538270853
src/arXiv_src_2511_066.tar	55b562b706e30380f8f6a74357d6fff3	528338591
src/arXiv_src_2511_067.tar	44c925b92c9e0f94c7c7aaaa56bbe0ec	533055570
src/arXiv_src_2511_068.tar	82f52ab21b106a811659bce7bebf140a	555536554
src/arXiv_src_2511_069.tar	fa781dbb63b5cc50e91c916f98d5e4aa	515950656
src/arXiv_src_2511_070.tar	3ad42d96112e7584fe9660b23e402496	526043821
src/arXiv_src_2511_071.tar	e4dc54328578499778dd9052ed233951	524585246
src/arXiv_src_2511_072.tar	1586bd2875fe2c4895f9aee9310d76ab	534816557
src/arXiv_src_2511_073.tar	702e6db51e89335012f792ed702cf1d2	530677002
src/arXiv_src_2511_074.tar	9d85f7f4c7648e827ee888b2e8e605d0	533291001
src/arXiv_src_2511_075.tar	1220fbc93f63213def5a87f44c79a268	526717576
src/arXiv_src_2511_076.tar	20e9fe22614ffebf90280201784e4db5	534982870
src/arXiv_src_2511_077.tar	1f39aa3edcaa103c0f24fca8dde0873e	532546765
src/arXiv_src_2511_078.tar	b33125a9df836a303dd78767f7947e26	524417703
src/arXiv_src_2511_079.tar	4f19779938cb8890c415e0c8204a0f50	542532385
src/arXiv_src_2511_080.tar	2d9e83474518d5af97e554a663707a1b	547395393
src/arXiv_src_2511_081.tar	ae12d5eeef00af5df9da77629dcbdf6d	559388950
src/arXiv_src_2511_082.tar	ab70385a9d138b68b89c9eb4918ef1e6	535002585
src/arXiv_src_2511_083.tar	980c27876f1913a9bd0ad0963da0d0d7	525488978
src/arXiv_src_2511_084.tar	78703bdb441e9d736a8f71a3b8cfa053	545928066
src/arXiv_src_2511_085.tar	ef1aa48b59b88415cf00ed8d70133007	517484000
src/arXiv_src_2511_086.tar	734f4b22d399e30243e5dfffdcbba919	535371524
src/arXiv_src_2511_087.tar	26c29ffbe35fb5c4fc440cd4163058d0	524198806
src/arXiv_src_2511_088.tar	5da23fadc2a7746d168b35ca86250f95	522688795
src/arXiv_src_2511_089.tar	93b18c9be64fea445a3af63c7636eeaa	526586336
src/arXiv_src_2511_090.tar	977a7db2c8682be1594af925dddbd734	530241312
src/arXiv_src_2511_091.tar	07f0106a5357eb886aaaa68e3c8a686d	533168041
src/arXiv_src_2511_092.tar	d22e7d367549cd1bb5ffed289aa3af20	523048636
src/arXiv_src_2511_093.tar	0069aee979a15af8a0edddd7396f3190	528650405
src/arXiv_src_2511_094.tar	2f71c93704acfc3a8246787108efb4ee	525283544
src/arXiv_src_2511_095.tar	f081170af4f3452b7cafea61cfd21039	523186226
src/arXiv_src_2511_096.tar	59b98c33c082ddedd09645d774909d94	527978868
src/arXiv_src_2511_097.tar	8d550be18852ed388c0e12b62e913351	524467553
src/arXiv_src_2511_098.tar	8f8d1ea6b090b2206d06513cab61cff5	562842675
src/arXiv_src_2511_099.tar	20bbcd90880651ab595f9b7d341b37f9	554215525
src/arXiv_src_2511_100.tar	a0752a50fc1eb17ad9d70f178da524b0	548745676
src/arXiv_src_2511_101.tar	4f13010c42e26b76e1f3883ba8674953	496044856
src/arXiv_src_2511_102.tar	e169e729f958c1e24d0107f68079e162	538896364
src/arXiv_src_2511_103.tar	a4dddbcd589cd021ce24fdb324c94c90	532798290
src/arXiv_src_2511_104.tar	7f464ee0b1cc0e6cabfe5fd261d69f22	546831812
src/arXiv_src_2511_105.tar	1251c9d7f17a625f7a6c14bea2f7e3ec	525266589
src/arXiv_src_2511_106.tar	26089a0fdc8d1f913e4b203170f90756	529128271
src/arXiv_src_2511_107.tar	ec4750ceb0c4249966f1c901cc5597c9	518648648
src/arXiv_src_2511_108.tar	d78c13758d825280082978f9648aa491	527022662
src/arXiv_src_2511_109.tar	b38e31490b75e8db7abd2088e0bf20f6	538916881
src/arXiv_src_2511_110.tar	1a51ee8399917617e4da5522a7d9c6cd	567427243
src/arXiv_src_2511_111.tar	e53548cdb4f0571fe2d4cb52fc018d56	533577982
src/arXiv_src_2511_112.tar	a132128a2f2bda6119e9449ffcb5a594	538395926
src/arXiv_src_2511_113.tar	e0a9c19654ae13151f7720c97d0fe6c5	527449155
src/arXiv_src_2511_114.tar	f9e75a6163241895ccc0714470f0e9d0	528806662
src/arXiv_src_2511_115.tar	33d74116f73c27512c9dec32759ecece	524404771
src/arXiv_src_2511_116.tar	deddb5692514a465cdb61df17cae6ffe	525243935
src/arXiv_src_2511_117.tar	6b6c11e2e12e5c80ad89d74dae9f69c2	530035231
src/arXiv_src_2511_118.tar	7e9344c5927a7b6e18aa79899979b8b6	534846968
src/arXiv_src_2511_119.tar	54eb79991d18298f07ce4b4965a8b02c	532216359
src/arXiv_src_2511_120.tar	1d97acb7e3c4ddebbbe4e8e0054dd1a4	526064350
src/arXiv_src_2511_121.tar	40c99da92a08acafbcd176db221f1184	531522111
src/arXiv_src_2511_122.tar	3587aae06ac70f12276c4bfd32b6be63	527120551
src/arXiv_src_2511_123.tar	2130c7ea80e81b1ba9c308ea22ddb0ab	527525087
src/arXiv_src_2511_124.tar	df70c2995547669a32fd52ac2a89c463	549538387
src/arXiv_src_2511_125.tar	05852145efc86f3a9dc1b203c7cc730e	534893051
src/arXiv_src_2511_126.tar	7f93c25fccd1644c7704a13755dcc4d7	525132590
src/arXiv_src_2511_127.tar	26c001d2ee5e06487aad99f86f33615f	524845905
src/arXiv_src_2511_128.tar	6d6b59cfaea29fe542815f61aa6ec88a	526685247
src/arXiv_src_2511_129.tar	5f71a8edc3998f7e7470fd11fb299a19	528341101
src/arXiv_src_2511_130.tar	ba89d3af942df739fa9ef0e38b795a1e	528927039
src/arXiv_src_2511_131.tar	9f777f212314415a2cf5a10c976c37d3	543407504
src/arXiv_src_2511_132.tar	b4fba0abb8a0c5f85517b96b69195449	569043826
src/arXiv_src_2511_133.tar	0a158c4da0d03e1c07b5ca1a7d75ab88	531813648
src/arXiv_src_2511_134.tar	c3069f7f2fe62799273d53a17a8a5864	515770389
src/arXiv_src_2511_135.tar	da8caed223da5796cb14c68acd7b99eb	524797868
src/arXiv_src_2511_136.tar	b265ddc4b9794b54d121c293da314a16	558511434
src/arXiv_src_2511_137.tar	8cf4d99a8f40c32fe745b788e951669d	524927384
src/arXiv_src_2511_138.tar	65e2ef1ead364d0ea5a74e1825a404df	524425362
src/arXiv_src_2511_139.tar	ab126df9b66fb14335648189403c648e	525770479
src/arXiv_src_2511_140.tar	5ad4cb51603e46ee112e21c13185ad66	549890721
src/arXiv_src_2511_141.tar	33c62ed85cad1f31b2f6179b1ab8a929	524447185
src/arXiv_src_2511_142.tar	f72ef47e410fda7177ebfcfaab1b54a2	531887951
src/arXiv_src_2511_143.tar	0ec13a22bd1e7daebbc5a7dbf657ec94	533772953
src/arXiv_src_2511_144.tar	0337d58ed78c52f3541dce7fd6e4fb7c	532417990
src/arXiv_src_2511_145.tar	6d76a64e76d08862180786271a55f2f0	537424507
src/arXiv_src_2511_146.tar	5434e5816416caa495347effde2049b0	537352250
src/arXiv_src_2511_147.tar	0dc71436ed285a36515e49df5ad8c754	567786991
src/arXiv_src_2511_148.tar	3545783b3daa3f2f1c88484d051f0be4	544389290
src/arXiv_src_2511_149.tar	da079e15c85ba417726b6e3ced2d539d	526699232
src/arXiv_src_2511_150.tar	20b0d77d0841fbc17b7880d0f44977ff	525842710
src/arXiv_src_2511_151.tar	c3dacab0279a8f308ad2b87f887d5505	531016392
src/arXiv_src_2511_152.tar	91644eabb5016a2f647c8ab1bf4d3161	539299030
src/arXiv_src_2511_153.tar	7f5bb276aaf7622993ccf8131cf70a51	535782014
src/arXiv_src_2511_154.tar	48741802b3c9a5d7d6ef12054b906661	539586409
src/arXiv_src_2511_155.tar	fb2cba598f44d78a71094cbdf0a39bc4	534191638
src/arXiv_src_2511_156.tar	97bcc0dd9a892007377e50bf54b1b070	528044746
src/arXiv_src_2511_157.tar	f0f6a4fa171735c3fb464268ddc25e22	525977532
src/arXiv_src_2511_158.tar	82e1ee3950419f92e93511172d64b827	562819121
src/arXiv_src_2511_159.tar	496ad56e1e884f3c209401e4b48fe925	524433636
src/arXiv_src_2511_160.tar	eb7284dbac7dd8e614cb866955c6f079	525021027
src/arXiv_src_2511_161.tar	4418f3bf33f5e29c36ad031eec4914fb	531555014
src/arXiv_src_2511_162.tar	dc18b7f0a8820834e029594c80052f7c	525092244
src/arXiv_src_2511_163.tar	c617745d46f066ed279a5de0efb6eaa6	557301725
src/arXiv_src_2511_164.tar	85b81e155052db492a4d740a48b7df8b	540054231
src/arXiv_src_2511_165.tar	92ef1cbff0a9338c0390865c0c559688	509698543
src/arXiv_src_2511_166.tar	aa73c2dedc8c62ce0e09bb3b466cd0eb	524783561
src/arXiv_src_2511_167.tar	24650a7446c66f3c071e0377366c8108	538048909
src/arXiv_src_2511_168.tar	b5439f4da8f4955f549dba365f648edd	533638965
src/arXiv_src_2511_169.tar	3341828f0010850b3d1f5f377a049c7a	531991693
src/arXiv_src_2511_170.tar	19e94e96f505f4c8d6367e5342163381	525251176
src/arXiv_src_2511_171.tar	d9e22e5bdd50e3431b83472024468840	524934119
src/arXiv_src_2511_172.tar	9139c151d7219aefd202b5a75538de23	541768635
src/arXiv_src_2511_173.tar	c321ebe02edad695c187dbfdb834cbe3	223960697
src/arXiv_src_2512_001.tar	000e8c4750d8eb28adb1562eeae76525	530066083
src/arXiv_src_2512_002.tar	93250b8c07c66cd51b57b29c71771dfd	528971706
src/arXiv_src_2512_003.tar	1f23c2efa19083be6b82107108907af8	532525141
src/arXiv_src_2512_004.tar	50f653da87891feaec47612e93f9133b	536250763
src/arXiv_src_2512_005.tar	fcbe3568eaccdd2a9db36dbc27d5e2f5	530944370
src/arXiv_src_2512_006.tar	1e32b01106bf677101a1e350605773f8	560926692
src/arXiv_src_2512_007.tar	849a2eee60c0adf87500580342a47f19	527979172
src/arXiv_src_2512_008.tar	11bacddd114431d03cdfc36ee894ee88	536071842
src/arXiv_src_2512_009.tar	23bf27045c091ad6f2bb1afcb2c383a5	535544324
src/arXiv_src_2512_010.tar	0c37143da3b01c74ecfea7082dac125c	525354103
src/arXiv_src_2512_011.tar	7e5e578590da7de1676884b65957ef22	531090668
src/arXiv_src_2512_012.tar	7c9e77f84fd7c8bdec13905d9442be92	535784591
src/arXiv_src_2512_013.tar	b89ac9c1c71b1b23ef252c9162777da6	528937880
src/arXiv_src_2512_014.tar	23ae1c566f8d6df87295509e0a34dd3c	528771036
src/arXiv_src_2512_015.tar	adbd5900a1c263933cacbbae0f411dc8	533484999
src/arXiv_src_2512_016.tar	7f848b4a2fc866936c7f1463f49e2d3e	527049489
src/arXiv_src_2512_017.tar	515cf8820235ca585025aed5c0d3dec7	527723419
src/arXiv_src_2512_018.tar	bfe44c93f9bdd0a2a90020e22a81a876	524477538
src/arXiv_src_2512_019.tar	393e64740c69e49516bd571c9bb9c2dc	546275307
src/arXiv_src_2512_020.tar	3d01cfa3290917346475953c3dcf1dda	530456217
src/arXiv_src_2512_021.tar	3c306931a6c25aaadfbb0b66ce4a9e12	624140617
src/arXiv_src_2512_022.tar	9df8a0a01b5be2d8b6a9849fd521edb2	538825005
src/arXiv_src_2512_023.tar	fe5f686e05ae019bd9d0b1467c561ce3	550396645
src/arXiv_src_2512_024.tar	518040c8102f4c10633aa318f6cf6686	498556307
src/arXiv_src_2512_025.tar	3499a2e6a4f802752433f7218bc6a2bd	526564444
src/arXiv_src_2512_026.tar	fb4e30178b2a091bc23c357ef2fdf966	524440050
src/arXiv_src_2512_027.tar	bdc01379257656a525eb2f9f1e12a262	526777271
src/arXiv_src_2512_028.tar	52473eb190de45dacfdce482758fa142	526848452
src/arXiv_src_2512_029.tar	a81e2f15273faa17bfc3f5f8236affce	557977769
src/arXiv_src_2512_030.tar	55a9f287a7376ec420ed2435cbc9cb30	521828299
src/arXiv_src_2512_031.tar	32b63193835f9d716e5fb720df15d231	549581345
src/arXiv_src_2512_032.tar	ab1c837cb307807f5399158578be4ff0	533592739
src/arXiv_src_2512_033.tar	6b1a387ce927843ae47537b8883a979b	545510760
src/arXiv_src_2512_034.tar	4139c0fdab47c65f272694ff8037fa7d	527495684
src/arXiv_src_2512_035.tar	4d3ad6caa4127d9745b6ee85fe7132e0	525323515
src/arXiv_src_2512_036.tar	584e97621c3d32487417d8609508b89f	528952878
src/arXiv_src_2512_037.tar	fedbf7cd8feaff40cb499cb09cd183c0	526950727
src/arXiv_src_2512_038.tar	8051a88c68f8b7a3f9225515a07bca72	526216262
src/arXiv_src_2512_039.tar	b15774e181455e336bec16542e2d8781	497869865
src/arXiv_src_2512_040.tar	73aba97d5401385a01396695af95bea2	525502554
src/arXiv_src_2512_041.tar	302e8dfae5964989fb72eb70a47570f6	547250124
src/arXiv_src_2512_042.tar	036441a87dc3cb560cf409e54e095cd5	536469594
src/arXiv_src_2512_043.tar	a76cb3cc55e1aff0b72c3da6daec7d3a	525382512
src/arXiv_src_2512_044.tar	76a8543bfc485e5b0d494ec2df1695f6	527699233
src/arXiv_src_2512_045.tar	b6daf4af1e7bba8ab47b99c9e8342d42	526584933
src/arXiv_src_2512_046.tar	75bd150193ad0358b67467ff985116be	555690236
src/arXiv_src_2512_047.tar	a183a508d146b636e7a6f642fcbd9a93	530818077
src/arXiv_src_2512_048.tar	2587981ec010caf9d0a4d955aadbb1d8	525745827
src/arXiv_src_2512_049.tar	0b78d332bb7e411f41cafe00b777caa9	511023186
src/arXiv_src_2512_050.tar	e0411c03a6f71a4f7aa7f3030871a420	532752846
src/arXiv_src_2512_051.tar	dfce0614bf9da3b010321af9b547e172	535683402
src/arXiv_src_2512_052.tar	399227ad14a33c80c18a478fe52c9d61	534332248
src/arXiv_src_2512_053.tar	99e5fed490bdfb880f7761a20a580560	526048413
src/arXiv_src_2512_054.tar	843962b43560f85e266f0690880ca197	525453109
src/arXiv_src_2512_055.tar	2383b770fe4f90327571969cc7eb1c21	525206508
src/arXiv_src_2512_056.tar	9b6cc4afde89c59032b54088e00f326b	528097956
src/arXiv_src_2512_057.tar	4f2133f8383b15223b7f54f3e7a0d723	527788249
src/arXiv_src_2512_058.tar	28904201915902fdfe293518659e6a54	534832501
src/arXiv_src_2512_059.tar	f08d56879ef692d7fa0c33b1ec10c115	529031957
src/arXiv_src_2512_060.tar	af8b066a529d1be20b4f686fdd5d8833	524987132
src/arXiv_src_2512_061.tar	37b14dd90e569d6481876a6ae29c5a18	527181010
src/arXiv_src_2512_062.tar	dd52c0b5d596657b6227264ea6f8da54	531715265
src/arXiv_src_2512_063.tar	179380806fcde78d316d6245419efcc4	525140935
src/arXiv_src_2512_064.tar	4f93cbf15ef440d5698143cf883f5fa8	561237868
src/arXiv_src_2512_065.tar	da5714ff97e7dfe2005998632f1d34d6	526354073
src/arXiv_src_2512_066.tar	f21bc222ef6739d7c0bbaec3c22188e9	529269979
src/arXiv_src_2512_067.tar	4a65a7c2c9b63bf387f42aa3c2c6874b	527215782
src/arXiv_src_2512_068.tar	1cace3ea457a85aacd356ae752502184	529698095
src/arXiv_src_2512_069.tar	9269961c699546fa874d65e78def8848	531034992
src/arXiv_src_2512_070.tar	c37e79850c3a90d7fd189f5eef132b0d	525684552
src/arXiv_src_2512_071.tar	98aff0042cd60491b3c4e0192aa25b1b	534551187
src/arXiv_src_2512_072.tar	d7d0287a574a182416246d0f5a3c844e	529579000
src/arXiv_src_2512_073.tar	05f945d1de172eb3e2c9e37f2d2ac93b	541327644
src/arXiv_src_2512_074.tar	21f57aa4ee35d0cea6085208a9fd12bd	524537498
src/arXiv_src_2512_075.tar	39236bc970c269ae9b6d2d7dec87543a	535626514
src/arXiv_src_2512_076.tar	613717aabae705965bf8b2c8dd06f809	529093056
src/arXiv_src_2512_077.tar	70ab2a1a022ad525ebfb4e67c2d06997	524808259
src/arXiv_src_2512_078.tar	bc6a3c27ef3fd58d6f5f43baff10a063	525513939
src/arXiv_src_2512_079.tar	140d4ebbd2de36e089dee976ffc0792d	531790853
src/arXiv_src_2512_080.tar	cfe56eed35ae5d672cc49d623827b3b0	522013308
src/arXiv_src_2512_081.tar	bef98dd2824ab6b808e40a7d774f6396	541924202
src/arXiv_src_2512_082.tar	8b397d9828c60a56bf095f6a93d66513	541492624
src/arXiv_src_2512_083.tar	904c66007922ecc0122136677b10dfb7	527511910
src/arXiv_src_2512_084.tar	08f38fd490c3cc182acbcd05d59bc521	526474525
src/arXiv_src_2512_085.tar	dc4b2a927b3d346162a1e8c5b1af6aff	525534480
src/arXiv_src_2512_086.tar	9e040fccb47f6b50a046c6c9e328b1ec	530014417
src/arXiv_src_2512_087.tar	9b28fe635c0ff5094b434700f3f1ad67	527287543
src/arXiv_src_2512_088.tar	39ded4349c39701edd3704d13b70ee97	545111017
src/arXiv_src_2512_089.tar	244c25f28bb979896f712aa2837ccd8b	525616555
src/arXiv_src_2512_090.tar	fab90e7ad0616c8854963f235e076dd9	538855434
src/arXiv_src_2512_091.tar	96afdfee512451a0d3cf666f3ad3ce19	524401310
src/arXiv_src_2512_092.tar	3ff83e00d696658a57705bc72f6fed20	568162740
src/arXiv_src_2512_093.tar	1986218e7e0241838ca255afb0a0c363	539204981
src/arXiv_src_2512_094.tar	88ad038b0344c24d5ca1493ab6fb84dc	524844149
src/arXiv_src_2512_095.tar	d0e220db49f78fffbba6aa362661e421	563404491
src/arXiv_src_2512_096.tar	3b8766b5d4c1be346256d0b443cb0378	524701124
src/arXiv_src_2512_097.tar	7466577b6ab2a990010668f71827a582	539368215
src/arXiv_src_2512_098.tar	0ec6d042e7c31fe693aa14bbd16c0664	532059679
src/arXiv_src_2512_099.tar	7ec4baecbeb8654749aab1e62404a66b	535786030
src/arXiv_src_2512_100.tar	1e963efaaf61bf2b5a104ade50186f54	525921323
src/arXiv_src_2512_101.tar	885c39709094966f2982aa0cbe55f568	530951968
src/arXiv_src_2512_102.tar	b87904dfd2d72e76bec96f71e47caaba	555317035
src/arXiv_src_2512_103.tar	760e2186b8f7c41ded4a78c0a42e0dfb	524371963
src/arXiv_src_2512_104.tar	c6ef1fe3bb4f33a7ac041cfaafd66a84	533439411
src/arXiv_src_2512_105.tar	d55899e69095d5149815b21aecef1f6d	532101728
src/arXiv_src_2512_106.tar	f0b8f3f1ae2fa9ca8ec1f2a1000adc7f	528998696
src/arXiv_src_2512_107.tar	dc37209ddb2ba519714d7e956c7e2060	524312771
src/arXiv_src_2512_108.tar	c61de5fbc3bd09b3dcc7f20559ad577c	537162641
src/arXiv_src_2512_109.tar	1896d2a95291f9e365a8f47872028a50	537367237
src/arXiv_src_2512_110.tar	796a23a7a125c9d95ef247de1e928043	524781255
src/arXiv_src_2512_111.tar	ba83cd8beafe63b3af352197017a3827	518817087
src/arXiv_src_2512_112.tar	dc7dba5964313dbb7381317d94ba96ef	562304442
src/arXiv_src_2512_113.tar	9ce9ae65f7118c8372344aaea3e421c9	525520427
src/arXiv_src_2512_114.tar	b3ce4222d3f0486cca4b511543ce64f5	528619669
src/arXiv_src_2512_115.tar	a49885f0497e07e1522f93cf6a063379	533544598
src/arXiv_src_2512_116.tar	7e2276f5c3715bfd43a56741c392ce8c	525225698
src/arXiv_src_2512_117.tar	8f19ddf6f012312dc38893d0be8a2833	565782920
src/arXiv_src_2512_118.tar	fd126e5c497e3a9a7cb4c2635a0457fe	558398393
src/arXiv_src_2512_119.tar	602b9f39b81f2a661c33748ccc2c5add	525632729
src/arXiv_src_2512_120.tar	31cd6d30dacd07f601b9a072d79b1229	580721999
src/arXiv_src_2512_121.tar	a039c88de7c0f7c902eeb6bf3007611a	528968076
src/arXiv_src_2512_122.tar	af6c8b6cfff3e7601c11f3fbc1b13a8f	524967083
src/arXiv_src_2512_123.tar	f9ab8a40884aca79fcfb400a376bcba4	532696985
src/arXiv_src_2512_124.tar	bca000348953ed4bd07f22b9cf3065d8	529004389
src/arXiv_src_2512_125.tar	243efd18b4174f55f31ee37283233136	540329314
src/arXiv_src_2512_126.tar	7adec639da2a8457e0a1935336ec409b	525543957
src/arXiv_src_2512_127.tar	4ea5622b6d76c25a81b2d880c6ce96eb	527460686
src/arXiv_src_2512_128.tar	50aa4bb4baa4bab6b0e50f7b58338818	532430064
src/arXiv_src_2512_129.tar	addbf116597109aa9c365d5a80e7ff47	526563163
src/arXiv_src_2512_130.tar	66bcf725c081eb4c7d50544f2709d23e	526670800
src/arXiv_src_2512_131.tar	d7354836a0d88e1265b400da9eac087e	532394967
src/arXiv_src_2512_132.tar	9612c6ce6bfa26d34b5c14bece8e82c3	525767305
src/arXiv_src_2512_133.tar	d342fc8e2d36b14f9e95bc2494e977e6	557044076
src/arXiv_src_2512_134.tar	61af8a848f576f01c0f7bcb83bcdef0b	527450678
src/arXiv_src_2512_135.tar	43b4c76eba745e2d6da038a00aac0b4e	524777750
src/arXiv_src_2512_136.tar	8e79c302c9b2131e6bcbf1ee2130e22f	525350922
src/arXiv_src_2512_137.tar	70bdaae872d37d152fa4281a54d36944	526244412
src/arXiv_src_2512_138.tar	ca45b2e2400391760b73b037eeb6664a	528190050
src/arXiv_src_2512_139.tar	a146ea9ab8089718aa01fa2be74da3ff	533305260
src/arXiv_src_2512_140.tar	dba9f79adc86c55d84abe4e3cd07c104	527805422
src/arXiv_src_2512_141.tar	e7e2e5ebdfa2acf1974da7802d454733	531649273
src/arXiv_src_2512_142.tar	1c9c99956b4c88ff7ff81066fd60da97	536530977
src/arXiv_src_2512_143.tar	514d2636f3d3a8b9fc602e84fb7d3ee1	550620263
src/arXiv_src_2512_144.tar	c33dd87ab8f70521e76d4e7e72aea516	532571095
src/arXiv_src_2512_145.tar	828a3351d2bb562bb74aac6dcbf9abea	525207807
src/arXiv_src_2512_146.tar	eb498aacc598f5c1258d1bd9aa9d4225	554018208
src/arXiv_src_2512_147.tar	9399b709019f8c8a03f6bb23654bf1fd	531665447
src/arXiv_src_2512_148.tar	c7d8435d4a008a292e2e4e04b48be10a	525822263
src/arXiv_src_2512_149.tar	eb7ebb5b59a1def14f064093a644e6ad	526076931
src/arXiv_src_2512_150.tar	1904b0904f45f5078e733ea41992c658	525892167
src/arXiv_src_2512_151.tar	df399e70550a18918bc556ebc68649d7	525878105
src/arXiv_src_2512_152.tar	ee327335afe99c75cfc540f85faf4d74	526093405
src/arXiv_src_2512_153.tar	9d3a12d4a78e5d1585bce6dd54ee43fa	544828137
src/arXiv_src_2512_154.tar	900db8759bb045940ed14dfe12a27ab7	537141635
src/arXiv_src_2512_155.tar	d99daf295011d81034918da34b1ecb91	536081018
src/arXiv_src_2512_156.tar	3d43be9e94244c36e42c48c9e60479c8	560616538
src/arXiv_src_2512_157.tar	f7e4e18172fbbab332f657462440ccb8	527404630
src/arXiv_src_2512_158.tar	e2b95ac034c01db960a8bba561d81a27	516894991
src/arXiv_src_2512_159.tar	af7c15ec18571f84d1cb60daa562e753	524493872
src/arXiv_src_2512_160.tar	e642b69bae952f296806c265a9272e44	534328700
src/arXiv_src_2512_161.tar	7f0d79a8a3e44f8d38715b9784d8899a	524747501
src/arXiv_src_2512_162.tar	2f816f2698ea9f7736ac1f36b46eeee7	525301875
src/arXiv_src_2512_163.tar	c0ed1a067e7a9770c4cead9da98ef815	530721849
src/arXiv_src_2512_164.tar	f528b6e676be8454070313a050fe07f5	535378283
src/arXiv_src_2512_165.tar	890ffd503538ec4f3ac0ebe068857b5e	523647573
src/arXiv_src_2512_166.tar	4cf198f10087d235485d827d1131cf2c	539678569
src/arXiv_src_2512_167.tar	1b7ba2058b092f48bcb3410e65beed97	540185548
src/arXiv_src_2512_168.tar	7fda7e0a0c79060eece65c28448be78a	525270028
src/arXiv_src_2512_169.tar	fc8af18f5594d739014d8fee4a92c8f1	529615257
src/arXiv_src_2512_170.tar	e9de5e283b2a1813551aeb5b49041d9a	535840517
src/arXiv_src_2512_171.tar	d0d4fae5baebb2694574852054210a2c	530422905
src/arXiv_src_2512_172.tar	d716eda8c87f58542a46e37dc902724a	531678367
src/arXiv_src_2512_173.tar	ef605069f34dd3e912304ca57826922f	524509382
src/arXiv_src_2512_174.tar	43648613abc3ac45fbce1b6a7cd5ceae	526510631
src/arXiv_src_2512_175.tar	9a092459a351ecb4b5a6c7ca4cf07338	527444370
src/arXiv_src_2512_176.tar	eb85c1630a6a778e039f010f08b43fb0	531130153
src/arXiv_src_2512_177.tar	9b19c48142dd1df67baf739137b0fbf0	548935200
src/arXiv_src_2512_178.tar	baf32cd240e5832b68de87ab0f1554ed	533086584
src/arXiv_src_2512_179.tar	a3a3427c4dd1323dfd83af5009246a84	537846021
src/arXiv_src_2512_180.tar	76f15c81c3801b66a64bac1e72647b85	551210587
src/arXiv_src_2512_181.tar	922c9f8644181fe2fec74f97d505627b	527244246
src/arXiv_src_2512_182.tar	988d0cf54557ab7ca8da487098c8ecdb	525175759
src/arXiv_src_2512_183.tar	4beae7f1e56cff7785469a51bacc72d4	524495242
src/arXiv_src_2512_184.tar	f109b85dfd36e7558b6f0d16f51c0e40	525039534
src/arXiv_src_2512_185.tar	73dae6478ffc66b2dbef913c3986befd	530808476
src/arXiv_src_2512_186.tar	e573b53144b63d9f6c5d9688aa094189	525236410
src/arXiv_src_2512_187.tar	0c71a2a8c19b8ce673e6005a6bebe6b7	517603302
src/arXiv_src_2601_001.tar	ba698d1358a64997e843b9f28ad56d91	526227909
src/arXiv_src_2601_002.tar	8cb8fce9f05167bfe13965459b2d8c76	527351459
src/arXiv_src_2601_003.tar	c2474fbaad5b86dc80d66908b215c0b4	539270595
src/arXiv_src_2601_004.tar	756f2dd9dcca7defd4a825e90f845bf8	527935615
src/arXiv_src_2601_005.tar	e2634ab9349819b1d6f6f9d71f8a1a8a	533106938
src/arXiv_src_2601_006.tar	dbd0fdb9db29ed7a3309f2002ab1409a	525780996
src/arXiv_src_2601_007.tar	f831349bc3961a2cef5f5a732be43af5	533406441
src/arXiv_src_2601_008.tar	0ec37204432eee66b9e55466ce97ff16	534525591
src/arXiv_src_2601_009.tar	8b54602282988cd33834587dd637a371	527895792
src/arXiv_src_2601_010.tar	3bfe1eb5def5cffc4ce043c11f436174	523248494
src/arXiv_src_2601_011.tar	b31e25fdcfdbd93b3f6aafbdf824750a	526727458
src/arXiv_src_2601_012.tar	0d636eab3ad987049249ac1d16076240	528613649
src/arXiv_src_2601_013.tar	38bbe80ff474fdecb9464ce08d5bb921	538574591
src/arXiv_src_2601_014.tar	27a2387b338fc566de6e9154736cf53e	551974446
src/arXiv_src_2601_015.tar	7ffd4e4a29e0618a5f552199f7ad2256	537775106
src/arXiv_src_2601_016.tar	9f5cf7548bc4c39f96ccc68eae818737	551282786
src/arXiv_src_2601_017.tar	5d963816fe0a3a097e653ac57ff4ba16	542755507
src/arXiv_src_2601_018.tar	32b7989429c80a5e00f2f018bc4c69b7	524637684
src/arXiv_src_2601_019.tar	00f6e669d875f2dbc2d0bdcb48ae1557	546968717
src/arXiv_src_2601_020.tar	15e46c8938ad248d0bf9491a5bb64418	526441122
src/arXiv_src_2601_021.tar	b69d2cc52caa9d0cbcd4777f47ccade1	524502418
src/arXiv_src_2601_022.tar	35ac985427c63f5d001655cf0034957a	533832463
src/arXiv_src_2601_023.tar	1f9252c569766ebb2599b3056fbd1a0d	525113230
src/arXiv_src_2601_024.tar	009c809297639dd366b24cfac20af883	543349222
src/arXiv_src_2601_025.tar	ea10a80356c5523071a5b1c8c4157285	533873120
src/arXiv_src_2601_026.tar	509bb0f71186507b8712e7c539a1537c	524672403
src/arXiv_src_2601_027.tar	1705544da7080d78acfeead4bb1af8fa	534937929
src/arXiv_src_2601_028.tar	2d73a8d417f738980494ebd7ce6bc501	525856260
src/arXiv_src_2601_029.tar	fe76868fb9cb577fded13802ff2c9885	524795611
src/arXiv_src_2601_030.tar	192ca6e42eea49379664cc5ceee53107	552989016
src/arXiv_src_2601_031.tar	12a10f81caeeb03eb646163200db00ea	524586369
src/arXiv_src_2601_032.tar	00a7792e0035d72ae0e90a06c0b9c6c0	548987451
src/arXiv_src_2601_033.tar	375ae94d8bf3ca9d471399b2a61300c0	525318763
src/arXiv_src_2601_034.tar	1c66348a9b392419731527fcc6fb29b0	518960272
src/arXiv_src_2601_035.tar	243d1cef53133535861ad97474c0981c	538873722
src/arXiv_src_2601_036.tar	c1c598f13c87a13e058f6c36c766c0bb	527861187
src/arXiv_src_2601_037.tar	639f7e9ec4d169e8bb5c65680754c0c2	527022771
src/arXiv_src_2601_038.tar	c36277416fa02889f90585b7694f0502	534527535
src/arXiv_src_2601_039.tar	cd729164d446b6d21f6d6b7978ca7440	533256465
src/arXiv_src_2601_040.tar	cd62a28867e962ec3271020bacef134f	525991067
src/arXiv_src_2601_041.tar	65b64a0817fe29e4b66c530b6d950cf1	528372996
src/arXiv_src_2601_042.tar	ba02e5de69112cb2ec42cbeec947275c	594068593
src/arXiv_src_2601_043.tar	45b40db2f90b60ad4bc34a4140d31839	526229704
src/arXiv_src_2601_044.tar	dff6276b7d9a3172e61ba4c2a79a0ce7	547182204
src/arXiv_src_2601_045.tar	8d74069ed059302bb94ed0e326689e88	558977260
src/arXiv_src_2601_046.tar	bfabc55ff9a0c2ad7d36c15427bbd943	524621316
src/arXiv_src_2601_047.tar	64faed548f2aee9ab63155a3ef937016	525258060
src/arXiv_src_2601_048.tar	78f3b02858bded93dbbe58eb790942cc	527402119
src/arXiv_src_2601_049.tar	8a16f6a8e75b111e5e78c009ac131ca8	526818998
src/arXiv_src_2601_050.tar	c470697d87207f4b9a720a471d8504b5	544817380
src/arXiv_src_2601_051.tar	4c65ac47e3fc7af0d1f6ae73ac8e35d3	539928602
src/arXiv_src_2601_052.tar	988cc6457a2cfd94a87ed0ffedc8a658	522239100
src/arXiv_src_2601_053.tar	8060b1e2f7c43ba241e1be1849c6b6ca	571774153
src/arXiv_src_2601_054.tar	c9827d9fab6b04886b1782e285918762	556531941
src/arXiv_src_2601_055.tar	619b8ec9d855aabedb63a232990568fd	529632645
src/arXiv_src_2601_056.tar	bc62ecda2b7f6932989540bec4406df5	525953224
src/arXiv_src_2601_057.tar	754c29885dd397bfd4e2007b92580c98	536453480
src/arXiv_src_2601_058.tar	4e71a0ffe3d43ee95317a0d10f47c9be	535336881
src/arXiv_src_2601_059.tar	dd61e2fadc09017a991aaa0d8229793e	532771550
src/arXiv_src_2601_060.tar	b321c57c06023ba2aec225823578f075	532355533
src/arXiv_src_2601_061.tar	a5688e5e550991cd0eb459e20ea182a3	526711478
src/arXiv_src_2601_062.tar	8bda7bcce29dee568ca04ebfb66de7b8	527929323
src/arXiv_src_2601_063.tar	0ac925b7fcadb04bd57617a86b641be8	525874299
src/arXiv_src_2601_064.tar	87621697f134b5a197091da328a29d3f	536321254
src/arXiv_src_2601_065.tar	9119796df5dc7be73aff7f5a4579c868	530063591
src/arXiv_src_2601_066.tar	f5cb4debe748fa69c81405630c8cd8e8	529438986
src/arXiv_src_2601_067.tar	a79791d6c157a46745f53a3df1ee91f5	533112858
src/arXiv_src_2601_068.tar	3a66c3081751a4e6ce7c003cc6fe176f	528784995
src/arXiv_src_2601_069.tar	3253c9eee11189613eb1a09333444cd8	527895446
src/arXiv_src_2601_070.tar	1839e94e775cafa6d23379b40c9c04ef	543232096
src/arXiv_src_2601_071.tar	aed005ec866d658b3e0e3947701cad94	534022841
src/arXiv_src_2601_072.tar	da0d1ec8a2b1c4abc0ec77b8fe2771bf	524310195
src/arXiv_src_2601_073.tar	897def9f9d55fb1d1e6a58ebcf6dfb25	530156231
src/arXiv_src_2601_074.tar	8e754d9727c10112d179584fc3b63224	525170989
src/arXiv_src_2601_075.tar	0fdff8a5e84851cb0c043facd7d5735f	540057937
src/arXiv_src_2601_076.tar	723bdbdf1833830083763f8cd545045c	525369401
src/arXiv_src_2601_077.tar	8025696a03e11688d49839c0c28ca7d6	528180998
src/arXiv_src_2601_078.tar	890d95e35e2f7bee6bed2543a9cc6200	526308418
src/arXiv_src_2601_079.tar	9110d9364de874dcab2a447fed957870	527381814
src/arXiv_src_2601_080.tar	7292114998c0278238ac74af7e72be56	526902798
src/arXiv_src_2601_081.tar	b3e0ece585068c53862d727745b0dd63	531960040
src/arXiv_src_2601_082.tar	9eb139af050790d46070f780cfe7cf2a	524559226
src/arXiv_src_2601_083.tar	fdf27f33621e57f0a6e66afaa3e02d84	536918387
src/arXiv_src_2601_084.tar	bc0aea08c0f5db6c043cdbb8a3278719	541269562
src/arXiv_src_2601_085.tar	3b7453851e349dd8de25faa343ecdd2a	525669072
src/arXiv_src_2601_086.tar	4d0a84922305203d9ada3e043f87063f	530795595
src/arXiv_src_2601_087.tar	23288b089e99f9076a2e926fa064451e	529318887
src/arXiv_src_2601_088.tar	010380fee16a2c0c9895a8869e7a2b68	524683409
src/arXiv_src_2601_089.tar	df5f2f703020c0c16a078121e4e6f04f	524968026
src/arXiv_src_2601_090.tar	c8b6bbf9970dbe9e256419285db61fe3	527865245
src/arXiv_src_2601_091.tar	e426757429e1fecd84f9d16631502a7e	526845940
src/arXiv_src_2601_092.tar	ea46e8a026f6333ee50d1f4becf2506c	528078371
src/arXiv_src_2601_093.tar	66e4c8ddbb3ed07f0835de9c991f3650	524387159
src/arXiv_src_2601_094.tar	b5ec4af606d63e0181c82a820fd8c076	533166917
src/arXiv_src_2601_095.tar	88bd4451fc69a2876ebe141709f75327	524617045
src/arXiv_src_2601_096.tar	8febc60ac282979e1b2b4a8da40c06cb	526042957
src/arXiv_src_2601_097.tar	464096c5fd6e85abdb117d74e4ada8b9	526346947
src/arXiv_src_2601_098.tar	f794430dfbd8ffaf5ae001a81aeefabb	547664642
src/arXiv_src_2601_099.tar	8370268422ca2ecc6df3e56336b56af7	530085758
src/arXiv_src_2601_100.tar	5d30642e912355e8af2ec36e6683376d	533237370
src/arXiv_src_2601_101.tar	2f41fe8d6a3a7a7eff5a6c39324a19e2	530681522
src/arXiv_src_2601_102.tar	515b7e2a2925327faac61cb1b3b8ac5e	525667922
src/arXiv_src_2601_103.tar	5f0ff8ac70a580cc0fe099323a09a445	532496962
src/arXiv_src_2601_104.tar	9dcca4dc5e8713ce87c533ada07c0eb7	524413315
src/arXiv_src_2601_105.tar	a90d9ed9c178108b55d400702afe9df7	557172294
src/arXiv_src_2601_106.tar	410e7b6780702546467f6968e18892a0	527387817
src/arXiv_src_2601_107.tar	6cd1c4839a029f50aad10880ca2ba3d8	524488569
src/arXiv_src_2601_108.tar	1930cb4d80cf0c233da60ed3fbf1a99a	524987711
src/arXiv_src_2601_109.tar	46495a2835979b62f20ef80c621b6b77	524911980
src/arXiv_src_2601_110.tar	ecc4ac7a88532b76dcf101de7e4e648d	529046489
src/arXiv_src_2601_111.tar	ff9ad4ec696e6c2974dbaba1835fa4bf	596667965
src/arXiv_src_2601_112.tar	61a0d29db0b846653d85fdfe6d5b80d3	528971319
src/arXiv_src_2601_113.tar	b7ef1686a87b07bcaa8fa63b737665d8	544768871
src/arXiv_src_2601_114.tar	21152776b688202a47b62b413eca3a9f	533493918
src/arXiv_src_2601_115.tar	ed7d67ef8b549d31ac40cc32cb7e8505	528647735
src/arXiv_src_2601_116.tar	ff16ca5e74eab81a9940786d3319913e	527571007
src/arXiv_src_2601_117.tar	96ab28705dd046fd5671213f2924598e	534674362
src/arXiv_src_2601_118.tar	50a9e271273c4b99af50b9e1f752d175	529058145
src/arXiv_src_2601_119.tar	2c1b22f68a49c2aea8c08db80794cc89	529667375
src/arXiv_src_2601_120.tar	44c234b3cc0d20dcfae5b0ef7f571cfe	527748282
src/arXiv_src_2601_121.tar	f914de60a9d7a45a0a0e8f7d1b90483e	531441592
src/arXiv_src_2601_122.tar	7821128772f8c9b868883ca10844ab5e	527204445
src/arXiv_src_2601_123.tar	8d747c3c37ba640d3d744d99a6013562	533787930
src/arXiv_src_2601_124.tar	e7b5c503436764fe58a5a1677cb74b39	524300136
src/arXiv_src_2601_125.tar	1228df6d1b07599a8b9271b7dbb77e3c	529105502
src/arXiv_src_2601_126.tar	30a58786b4dca5482d4d0fcc44798063	541137123
src/arXiv_src_2601_127.tar	ccffe8de9ccbb514d9ffab26fc96843b	530005676
src/arXiv_src_2601_128.tar	7e8b69672d9cd33a94f7143c026c71f1	538012394
src/arXiv_src_2601_129.tar	c7a0cda31e4a38e6641e541b5383d794	529732431
src/arXiv_src_2601_130.tar	862b79d10c1967d44f24aa9547b6351e	525183270
src/arXiv_src_2601_131.tar	4bc3ddb1674d6efd0a8055e3aa4434b7	524510871
src/arXiv_src_2601_132.tar	65e0b675bee613d97f110a60a1cbc96f	535073521
src/arXiv_src_2601_133.tar	feecd18f8ae90d340651c049393faaee	526836623
src/arXiv_src_2601_134.tar	0262d71fe71c222fddb0dfd45d7ee3b3	525911832
src/arXiv_src_2601_135.tar	e35f08e7c1325d9ae0c0e20861bcead9	540774321
src/arXiv_src_2601_136.tar	a930ef0e8846d89f425a8ad605814c1d	526420602
src/arXiv_src_2601_137.tar	9dfb2ca37cc4ad14e93995e39b5d8c3f	536008239
src/arXiv_src_2601_138.tar	19c8756fd257a7779d3246bba146c37e	552621895
src/arXiv_src_2601_139.tar	d70192627e9d3495ac5cc46cf5992d9e	559150888
src/arXiv_src_2601_140.tar	f5a76ffdf93bc2ad1c8a99cfa7d9497d	529078137
src/arXiv_src_2601_141.tar	87a95e029940cfe0220b4a23bdc6aaae	543379532
src/arXiv_src_2601_142.tar	8e9369f5f3b471c8a3ddb1dfd503fb7b	562598720
src/arXiv_src_2601_143.tar	1dcec53fdcacfbfe21ed8b96cbf7a1a6	524292892
src/arXiv_src_2601_144.tar	0207cb45db2c4b64fc7ee7bacc3c2520	525639692
src/arXiv_src_2601_145.tar	3444c8e9aae75f4ea7848d55bfb40fb2	589276898
src/arXiv_src_2601_146.tar	0795d598c201e9fb787f023bf64881fa	561874359
src/arXiv_src_2601_147.tar	c760e7ce41bdad98740561fc4b531611	524389719
src/arXiv_src_2601_148.tar	b7b7f9f42f73a7a8d6207bfa3af10f0e	524374969
src/arXiv_src_2601_149.tar	3e38f76f55aceba2b95136b8dca87677	535596548
src/arXiv_src_2601_150.tar	40f248831735f8c8c648e449dfd63572	527186469
src/arXiv_src_2601_151.tar	2a5877acd67b42b2a6690e4af8a7d2f2	548105035
src/arXiv_src_2601_152.tar	0c7281a62fdd52ade3d71811640f366b	552209006
src/arXiv_src_2601_153.tar	f5467784313903524e365ed23cc60ba1	528565559
src/arXiv_src_2601_154.tar	47a414ef642aa19dea97ec4263a3ddab	533121304
src/arXiv_src_2601_155.tar	7632cca7b3d8cbed7067820f9d327df1	549976078
src/arXiv_src_2601_156.tar	caf8469251eab2730bea093a1c88628a	525881536
src/arXiv_src_2601_157.tar	bd04390956df7f7cf84b4faaaf0e3972	527730254
src/arXiv_src_2601_158.tar	370dede41720577906bbb308df7f9d91	524393161
src/arXiv_src_2601_159.tar	f4ee3f0dff9be33fcb0fc1d504c9e614	515829791
src/arXiv_src_2601_160.tar	8b252f1b3cb8ad8c55ac06d04377ce28	526491557
src/arXiv_src_2601_161.tar	40f9337eea3b6d202966e636941892ae	51937161
src/arXiv_src_2602_001.tar	c117c229df0c74b1b7144148736b0aa4	525446530
src/arXiv_src_2602_002.tar	bd0028f586fa27a5b11c9e8302589e88	527158457
src/arXiv_src_2602_003.tar	3b70fa565a13b04d117713c9e6bbad76	536837616
src/arXiv_src_2602_004.tar	e941ba96d528aff058f69602c82d028d	530954948
src/arXiv_src_2602_005.tar	1d9bc74b341531b26c8686e6db3aecdf	524862406
src/arXiv_src_2602_006.tar	ab76a92253e6d98a36af06930e6ff8c4	535421569
src/arXiv_src_2602_007.tar	3b386b3b8f53a888547fc68c8483b52d	562684358
src/arXiv_src_2602_008.tar	63113da61115ad870e627f8c4981e94e	531886777
src/arXiv_src_2602_009.tar	a3cad06420df74fe9539de193ff99259	530296738
src/arXiv_src_2602_010.tar	a3ba6e84c0c304fd4cf04712accbb242	528879801
src/arXiv_src_2602_011.tar	edc0bb7c1b21f0b15c11a770e9102f60	512793614
src/arXiv_src_2602_012.tar	728866c5e085b73b1e258787de818a6e	558519209
src/arXiv_src_2602_013.tar	50e2efeceb8e58607a65b5fb7d5c1eda	541716027
src/arXiv_src_2602_014.tar	f10ea79b9aab4428bd1ae5aabd77ec86	533415476
src/arXiv_src_2602_015.tar	1701889c1913bca30a2c83a2aed7757c	531034003
src/arXiv_src_2602_016.tar	ae2e70ad017e8c4760ac15697fdb7697	525130199
src/arXiv_src_2602_017.tar	71dcb50bfe1ed582b914fea8de9c3f22	525680320
src/arXiv_src_2602_018.tar	83061bb930db3933e11e629e06006958	521999965
src/arXiv_src_2602_019.tar	061317c15de6d4cee0ca7c185e54fc00	543939424
src/arXiv_src_2602_020.tar	64d5bc1bdcb83c4c1cc92cdfd752522e	524488146
src/arXiv_src_2602_021.tar	d1f528ab966359cab7bdffe77e8fd02b	524778086
src/arXiv_src_2602_022.tar	774cf224ea2d6f6d8048d0ee06b471df	526480097
src/arXiv_src_2602_023.tar	29327bed2584737672b99f57e1c46583	529155583
src/arXiv_src_2602_024.tar	215370152ec7fb7e35523993e222e183	525083894
src/arXiv_src_2602_025.tar	5c937c00780bef7c460acdf8234e8d07	525477614
src/arXiv_src_2602_026.tar	607030e65b71d4b577a32eeae7e2406d	526226517
src/arXiv_src_2602_027.tar	53c3dbe3c19200ae35339044213d97be	524645596
src/arXiv_src_2602_028.tar	5c3037ec283d4b40bc0bc3c26d8eee5c	544679115
src/arXiv_src_2602_029.tar	23851449b100b0b2e1e49bb834c77b99	529414414
src/arXiv_src_2602_030.tar	2342570147452287b23df3b052e8cd07	535587046
src/arXiv_src_2602_031.tar	1755340ebb7a7a2ed3ec427bc79859fe	546359554
src/arXiv_src_2602_032.tar	3496c70f3d42ef4c783ada4abe7909a5	527633583
src/arXiv_src_2602_033.tar	3c6cfe649382adc831cc112ba3c176ec	537637684
src/arXiv_src_2602_034.tar	2c9767613e0c5e69ed59e17428b3b006	534639986
src/arXiv_src_2602_035.tar	0349068e4ae95fd65212029378189e35	525530682
src/arXiv_src_2602_036.tar	6252d01053266a5a91deed038b61d1c8	527065624
src/arXiv_src_2602_037.tar	6f9fff012447f8e073422185fff58b0b	527424114
src/arXiv_src_2602_038.tar	0b5184789a6dc16e09d5db65262bba06	527521503
src/arXiv_src_2602_039.tar	9e4fe4e949a7197c728f3fa62000dab9	536730138
src/arXiv_src_2602_040.tar	6b175c56a9f3eb201d4ffc6cd5984d45	547318169
src/arXiv_src_2602_041.tar	a2210a9919e7d3545b8d8b94f04d9b78	532043363
src/arXiv_src_2602_042.tar	4300184dad3876693ccccccf49cf625d	554354811
src/arXiv_src_2602_043.tar	8211fc21b5e000af970adbc503529d51	545722270
src/arXiv_src_2602_044.tar	01284d0d0e784c85bb10716814d84bae	541233440
src/arXiv_src_2602_045.tar	e90b0de4009121ba92b0c6ac8d1b99ec	529297777
src/arXiv_src_2602_046.tar	10653fb852e1870f858c25ae7460588c	550051046
src/arXiv_src_2602_047.tar	aacceb6f67d37c12e1545e733e9bfc4a	553120349
src/arXiv_src_2602_048.tar	9ea32888954410c3ea494a19d30ee088	528746654
src/arXiv_src_2602_049.tar	0b3cdaba53061c2dec5a85b139bd616b	530051582
src/arXiv_src_2602_050.tar	d13d8f6859eedd1fed1b5a0fbcaedeba	526714208
src/arXiv_src_2602_051.tar	6a3e76d4a2b1b8919bb11ac6451097b4	535111573
src/arXiv_src_2602_052.tar	c139517f03f5bd3f4205cd8e5e142a5b	555399992
src/arXiv_src_2602_053.tar	55ba0baae335e48c5021c5630c45b555	524779374
src/arXiv_src_2602_054.tar	a8b53dd8ff0eeb17ef53f50b91f282da	535696098
src/arXiv_src_2602_055.tar	87aee8e0e9d4e154423496c298dd09a8	543507426
src/arXiv_src_2602_056.tar	b9e260084d0a4bfffdd808148738918d	526460415
src/arXiv_src_2602_057.tar	95a09de1eeac94fa6c9da129f9e08da1	533281805
src/arXiv_src_2602_058.tar	2b3cf773dd9150b2407600a20df530e2	524449483
src/arXiv_src_2602_059.tar	9a81d8dcb2d5ac28e6e02fd452e42b52	560934583
src/arXiv_src_2602_060.tar	b0c3e005cb348538d476ceb03a0bf359	535924501
src/arXiv_src_2602_061.tar	0f986acd34e1fb897d1147f4c74b708c	532947390
src/arXiv_src_2602_062.tar	d438ebe481aa7dd92c05b4bb0ed8a1f1	524943854
src/arXiv_src_2602_063.tar	70de2733eba972480871eff676932623	525424086
src/arXiv_src_2602_064.tar	78e038ced8ad583058d6d3ac18877d22	515333371
src/arXiv_src_2602_065.tar	e36b755d9ad2d592745022fe8d922102	525367376
src/arXiv_src_2602_066.tar	cea4c8fc7e2fd53b85e1fc62d50b968c	542590246
src/arXiv_src_2602_067.tar	95096e8cf86f7ec029cc682808e358f6	530957037
src/arXiv_src_2602_068.tar	3afa993ff67c377e3ad49e08adb3fdf7	504460692
src/arXiv_src_2602_069.tar	b090daa819a76dd85038544c937d9cfc	577944813
src/arXiv_src_2602_070.tar	4f0200f6c9adc0d34623ca0785c3eaaa	527034782
src/arXiv_src_2602_071.tar	5c13a83ddf61e7a34e738023fdfc2f72	529912186
src/arXiv_src_2602_072.tar	7acad6e7e21e0bf0c01897677b768894	540571247
src/arXiv_src_2602_073.tar	5dc979764da0fc6c8dc821ad6d446a6b	559111900
src/arXiv_src_2602_074.tar	6e55fae43fb6ae9e737ef8634147724b	545760352
src/arXiv_src_2602_075.tar	7a1fb07d80f3ebde4aac22c7bfb90150	539393239
src/arXiv_src_2602_076.tar	6213186f7cdfad248d8ecef1f7beb485	535292859
src/arXiv_src_2602_077.tar	f224bfca5f9c7afdd9bbf1d63b8267d1	541741630
src/arXiv_src_2602_078.tar	bd42fb51f43ddafef171dbf82d077bd8	537488233
src/arXiv_src_2602_079.tar	0374c77ae09ae323294180e853e2e515	524910385
src/arXiv_src_2602_080.tar	0ac56a327cfd3a17d1d24d618b61fcef	524843937
src/arXiv_src_2602_081.tar	75c86192e8f4a30d001502fec7df85f0	548590005
src/arXiv_src_2602_082.tar	187631fb13c52f43b35c0bbc1918362b	527317610
src/arXiv_src_2602_083.tar	52076e261709e927e4b4f202618c713e	539063611
src/arXiv_src_2602_084.tar	39b63abbef0e3be656da10dec5d201f8	528422631
src/arXiv_src_2602_085.tar	42ccbaf25fe2dee38ca945cf82cd960e	526299218
src/arXiv_src_2602_086.tar	0d45501198c0fe3794d6c97c2e345c67	524292760
src/arXiv_src_2602_087.tar	5673be00d16f08860f250924ab00e2f1	526631119
src/arXiv_src_2602_088.tar	c2a595fafb81c94aed6579ada4abe4e2	523764742
src/arXiv_src_2602_089.tar	4ec0bae04126a38c0a51c88ece6027b7	537943369
src/arXiv_src_2602_090.tar	238c4d37ed68a332c33f3422757ff1da	529461352
src/arXiv_src_2602_091.tar	53b3b61cbca5f148425b845b8c4a394a	526748519
src/arXiv_src_2602_092.tar	1de4e26d998818d915cfe7b3bcdc8d19	524786160
src/arXiv_src_2602_093.tar	26cda652ea6ad5a6ae208317774bd76e	531411068
src/arXiv_src_2602_094.tar	f34c5e4a916b9c3865efd270f0e15966	524811860
src/arXiv_src_2602_095.tar	5a03ae47f9535d3e18150e78f98e4e03	516165113
src/arXiv_src_2602_096.tar	a7df7f3119576a7fc2bdc429363d3513	536578790
src/arXiv_src_2602_097.tar	89d9a46c0a0bd6e5555d0c632c891752	525920955
src/arXiv_src_2602_098.tar	3daf515f22b6c9bd87c237ff859a94b0	512429903
src/arXiv_src_2602_099.tar	4305175bdbb251580f74630f7f18f415	530453230
src/arXiv_src_2602_100.tar	b0f419880ea983f4d7eeb3f110226ccb	524489359
src/arXiv_src_2602_101.tar	8fbe34bf8cac2996e9c75580a86ad5da	532652589
src/arXiv_src_2602_102.tar	4408e4615a67e3a9709b9a9e93b4a07a	515981880
src/arXiv_src_2602_103.tar	34ae6452cd1405c087ab938a044d5170	530771469
src/arXiv_src_2602_104.tar	7945ba971c0759761da3ebc87b6c0b41	524861140
src/arXiv_src_2602_105.tar	1a376dbe256e5d15a578af9c26ade29a	531623058
src/arXiv_src_2602_106.tar	21e243c1e71638fdb5e2152ef07862cb	528713734
src/arXiv_src_2602_107.tar	2ce8791ffc7b4fd3031c4996559c796e	526803509
src/arXiv_src_2602_108.tar	2589d779fe75ba4f485638472d256c01	528768755
src/arXiv_src_2602_109.tar	55011cd8d7b7152c2d1e3e42219fb8b0	533263318
src/arXiv_src_2602_110.tar	9af870f91c1948ed121f4069a1d9b3c6	524985864
src/arXiv_src_2602_111.tar	6e1792b30c820e66af3a4e32eb3a6e0c	527485269
src/arXiv_src_2602_112.tar	8ceb8752b96cab92dd82720a36f9ec72	542127299
src/arXiv_src_2602_113.tar	6e33ca648e123c3f09627aa7fb4e7946	525353628
src/arXiv_src_2602_114.tar	d192da4fce7bbb11d96f81690d12e83c	526072911
src/arXiv_src_2602_115.tar	bda205b9772c33e5f36a530f7cafe9f1	525270820
src/arXiv_src_2602_116.tar	bfd70c0f318eee083b6ea05c813d5cca	524404727
src/arXiv_src_2602_117.tar	4f21e3f28f8624c668743cfc8354bd42	522109395
src/arXiv_src_2602_118.tar	369502fc15e1d15501dc453c9f034be0	525032221
src/arXiv_src_2602_119.tar	cd59b32244e01cb0c7896d45d2e80872	525310319
src/arXiv_src_2602_120.tar	e542664abd7e952a0db6945cf0bada3f	534849549
src/arXiv_src_2602_121.tar	2f5bcdd381223a3aa153c366f6dd43b3	538597991
src/arXiv_src_2602_122.tar	636418614db65ecc4d3f213ab6dbf289	536728225
src/arXiv_src_2602_123.tar	6d972fad1f06af00eefc3ad168b96eb7	532349295
src/arXiv_src_2602_124.tar	b5c97397b2b6f44ae9da0aa17cd758a5	533042998
src/arXiv_src_2602_125.tar	9a82194cf5db50852adbfae4a20f34ff	535215045
src/arXiv_src_2602_126.tar	3b054ffdf2b191e63abff228762de510	528073458
src/arXiv_src_2602_127.tar	529784d4eb586ac284ec136b25a48b4a	526759549
src/arXiv_src_2602_128.tar	93d8a3451f096249baeb140b9292ee76	529403446
src/arXiv_src_2602_129.tar	19f0a49a9eacb8ea915ba277f1e5890b	532958981
src/arXiv_src_2602_130.tar	a709b8ec9750fd4d9d347ed21a6692a7	531666713
src/arXiv_src_2602_131.tar	4d17163ede0c09746c9b3305784f5575	524577577
src/arXiv_src_2602_132.tar	97bd103fd2a441ee65aca88792b35472	524306058
src/arXiv_src_2602_133.tar	d44fa56c61e525e8e838210928629bd1	527016120
src/arXiv_src_2602_134.tar	3a17a4db22870cbd10c893cf1b7083ea	532648212
src/arXiv_src_2602_135.tar	307d563be39581edd6ab9869bbe06342	524361823
src/arXiv_src_2602_136.tar	9ab450e007dd68156d9d87e5659a166f	524706433
src/arXiv_src_2602_137.tar	0db10b3f6d778859243b3e983fb52bbc	541060781
src/arXiv_src_2602_138.tar	cfcc670884c73ae3436188831a164f50	514043305
src/arXiv_src_2602_139.tar	803ae6926a798d09bec7b3e979ff8838	559022124
src/arXiv_src_2602_140.tar	035d8174dd49b91272df657e66c90e76	522037144
src/arXiv_src_2602_141.tar	19ca67426adfcb80ddada922d21dec8e	533947666
src/arXiv_src_2602_142.tar	6355f3838a2b8ae69bc009d28ab12d1e	527481704
src/arXiv_src_2602_143.tar	491f4b91d7ea738b8a65b31b2b7177c1	533925896
src/arXiv_src_2602_144.tar	e36e96d571bba3cc4b38f951bfc1579b	548755052
src/arXiv_src_2602_145.tar	e52b5cb391afb2dcbdbf26df0fbdce65	527250232
src/arXiv_src_2602_146.tar	bbcbc5a87bb285ea4bdfcde3138aff01	525252429
src/arXiv_src_2602_147.tar	238a5aabbc8d52864d385cb085f6378b	548942809
src/arXiv_src_2602_148.tar	744417281fe4685dfd99ed8cbc37097f	532797442
src/arXiv_src_2602_149.tar	7aa00d6c08f1e814103f4ee601359394	543589622
src/arXiv_src_2602_150.tar	fe1661e1378f244936230decbef13506	525795955
src/arXiv_src_2602_151.tar	9c4294b2fae6bf4b8a792c4ffab96083	531238035
src/arXiv_src_2602_152.tar	9644dcde75fb46e8c25b858339477d63	528174476
src/arXiv_src_2602_153.tar	6824f592a6d218f37d8b5d0fb55367c3	527272765
src/arXiv_src_2602_154.tar	09c66cae1e03e8faef62d15bffee7277	524761472
src/arXiv_src_2602_155.tar	287b61036cb88e774cb1482e77f058bc	524552416
src/arXiv_src_2602_156.tar	bb59b60aadba95a7e7ca872ef5eb1336	526988981
src/arXiv_src_2602_157.tar	9b5c0ea9b02c74ab41a6aac8059144f5	528579098
src/arXiv_src_2602_158.tar	ac220661c465f42b8953c2a2faae8ecd	533221221
src/arXiv_src_2602_159.tar	da9d6c521fa450a7200d0ac4938e73ce	526143682
src/arXiv_src_2602_160.tar	dacb9391df7d41fe9fdffd9631512af2	526106003
src/arXiv_src_2602_161.tar	7c9f4f8370d781739dfb24679cc7221c	528034491
src/arXiv_src_2602_162.tar	ce6de95a754388a5bb606e4ae7fb79f9	528860992
src/arXiv_src_2602_163.tar	c1be6de4dfc625e788828e86e24fd02b	533209259
src/arXiv_src_2602_164.tar	502ebfe54043e60902bdfeec75f38f60	515674459
src/arXiv_src_2602_165.tar	3ccdefee06c68e2fc3994efd1a863239	539144159
src/arXiv_src_2602_166.tar	26700d745d822b569d48415f33e732e2	526952926
src/arXiv_src_2602_167.tar	e8129c7d95d0047366672f476fde76aa	525090746
src/arXiv_src_2602_168.tar	8da21acfaf41cf1962dbe13a15890242	541868164
src/arXiv_src_2602_169.tar	f2a77c1a43dafa0b0b91d5ddff9b070c	533783356
src/arXiv_src_2602_170.tar	4a83ac9df6c5c281015246d1778b6115	527196910
src/arXiv_src_2602_171.tar	b96422343ceaf69fd929a194ba677f5b	540152319
src/arXiv_src_2602_172.tar	b79b344562249bccc57dd2de6ca21937	524934056
src/arXiv_src_2602_173.tar	f0bf917fe317cb6f673ef455b7609467	532181303
src/arXiv_src_2602_174.tar	ef5061de3079970bf7f22a383c085951	526210584
src/arXiv_src_2602_175.tar	d3216c655eb5379328318125872a0cd6	547282928
src/arXiv_src_2602_176.tar	84d29ae2b3655ed90623230dd512c6af	531865718
src/arXiv_src_2602_177.tar	d0d87ba56a8fd427f4a64b012b055d91	524399858
src/arXiv_src_2602_178.tar	098356681870c6c23e6eb93a27e7fbfa	528826288
src/arXiv_src_2602_179.tar	693b4f4de194950dfbf22cf2f91f0b2a	584093475
src/arXiv_src_2602_180.tar	ccf9d453ceb9688b613ff8a7c1fb4971	524827224
src/arXiv_src_2602_181.tar	e049fdf9d74e47aa863593623c2f21e1	481198013
src/arXiv_src_2602_182.tar	0d31560ae8c5110d8d615222a1455def	527267121
src/arXiv_src_2602_183.tar	59a43f503fa080263e0686966361c5af	524631579
src/arXiv_src_2602_184.tar	625ac2dc90b957a0203a4852608a8d6c	287410024
src/arXiv_src_2603_001.tar	c14f42989468cde6cf6927f8ff7a1245	561306639
src/arXiv_src_2603_002.tar	e5a0e9809f64c7ed2270b90d2148e424	532399252
src/arXiv_src_2603_003.tar	fc32011dfa2822a3064c04ccc5b7c7c0	524719834
src/arXiv_src_2603_004.tar	58f1d615458708a1a1c79687af14c00a	563936368
src/arXiv_src_2603_005.tar	47ea5b69b647b814876e3f010d2a7fd0	526322572
src/arXiv_src_2603_006.tar	dc790a33cead78526c4ecdaf377b6787	527097118
src/arXiv_src_2603_007.tar	a96e4229ea74d593debaf3cea84f2f98	524745709
src/arXiv_src_2603_008.tar	a35d2162ea3b261e5d3ad6c24464f60a	536793382
src/arXiv_src_2603_009.tar	dba5fd86d1fef36afb943959d1903590	525250249
src/arXiv_src_2603_010.tar	0cf6c44475b9accd0c2b13e45fd494cb	526579835
src/arXiv_src_2603_011.tar	3e0d40a4862329c6e1ee7013f6a905ad	527996678
src/arXiv_src_2603_012.tar	20591d8efde83fcc45c1efb7a5caf72e	510569204
src/arXiv_src_2603_013.tar	3877b683844ee61741bcdff97abd951f	528296558
src/arXiv_src_2603_014.tar	d67b9059f6ec9daa11a440fa9f496e09	529570445
src/arXiv_src_2603_015.tar	667888c99ca8f5e4acf304754524c668	528888026
src/arXiv_src_2603_016.tar	b961ffd30e30422d72029ce2ea5b0338	524089016
src/arXiv_src_2603_017.tar	69e3a91b6dcab410c55a2ccbcb944f96	500696591
src/arXiv_src_2603_018.tar	9b8cd88eb547e285fa572f6e140318eb	539958709
src/arXiv_src_2603_019.tar	8a97a32f39538d1df9bcb895ac3fbfb4	515957088
src/arXiv_src_2603_020.tar	c4ab8070478ed68b6d7e1702db60fd1a	527658889
src/arXiv_src_2603_021.tar	b5396ac938e805139a6b904eda3c84a9	535686130
src/arXiv_src_2603_022.tar	a91fd81ae6efbd24fb078c3520994984	527075352
src/arXiv_src_2603_023.tar	df0c4fab97fc42031cba4428c3b8640c	526590088
src/arXiv_src_2603_024.tar	13c7659f57be7c349a49a18fcb41add6	530485321
src/arXiv_src_2603_025.tar	3396e08d6c7598b8ffd8af4bfd50be75	519067897
src/arXiv_src_2603_026.tar	d5eed08ef84161d1aafb7a3e1e713c31	544202300
src/arXiv_src_2603_027.tar	1c8d08cea2862278686cf7728bdff01c	533163682
src/arXiv_src_2603_028.tar	55b879b0b3af43d55860a327f3e0d0fd	526286354
src/arXiv_src_2603_029.tar	7836c77f4979269194f3877988e72088	529330773
src/arXiv_src_2603_030.tar	ec2fc69f82178920d4d6847991b9a6a6	518358076
src/arXiv_src_2603_031.tar	0f27820e5ed6723c666248abf36d3bc5	526549511
src/arXiv_src_2603_032.tar	d2155b015bf863d302b8342d32e5168a	524673367
src/arXiv_src_2603_033.tar	f74f38d1873f4f7f6edcf04e4c3942fe	543754500
src/arXiv_src_2603_034.tar	c1ca191c6e08b39512d59bbadc3da4a7	522991116
src/arXiv_src_2603_035.tar	2193675a1c31d026ae89d5832b23d2bf	524406061
src/arXiv_src_2603_036.tar	3db3e5e7d79435bef4e43fbecb6f91d9	540955518
src/arXiv_src_2603_037.tar	56acce2a824587697fa3c0b3e8ba4dc7	526917683
src/arXiv_src_2603_038.tar	ae597b8b22917ee114488fefcf4605a9	527407731
src/arXiv_src_2603_039.tar	934101042858118b48c4ca634bd1670c	532981747
src/arXiv_src_2603_040.tar	8e58d5326069fcf0389e967cc125ba4f	539886837
src/arXiv_src_2603_041.tar	4510b5cadf65e927b3b505713b0263d0	524474996
src/arXiv_src_2603_042.tar	98ad81321d2e771d6af04249e45984d7	517560618
src/arXiv_src_2603_043.tar	5c98b6e7f5230cf053b8756b623c4c15	533606017
src/arXiv_src_2603_044.tar	55851333e1c7f943e876e9ad44cbc8d5	530356724
src/arXiv_src_2603_045.tar	7adbb969b26e89a6197888b85a14fb01	547670677
src/arXiv_src_2603_046.tar	a5b2eeab5ca556b873c25d0ac3a9b530	559360709
src/arXiv_src_2603_047.tar	b93904958f9a3f3b7da339ebc9c83fa6	534531276
src/arXiv_src_2603_048.tar	6a7657e0078d049b8b7f507c60846f0b	534223932
src/arXiv_src_2603_049.tar	425aa8130c6638f6e8a8f99a150f5b1b	555477803
src/arXiv_src_2603_050.tar	93c2ba701c5150f65e287eb8855a834d	533386101
src/arXiv_src_2603_051.tar	376c9e569e11486874fbca02ca82081c	538844818
src/arXiv_src_2603_052.tar	e786c34534499f604d4a95fcfcc79521	535699910
src/arXiv_src_2603_053.tar	0681f509f4dd41be4c7ddcbaa84174c5	545623640
src/arXiv_src_2603_054.tar	8b9ef1ca71adba5de9c3d540d5d59283	526193076
src/arXiv_src_2603_055.tar	c1cc705ffc533ace603825c52e01479a	539101809
src/arXiv_src_2603_056.tar	da40d7f6549fa11d14a3ee26da297592	527048443
src/arXiv_src_2603_057.tar	80a5e4925fe54a1a587379fca58c0674	562321008
src/arXiv_src_2603_058.tar	390836bad54c58b31fa7f757d7c0d606	526154804
src/arXiv_src_2603_059.tar	3f05bd648604e59a1d3bab7d65bd34fd	528665398
src/arXiv_src_2603_060.tar	f4a041a6255bf1c4f0a4edbcc82a9d32	548044130
src/arXiv_src_2603_061.tar	e9eb294f28cd4ad0392abb5126488524	541370831
src/arXiv_src_2603_062.tar	98f3f5fe3e48cb55f92861f17aa4a5a2	523155972
src/arXiv_src_2603_063.tar	ecec9f149c811272177023ca0ea4cb93	543896955
src/arXiv_src_2603_064.tar	fa3a8f71bf64f051097fdd8503b77845	538490599
src/arXiv_src_2603_065.tar	38e317fbb4448924911aee38ad986541	525191591
src/arXiv_src_2603_066.tar	1d8b11c6bfb4453ed13ca77e8e4bb8a5	536858437
src/arXiv_src_2603_067.tar	68ab082107c969e52a8551e12a5e9ccc	547046602
src/arXiv_src_2603_068.tar	12d531aa2ad37cca095cfbc9e0899ab7	531283508
src/arXiv_src_2603_069.tar	2aaf6407b26901cfe975745da138b982	525495877
src/arXiv_src_2603_070.tar	9f597a547c0c0040398e1dc1b40dbe07	542800113
src/arXiv_src_2603_071.tar	14e4a4b5c5346b38dc28987b26668a9a	524779467
src/arXiv_src_2603_072.tar	d1ded053c6afbed32a53f4ca5d086bac	561408506
src/arXiv_src_2603_073.tar	0be8275b4a53e7dbd2d2c492c14b2f32	548744991
src/arXiv_src_2603_074.tar	b8eee8f772c7add907486c9bf003f403	525008490
src/arXiv_src_2603_075.tar	69ab74abdb4b9ebc317d929817e92977	531058414
src/arXiv_src_2603_076.tar	2d178b90e9a3f17ead2d549316d1ed68	528717072
src/arXiv_src_2603_077.tar	44a8e364822d7ae8fe26203ef83fbcc7	524695867
src/arXiv_src_2603_078.tar	936c76d786b10d9ebaab4a4b326a1d63	532479525
src/arXiv_src_2603_079.tar	b9c887a699b4ba72bbb7c9546ccb4e24	526012090
src/arXiv_src_2603_080.tar	7710fda4649bb22092039607a2768136	523301377
src/arXiv_src_2603_081.tar	6503642bd93d210d22b17281a4f597e5	541494817
src/arXiv_src_2603_082.tar	d890fa959b8451f0d54947c226d5cc25	544758678
src/arXiv_src_2603_083.tar	ad339d2c42a52fe0fa1c8fbf79dc1663	525134746
src/arXiv_src_2603_084.tar	f5a2b8b8190629441e6e68a2eae929b3	545327688
src/arXiv_src_2603_085.tar	bd20464103d9e7fd72d10ef0a5012a0d	530290133
src/arXiv_src_2603_086.tar	ecf61f21c54f06f88f40c7146bf7bcd4	526112446
src/arXiv_src_2603_087.tar	3587b80f128bea2aefe4cd1c9c73c9af	518446290
src/arXiv_src_2603_088.tar	cc1f2ba580c8ca13d9dcf40edb80eaac	527540732
src/arXiv_src_2603_089.tar	48a7c2d72d0061b9314069da09d59fd4	524929942
src/arXiv_src_2603_090.tar	95b8113eef75c162cdf523af620153b6	526473789
src/arXiv_src_2603_091.tar	e777e99bee4fd80d0d0d160281fc2f0e	526134158
src/arXiv_src_2603_092.tar	a22f8911c8add6b2e319cbcab49fd760	549481775
src/arXiv_src_2603_093.tar	912f1bbefcf1eed738bb73a0e4b8fdc3	530385164
src/arXiv_src_2603_094.tar	3e9a42b7916f4f5a5fe71658f244b375	548173556
src/arXiv_src_2603_095.tar	ba76043076e0eab60996b1b300b8532e	528965973
src/arXiv_src_2603_096.tar	bac253bb575ee211b2c7a8f3c63783fb	526520474
src/arXiv_src_2603_097.tar	65b3f1ba1f5fe1bc8ff093f204a63877	535407276
src/arXiv_src_2603_098.tar	c0e2ad114cca1abce7babcba72072c58	525303083
src/arXiv_src_2603_099.tar	9a9b444b46ef9be7ccff5516d1564876	515077506
src/arXiv_src_2603_100.tar	08e406737101d18e5dd53f5a6bb9aef8	546289644
src/arXiv_src_2603_101.tar	a6664fdec3bb5d3311372f90d0afb37f	527589986
src/arXiv_src_2603_102.tar	923bc568c528ddc21761163b5072e692	533531311
src/arXiv_src_2603_103.tar	1c1b745017d29aeb0acf2349b8255ba0	533288851
src/arXiv_src_2603_104.tar	b1383d09d734ad91609ba3bc2ad295d4	555063298
src/arXiv_src_2603_105.tar	08d182af97ef92bcea350c896ece69e0	529557789
src/arXiv_src_2603_106.tar	5ab87da80ef40f9e0f9d43ad5ec020a0	528565493
src/arXiv_src_2603_107.tar	7724170e635da98a92e4b78ddeb722eb	522693817
src/arXiv_src_2603_108.tar	1cb3e97da3de8a041f8fdb60711ec3a9	552382719
src/arXiv_src_2603_109.tar	e1a408c36538218d89c539e46cdf0e59	542640760
src/arXiv_src_2603_110.tar	59d852a413fcac1aaaf3fca52737511a	532079050
src/arXiv_src_2603_111.tar	a7d027649f81ca5ed8efffa6217e379e	524448367
src/arXiv_src_2603_112.tar	86584cbfd83428f93c92f64d783d4d46	554685192
src/arXiv_src_2603_113.tar	9df52e4d553cd4680265e75f2222a74d	536324855
src/arXiv_src_2603_114.tar	c68cbeb19a263707f1d34c6316f1c364	528709413
src/arXiv_src_2603_115.tar	81d50a52959aa81cb9f059e94ddc93a6	534781365
src/arXiv_src_2603_116.tar	385c6457341b27638459888666c357d4	526908735
src/arXiv_src_2603_117.tar	f3372fd4b6f8db2c50f1bd629245e12b	541699531
src/arXiv_src_2603_118.tar	3c221e11e4458d6ba2d18b9a28573cb1	549386546
src/arXiv_src_2603_119.tar	799c520281b7fc83e17fb10a02156ef3	528264061
src/arXiv_src_2603_120.tar	b35ec0a8f3712e45afb69b9f4777d087	547791664
src/arXiv_src_2603_121.tar	d2f2909acb4280ec71aaddf902eea04b	526598040
src/arXiv_src_2603_122.tar	4507b8e9dfd7604142a1006ee35af9c5	524963397
src/arXiv_src_2603_123.tar	08c629cc0e82c75be7b32508c2c45093	553477658
src/arXiv_src_2603_124.tar	80d798316da6371779681a71338dcc97	546939563
src/arXiv_src_2603_125.tar	306ee38add850d80ec220ca64d216f26	526312489
src/arXiv_src_2603_126.tar	63430c1023473617c9b16e0b048099bc	563756667
src/arXiv_src_2603_127.tar	06c423184b9662accad3cb8a69a51a7c	542459307
src/arXiv_src_2603_128.tar	6401d29d50be785b3ccd64a84d0bf818	562183655
src/arXiv_src_2603_129.tar	5ebe0c3c6c0e34fe0da1a71754878f35	528218853
src/arXiv_src_2603_130.tar	23e8075aef72cdbdad5eebd8c6b06bdb	530697867
src/arXiv_src_2603_131.tar	352284ceb9826a6ccfae62f9f9806d1f	526485332
src/arXiv_src_2603_132.tar	24ab0807012ad1e8b4dff2e07c2b04eb	525315998
src/arXiv_src_2603_133.tar	a455e350d143339a52036669b844ea79	527914188
src/arXiv_src_2603_134.tar	fc36bcf613bd20f296ca36e4f27f466a	535231902
src/arXiv_src_2603_135.tar	6275628204b943147a38712866b84f27	530121121
src/arXiv_src_2603_136.tar	37b0a64afe4d8c2e889725eef848b9ef	524312092
src/arXiv_src_2603_137.tar	8cf462c1864042265d9cefec92b53bd8	526399024
src/arXiv_src_2603_138.tar	683f7e3318947f869966fa54f6855f4f	529761201
src/arXiv_src_2603_139.tar	1ffb9c91bed22befd8b4a9587bde783b	526791665
src/arXiv_src_2603_140.tar	56e68dc7b7c8389952345891d5a45d56	524574701
src/arXiv_src_2603_141.tar	8af67c7da4149e39df7d9fd99f80a32b	525248714
src/arXiv_src_2603_142.tar	a6888efeaf65532e29046f4d00abcb2b	519450454
src/arXiv_src_2603_143.tar	905614cd4f4bb19bdd62a980e79fcd52	529300072
src/arXiv_src_2603_144.tar	f22c56a0eb34209b80277ae58675d159	524516399
src/arXiv_src_2603_145.tar	bbad70430173c0159d3a029dfc1dbdb8	537674236
src/arXiv_src_2603_146.tar	5079ed588b0c5a3e2d41067a4e0b92fa	520501926
src/arXiv_src_2603_147.tar	4b16931d7584d27a6acb43a30467f5a2	525266641
src/arXiv_src_2603_148.tar	9220d422e5dd214e14124413b99ad1fd	547279524
src/arXiv_src_2603_149.tar	1514c787f24c198eff14c55acaf10ff2	551711889
src/arXiv_src_2603_150.tar	12dbe3813c9e8b89008d58dbf2aa6f82	534654024
src/arXiv_src_2603_151.tar	71b9c83308794bf0846a7700d0db9062	524378936
src/arXiv_src_2603_152.tar	bdbb22ed99374c33b623d243e9460376	540977670
src/arXiv_src_2603_153.tar	39ce97f35a873f8884dc1b6e5853e66c	524861349
src/arXiv_src_2603_154.tar	712d3691281e0a34a598b9f72f5a464a	524390317
src/arXiv_src_2603_155.tar	603537f285ab816d39dd62b52029c2bf	552801760
src/arXiv_src_2603_156.tar	bc6ab068f4f98c6a124da4cb48ede6d0	526963505
src/arXiv_src_2603_157.tar	3746a2a51da747462779aa06c55650cd	523869603
src/arXiv_src_2603_158.tar	5a1f8b79cb7ffe2d753dbee7bed11b11	494650785
src/arXiv_src_2603_159.tar	6880c73ddd2bc29ec72663ea07c12e31	575181279
src/arXiv_src_2603_160.tar	45c5b5e703e669d6458d90417be867b4	524941489
src/arXiv_src_2603_161.tar	a458c070a4e19a3ce2fe44244ff9504a	525727504
src/arXiv_src_2603_162.tar	c69d9632531a07500baa09afff11afb6	533243661
src/arXiv_src_2603_163.tar	deef229d4786f33bbb424fa7e090490d	521449461
src/arXiv_src_2603_164.tar	a028bff11b98e474ecf556fab76ad32d	655721928
src/arXiv_src_2603_165.tar	d74625465656bbb990734ca621931b9f	524456825
src/arXiv_src_2603_166.tar	f398500ff1c1d3a17e58ae9ff140fb8c	524814473
src/arXiv_src_2603_167.tar	f8500c3cac07b0c95c149ecf84ea8158	555009786
src/arXiv_src_2603_168.tar	27e978f26b00cf14355296feda25e421	526213662
src/arXiv_src_2603_169.tar	f3da9431badcd71c1f545330b3629df3	529282367
src/arXiv_src_2603_170.tar	cea8736f826960c8dbac603f80676fe2	531939730
src/arXiv_src_2603_171.tar	d0a0e5ad7576e8a7d3738e6032e9d1d9	528067618
src/arXiv_src_2603_172.tar	190876386b76d116549e589003f5e665	520295499
src/arXiv_src_2603_173.tar	4b37b4375bf0aa7816c706a79038a381	537286424
src/arXiv_src_2603_174.tar	c26d9b1087152acdca98280d77733964	539753161
src/arXiv_src_2603_175.tar	311ad677cf7916d2c90a8e7e8e2b8e09	527196357
src/arXiv_src_2603_176.tar	cb57b5721fbd8aaa51280b8547bc5ba8	520643979
src/arXiv_src_2603_177.tar	e6bc0ea68736c30a7a670844967b9ada	542978421
src/arXiv_src_2603_178.tar	082310618504adba45dd2300270c2333	541189451
src/arXiv_src_2603_179.tar	47455431ae63de0b3ffcd52d1b7bd89f	538272985
src/arXiv_src_2603_180.tar	4f42d6d24434e61dd7af68dbf50146a7	526762290
src/arXiv_src_2603_181.tar	0ba1d429681d99de174e02b29f10c5c6	520256119
src/arXiv_src_2603_182.tar	d9e216c53d95887296036899702d709d	524457062
src/arXiv_src_2603_183.tar	7ada031bba7ed9a4c95edfeaf607298d	529446918
src/arXiv_src_2603_184.tar	97d0f25639470f0e2fb5b85270de2f41	534608047
src/arXiv_src_2603_185.tar	89906cf4398fb45fe35d35a919f2dfd5	526892203
src/arXiv_src_2603_186.tar	cb7a92cda5bd6cdbddc7145e587aa6f2	547883068
src/arXiv_src_2603_187.tar	6b0785f4be1c01aa2e2ab2acd04ecc44	532913943
src/arXiv_src_2603_188.tar	679288af24fb7c2418434f9e31b429b1	526477808
src/arXiv_src_2603_189.tar	f8b1318d0fbb2835c1ee89f1214aa9b6	551436715
src/arXiv_src_2603_190.tar	e383a59609bbed6070e0fc09b00f24e3	531364895
src/arXiv_src_2603_191.tar	3d02f0137cce126e9d69caaf1a09adb9	522295149
src/arXiv_src_2603_192.tar	2e750c2f9556252d33ee63a50b576526	525287537
src/arXiv_src_2603_193.tar	e4d3f05d0cc421c10b1c29cd8a6da055	566734993
src/arXiv_src_2603_194.tar	17990b046df82fc8f31b12f3e3d3eec5	528763886
src/arXiv_src_2603_195.tar	28ccce48cbf2b97f42c617748cc48221	524463464
src/arXiv_src_2603_196.tar	0717cea8d4864957505e04bad5b90bdd	525092123
src/arXiv_src_2603_197.tar	a98db4ee0404b249fcc870e6b933cb34	527460353
src/arXiv_src_2603_198.tar	32b6d13bc6862e2f80ac0513106df025	528301130
src/arXiv_src_2603_199.tar	a5ff0a2585cd913c4681cb121379ca57	561759628
src/arXiv_src_2603_200.tar	f68c3cffc7258eb0491206655914ea65	534036562
src/arXiv_src_2603_201.tar	1e30347fb4e2eca491b699013897e0eb	528584073
src/arXiv_src_2603_202.tar	e5eda0bc5dad6a9797236d1994ecb7fa	524502914
src/arXiv_src_2603_203.tar	92049850d34a3b5f0b2746a74a69836b	535001554
src/arXiv_src_2603_204.tar	8f8801fee208871a99b6e0c7f6589b7b	558435633
src/arXiv_src_2603_205.tar	134c7295255fe41f146265c245c598cb	544259509
src/arXiv_src_2603_206.tar	7c829f66d4d9b14636acf8064118c763	538382015
src/arXiv_src_2603_207.tar	eb40b9bda8ab5b862486f61ccbf45bd3	535443848
src/arXiv_src_2603_208.tar	0d84ae60dbb62df28f05d99e2a178043	525308356
src/arXiv_src_2603_209.tar	581816a4af274c37ce14adc14b03f12a	525599473
src/arXiv_src_2603_210.tar	f08ba5280c5b42274c4d094bf95bc228	525965992
src/arXiv_src_2603_211.tar	6869eac54d5f4b029db9ddff5b292dc9	519147466
src/arXiv_src_2603_212.tar	9f0f04887c78b83a448ef29d2098761e	535702071
src/arXiv_src_2603_213.tar	621fb0519e1adf2bf1f4b9454e4dc327	536465928
src/arXiv_src_2603_214.tar	7f52017d6f126d4bd92e77fb1f7e0c89	541193818
src/arXiv_src_2603_215.tar	0ac507badfc28eaa2d0e360c226a7f21	527278894
src/arXiv_src_2603_216.tar	9311cdc1b2dfba68c8e8c3fe833685cc	558868493
src/arXiv_src_2603_217.tar	db353941615ca124a0d18a98f4a850f8	526995279
src/arXiv_src_2603_218.tar	30510af8da98d6537a8dfe989e1b76bd	569237593
src/arXiv_src_2603_219.tar	06dce8fec4753b4faa82033b2688cd27	525141706
src/arXiv_src_2603_220.tar	852ea9c226b323271703a69eb4a724ca	536271500
src/arXiv_src_2603_221.tar	a9a50fb7ca41ae98e1935e39fca514a6	520561911
src/arXiv_src_2603_222.tar	c0550d881d6977cdeb1e3278d247aac6	527331177
src/arXiv_src_2603_223.tar	20b528734d889cae6fe51fb96109c1bb	562016516
src/arXiv_src_2603_224.tar	a788da378870b7639211412339301a66	533163428
src/arXiv_src_2603_225.tar	bc3809d0eeb30dae5bc4cfb89e54e181	528937157
src/arXiv_src_2603_226.tar	dad4b4d21dfcc571712277aad9dffe1e	532234277
src/arXiv_src_2603_227.tar	bbb7544360f5db8604ed5dacdff55a22	560526089
src/arXiv_src_2603_228.tar	31e44103fa499a241415199480c8de7c	538543095
src/arXiv_src_2603_229.tar	735790c568eef04219740d41f758c00c	528107838
src/arXiv_src_2603_230.tar	e3b671f9c3b3330f2a280fe9d8e3bfea	530017042
src/arXiv_src_2603_231.tar	631a4f0b17ac1d7a8312abcb2890d028	533365023
src/arXiv_src_2603_232.tar	2baa8b7ca0261f9073b42c6f68fe07d1	528771501
src/arXiv_src_2603_233.tar	aca31cb8e06a0a41b5973325eb36f54b	83935154
src/arXiv_src_2604_001.tar	14d530e07bef0713ed8b9d254b09ee1a	581708034
src/arXiv_src_2604_002.tar	0c1d97ada0c53614f376a7087ec9c305	544847840
src/arXiv_src_2604_003.tar	e5e5f82e39a582f1f53bffccfdadd8ec	545979064
src/arXiv_src_2604_004.tar	fb83d04617495503091a27109975dd01	529785261
src/arXiv_src_2604_005.tar	4027ad866fdfb516e2476d1136c1d63a	524074621
src/arXiv_src_2604_006.tar	30ecbed15a7c49e365be649d4164bfd9	525257684
src/arXiv_src_2604_007.tar	076f39550d6a3ffe18bb557d11f6f160	547225825
src/arXiv_src_2604_008.tar	121d26d1980a10934ff7f2e84fb573be	545834068
src/arXiv_src_2604_009.tar	a6c93834069aa33dac5100cc79c0df55	528556400
src/arXiv_src_2604_010.tar	32e3099b953e37d47e1ac1131b2f8f98	552780151
src/arXiv_src_2604_011.tar	6537acade3faabd4ee3058e0142d119e	551183400
src/arXiv_src_2604_012.tar	f88a8c4a71f84c8d2f4ad0ee23812666	531876323
src/arXiv_src_2604_013.tar	81cd28d165ea2f10f983c38e90fec2ee	532487877
src/arXiv_src_2604_014.tar	737bdd9f9d815782ad2348d858114c09	557510284
src/arXiv_src_2604_015.tar	102ef12c627a78657632a670f35848f5	528310581
src/arXiv_src_2604_016.tar	9baf117a44972a395507637ce0e35735	524940914
src/arXiv_src_2604_017.tar	615d1f52cf5113728c676792d00fe245	527044795
src/arXiv_src_2604_018.tar	c9426323fa1f1106b670e74104bdf0bb	538991639
src/arXiv_src_2604_019.tar	c5e7be5a3b503f8175ab7e0379d95dd7	524534974
src/arXiv_src_2604_020.tar	fe06504aeb94f291b8c1b1fbc3d83794	531723035
src/arXiv_src_2604_021.tar	e0b513fdad962bfd298e32971496c414	506470196
src/arXiv_src_2604_022.tar	694285345674b0503d89bd5fe133579a	556993666
src/arXiv_src_2604_023.tar	40485efd24d0eecaf86cd231796eb2b3	524980517
src/arXiv_src_2604_024.tar	5c6fec5f02940a2668b865f91db9174f	524398216
src/arXiv_src_2604_025.tar	f4e9cd57c8123d97bc51cea9843f527a	541802469
src/arXiv_src_2604_026.tar	04f5a7778bcb4c90f3f628dcc194bd24	530746590
src/arXiv_src_2604_027.tar	3ea34f65447e9a94c7e32bd3e90c3ee5	530439117
src/arXiv_src_2604_028.tar	25250e9eb699b1ebf8ab17b85d7a1e01	552587370
src/arXiv_src_2604_029.tar	bd4b578dd413aa67c580cc4e7f8627ee	546094897
src/arXiv_src_2604_030.tar	7fa33009129916f1bbff0301da2504d9	527371959
src/arXiv_src_2604_031.tar	596d6316efc195b6c01ccca4dea78745	526412120
src/arXiv_src_2604_032.tar	5a2eba928798d65bb5939b183ca0e18e	538473932
src/arXiv_src_2604_033.tar	fc159b66f8c085f87ef1f575c8379a84	530739547
src/arXiv_src_2604_034.tar	657da2ef1eaad9356a3c2d6e126dc009	525822694
src/arXiv_src_2604_035.tar	416469d62de60098a957e9042cb89714	525219757
src/arXiv_src_2604_036.tar	d57813febea842a980a1cba713229f35	551953779
src/arXiv_src_2604_037.tar	39b6bb8318d3a0406247b3b36b105e4d	526359223
src/arXiv_src_2604_038.tar	e27ae234e26850e7539790af0aafc4cf	524501872
src/arXiv_src_2604_039.tar	bec40881b09f3fa4c84cf8166ca15d76	533912778
src/arXiv_src_2604_040.tar	777d961940f936e73619addea3abebb7	526406127
src/arXiv_src_2604_041.tar	25f57baf4ed140d56cd40275186b76fc	534811869
src/arXiv_src_2604_042.tar	6f98a56bf23952b57c469cf7efb03407	525411302
src/arXiv_src_2604_043.tar	483a9ad05be93c73469c1f28d811b450	556642676
src/arXiv_src_2604_044.tar	dfe812e3d40f7605a6b39f1ac99e2726	551597333
src/arXiv_src_2604_045.tar	e6501d4d3bfac014ce170bd74d6d202f	529324161
src/arXiv_src_2604_046.tar	0a8f3acbf721616539348a1f235f627e	533526328
src/arXiv_src_2604_047.tar	568c5244fdcf245ed41c3236ab31733f	529906973
src/arXiv_src_2604_048.tar	f7f0295563329087e3e10ed5116c1c1e	525255939
src/arXiv_src_2604_049.tar	62823dcaabe83ba9909a7d16a3e2f9a7	542731003
src/arXiv_src_2604_050.tar	93938d46428f30a82df987ed01b439e9	532932072
src/arXiv_src_2604_051.tar	c2bcbbcdc1992c5fcd3248552f78e37d	532142512
src/arXiv_src_2604_052.tar	fb70ee5432a478384f51dd377deed12c	527506940
src/arXiv_src_2604_053.tar	07b6e8970eae6f2f2fa77df2f7f4c472	524441039
src/arXiv_src_2604_054.tar	47f053107859cba5111a3fef765cdc7f	526300060
src/arXiv_src_2604_055.tar	f7e08a10d788a6657c099abc4723605f	549769168
src/arXiv_src_2604_056.tar	1f9319b84224a522b57161a72c6f245e	537555495
src/arXiv_src_2604_057.tar	0cbea83cffcc1e15f6d68e55efb6b567	523141982
src/arXiv_src_2604_058.tar	ea93cdda2b50d7468fe66343faa5fa3f	524399157
src/arXiv_src_2604_059.tar	bdc0ed05e69b1c15ef08889c7b678163	525470221
src/arXiv_src_2604_060.tar	8a7ee8ae9f8b0ad5c12544e1284eed6a	527990428
src/arXiv_src_2604_061.tar	7ee6215bf34eef40f74749315c660a31	532498500
src/arXiv_src_2604_062.tar	1e5bc4c26393169751c3beb651a350fa	527298452
src/arXiv_src_2604_063.tar	cbeaf1fe2af70ee47376fe17347221a9	524700623
src/arXiv_src_2604_064.tar	68846a4ffa4f76b8f856fd1f12207032	529608674
src/arXiv_src_2604_065.tar	734cc9f0588aab10af7ae347fc99c11c	526072716
src/arXiv_src_2604_066.tar	15f87ad333a211833117b4974e4870a6	526975193
src/arXiv_src_2604_067.tar	13a64f1ea10f2963e431160be3a2b31f	526532502
src/arXiv_src_2604_068.tar	552b0a5ff14257e2a5d887d2f511d2e5	535144604
src/arXiv_src_2604_069.tar	6ab2565e2d54b5665a833033872d5596	526126078
src/arXiv_src_2604_070.tar	fd4630969b80afa7001a20bc61aa1454	557479561
src/arXiv_src_2604_071.tar	30d7d7f9045358aba227fc802826ec8d	541878729
src/arXiv_src_2604_072.tar	aeb5daae5fe4e7c35d0eebef9716a88d	550017676
src/arXiv_src_2604_073.tar	03bce3173f616c67cd83dbd11004d4f8	535857896
src/arXiv_src_2604_074.tar	f42c4b259a76115bb6cba3ef7a3695b3	543464614
src/arXiv_src_2604_075.tar	25b416e184905c441e48454580464e41	530742963
src/arXiv_src_2604_076.tar	bc729ba98f2ee9889184ebdfe7e4a105	540694578
src/arXiv_src_2604_077.tar	e9e10e1c8ba737dac8f7501b3f6664bf	542406647
src/arXiv_src_2604_078.tar	d7a32d023bc5481d22d122c27ab694c4	543652156
src/arXiv_src_2604_079.tar	fde7fb2899449998273cfdec45215066	528551487
src/arXiv_src_2604_080.tar	6d2e7bf32fdbcb7e79fb6d3056dbcf2f	527756552
src/arXiv_src_2604_081.tar	fc602161efd6830b928282bc691a491e	527971602
src/arXiv_src_2604_082.tar	33aee3c939e551659603911e7c7544fc	534239513
src/arXiv_src_2604_083.tar	5430996c5a1b40542974278e9eb4342f	554914428
src/arXiv_src_2604_084.tar	2e7cc6a64a6728695769b745a07f2af9	524681557
src/arXiv_src_2604_085.tar	c63fd916bf8d68de0ff9c7224a7d3779	528161498
src/arXiv_src_2604_086.tar	835bbdd771fe6bcf50665838e6982ce5	527271258
src/arXiv_src_2604_087.tar	98af4a9c002e19830a6a6f01fade3f04	541775040
src/arXiv_src_2604_088.tar	33deb268f179b7e8ec109e241c00feee	534866455
src/arXiv_src_2604_089.tar	ea716175d9bd8f60a9bd20aac3cf980a	542581943
src/arXiv_src_2604_090.tar	bf2eb6e8c9f2b8e76ca810ea9d48fb8f	525733955
src/arXiv_src_2604_091.tar	c59484d05a5f5171768793a907c17e83	527511043
src/arXiv_src_2604_092.tar	2bdccec87b3cf2e41f64edde03659694	522849936
src/arXiv_src_2604_093.tar	0e9780b41ffa2dee5ae0723fe33b8025	562893534
src/arXiv_src_2604_094.tar	d57f85ad1f0cc2d05401a2612f3b8e69	537981299
src/arXiv_src_2604_095.tar	ea81e6b8ffec87194619d83d7b2514f8	540126672
src/arXiv_src_2604_096.tar	1a965c1cd6785f1e3ef04bac8a7ccd5b	532718556
src/arXiv_src_2604_097.tar	72c6fd0f2b74c3cf011dd45c27fbc139	541259815
src/arXiv_src_2604_098.tar	93fb8cb3b40f784c451ddc531308f28d	541632486
src/arXiv_src_2604_099.tar	5c8f8634e2171d6da4ef539951181b0c	544364549
src/arXiv_src_2604_100.tar	bdee9cb674e931654011eb0a5dd14bbe	524705118
src/arXiv_src_2604_101.tar	06087212191dba4084906b162f00e45d	524412510
src/arXiv_src_2604_102.tar	4378f44f318066f5b39d36be83f5fe7f	524882034
src/arXiv_src_2604_103.tar	1c56caaa9cdf1e5847b040dca2235bba	546811254
src/arXiv_src_2604_104.tar	93c56af3aa70b4dec7193f65e95425f8	533662258
src/arXiv_src_2604_105.tar	b56930a4dc6719f59c10e46e7e6c616d	541030950
src/arXiv_src_2604_106.tar	05b4b9307db74cf7d78bacf678527d29	529923822
src/arXiv_src_2604_107.tar	057a3a68d5444b2920df9cdb2afbfdee	526074555
src/arXiv_src_2604_108.tar	8c445eeaf238afd071f0aa3ef9e26d90	524548247
src/arXiv_src_2604_109.tar	9b4bc80a67380f21202812ab05c15dca	529863321
src/arXiv_src_2604_110.tar	72efd0e5ba1329b1e5fea4ad1317cc49	528248924
src/arXiv_src_2604_111.tar	3400da2d2cff409f8deacb44b1a96f72	526146130
src/arXiv_src_2604_112.tar	3f258a1e13c55090a6973ef9c22c8228	525634506
src/arXiv_src_2604_113.tar	59a68f883220ae89ead4a99327a461dd	534053952
src/arXiv_src_2604_114.tar	34849e8ea1fe5fa91756d2ff7b379c9b	518966517
src/arXiv_src_2604_115.tar	504c946677fe01d7953f04a5a844cda9	528841817
src/arXiv_src_2604_116.tar	fd4d45b48e458c547c676021d4be4249	524889285
src/arXiv_src_2604_117.tar	55dd39d6cd987dd6de44a74386bb72c6	527400490
src/arXiv_src_2604_118.tar	598a7da488be4a335322d7f02569bcfc	530490906
src/arXiv_src_2604_119.tar	f70b44068ab64ba765b67b52cb20bd65	527880632
src/arXiv_src_2604_120.tar	82b0f1ae5a5da3e32ee57fa67c282aaa	534745385
src/arXiv_src_2604_121.tar	111e78fd9a907d9a814a9d5a8b248cc7	528955219
src/arXiv_src_2604_122.tar	1f3197cd277207e19ead6746ab0653e7	535759463
src/arXiv_src_2604_123.tar	54d04be0c244aabd4c738b51aac00e0e	540347972
src/arXiv_src_2604_124.tar	0968075a0029c5166c4b9704eecdf742	526932878
src/arXiv_src_2604_125.tar	c0476b1e9de1e0739f80d594a5d094cc	519216968
src/arXiv_src_2604_126.tar	704d5b2d2f42b569effe6b15dca6b4fd	541839992
src/arXiv_src_2604_127.tar	a731e0ac4315e833c616cdd5022ef3b4	529094428
src/arXiv_src_2604_128.tar	9572fb1a4e950e4aa8d7c2e34e421f68	532959402
src/arXiv_src_2604_129.tar	e00377cbd623aac9b36852024180bb8f	527961766
src/arXiv_src_2604_130.tar	569811f2d8559e7ea889423fe5d3cc24	527283010
src/arXiv_src_2604_131.tar	021eabeae74cdd449be171d4dc5a2ef6	529884863
src/arXiv_src_2604_132.tar	aac84eccbbcf609db0d2746f6948024c	524723546
src/arXiv_src_2604_133.tar	72cc99593af0221d514e389a9dd4c6df	542847676
src/arXiv_src_2604_134.tar	a69bc998ab3cc81fcf1e9288cc1680e1	524470026
src/arXiv_src_2604_135.tar	281599999651cd7b76ef8e925ddf7ed1	526811688
src/arXiv_src_2604_136.tar	93fa6e3f7ea9dd3774864fee23a91bda	538248039
src/arXiv_src_2604_137.tar	3f4d402e0f8749d4148b680776f4d9a3	521479716
src/arXiv_src_2604_138.tar	ba78fbad9f8f440aba2f52745d9dd147	526449357
src/arXiv_src_2604_139.tar	3e56b36c9cdfe1f51c4ca27100b6a426	538824880
src/arXiv_src_2604_140.tar	432c0c7326947d10d52a850d50fa3a32	526640049
src/arXiv_src_2604_141.tar	18c7a44aa0eae430490b07a1fac8bf94	540859988
src/arXiv_src_2604_142.tar	a7b15beb45ba853119db83475e73ae70	525534249
src/arXiv_src_2604_143.tar	335708bb7ee7fed679ca5f4ffcb284cb	532235515
src/arXiv_src_2604_144.tar	10a526a4e923f12e3bab6b79fa1d5783	524994412
src/arXiv_src_2604_145.tar	137916134fb796f4b44d924016a09c53	523354074
src/arXiv_src_2604_146.tar	2da1e6debad0ca8a043fde9cd5db0f0c	525798089
src/arXiv_src_2604_147.tar	54a0db07105dd3f1e01d90c69364477f	537253636
src/arXiv_src_2604_148.tar	4c14aeea5aee5105e87b828440595456	530006104
src/arXiv_src_2604_149.tar	89da4e67e44662192bf83b11202b3b23	526470922
src/arXiv_src_2604_150.tar	cb88033ff2d32b854c4d27009e74f667	524894735
src/arXiv_src_2604_151.tar	3b91ee7129e4a5d5b2d9e290b55f3dd3	534909747
src/arXiv_src_2604_152.tar	d8c7f3673015debdb95f65e3ab6645e4	531213322
src/arXiv_src_2604_153.tar	4c9f8a071a2aaaa200175fcffbb76d90	519728137
src/arXiv_src_2604_154.tar	bf4fb0dd79463298f7e2955586de5a2d	527691873
src/arXiv_src_2604_155.tar	055c5de69cf772466622c7604d784e17	525916194
src/arXiv_src_2604_156.tar	f8c0de9d27d79911fdfd1886312d861f	545838341
src/arXiv_src_2604_157.tar	3e8582d6c9751e4939fa9fdb70b2f476	526688767
src/arXiv_src_2604_158.tar	5c8d571658a5f7736b7fc9776a764f61	534551164
src/arXiv_src_2604_159.tar	99f313af426ee05e8531fb7e1efe7799	559732542
src/arXiv_src_2604_160.tar	8df74861210d27bb86f15322e9da51b7	557289218
src/arXiv_src_2604_161.tar	7ca7873306ffe113d01f906d8eb72822	526393713
src/arXiv_src_2604_162.tar	ca03238ee9c0ad1ca1fbf29b3bf9e018	528977098
src/arXiv_src_2604_163.tar	96dbb997b36d2dc0c826c1aac7ae3dd8	501913763
src/arXiv_src_2604_164.tar	c89dd0bc78f211320306d459bf337d8c	535082393
src/arXiv_src_2604_165.tar	bbed6860dd8f9a15e475d11c14d9e795	534107898
src/arXiv_src_2604_166.tar	1bbf85eabf22ca6f98050a45401c87c6	524648523
src/arXiv_src_2604_167.tar	1daf81e31d46d08d42adc2674a4b83dd	525021880
src/arXiv_src_2604_168.tar	9a386e67f5341827180e38867813ff36	579434779
src/arXiv_src_2604_169.tar	80bdc0778c3bd9b9f44fd59560ff2e0f	530572885
src/arXiv_src_2604_170.tar	bc8f26f714c9931e011ab7a8ac062c86	537180345
src/arXiv_src_2604_171.tar	e59b91937cbe2c35583cd9c7fc716fe3	544042522
src/arXiv_src_2604_172.tar	46c25dee96be9b7d0d81d94671428f82	524964663
src/arXiv_src_2604_173.tar	c99d14237684e0f5a5d8c631ec2b2b55	528868369
src/arXiv_src_2604_174.tar	d72e3fb3b4c41d085031ec6d191ce50e	565272098
src/arXiv_src_2604_175.tar	4c234635ef708dc073d69efe53a4d2b8	531067527
src/arXiv_src_2604_176.tar	5c6d2be9c1e5b7a21b1c68c523b2383c	524502974
src/arXiv_src_2604_177.tar	c4298e8fcc9bb39ba1283cd43cc37bb9	531494994
src/arXiv_src_2604_178.tar	c0a7ab790964ee6be48d513b72c212c8	529347640
src/arXiv_src_2604_179.tar	fc3696654f3ed864da002be6b7d683ac	526203068
src/arXiv_src_2604_180.tar	d20c8fbecefc6330af35e2b720f52425	536915227
src/arXiv_src_2604_181.tar	54b488df8efe43f9dcc8ea370619932b	525579662
src/arXiv_src_2604_182.tar	f9bbe7564edbb4c1490b8006391da3b1	528411040
src/arXiv_src_2604_183.tar	ed9098143211b5146e1b6dcdc2e93970	527190860
src/arXiv_src_2604_184.tar	1f33da158b9191b14d27c939ed8438be	526063721
src/arXiv_src_2604_185.tar	e95cff4bad0be6a84e5a36ced3ed3ef7	559423908
src/arXiv_src_2604_186.tar	47ebbcb82b3bf4e933d60691936275db	537976600
src/arXiv_src_2604_187.tar	def0a727080d00e38ae67e17fb657236	520869765
src/arXiv_src_2604_188.tar	2813b66818345045b4a1cc8a3eb61b79	535382921
src/arXiv_src_2604_189.tar	3b4674090fc8295a7d17c299f7b8a8f7	526371467
src/arXiv_src_2604_190.tar	c360b95b719675fc1330b90a3d6100fc	569155649
src/arXiv_src_2604_191.tar	142084262960814b8f1b4b9ebe3b12be	490884721
src/arXiv_src_2604_192.tar	d444ea6eb81af4a81532feae2bcce7da	529470358
src/arXiv_src_2604_193.tar	faabaf92251795fc5f176270881129dc	524416053
src/arXiv_src_2604_194.tar	d4b4ed9e5249f305a620d2cba6203ba6	541709135
src/arXiv_src_2604_195.tar	7a7b1a648b89b763338ce4aec678443b	544312519
src/arXiv_src_2604_196.tar	bb9d9e62e76b8818b4de92be6e3fb736	534315053
src/arXiv_src_2604_197.tar	f278f273aae63437787c279956050db6	526358726
src/arXiv_src_2604_198.tar	3e800e26d38273e071fee9448548c063	562290790
src/arXiv_src_2604_199.tar	d2980766b753eaf381ae5ceb8d0eb285	542815362
src/arXiv_src_2604_200.tar	fea657fea226116e0effdb3946f14237	528487335
src/arXiv_src_2604_201.tar	bfd14b95393573b4192bca04c40ac88f	147715180
src/arXiv_src_2605_001.tar	27da29ab5d0d94405a37c1afdb5a5418	523780061
src/arXiv_src_2605_002.tar	b7c101930b9a6dd82357945687a8bb7c	562946533
src/arXiv_src_2605_003.tar	ddf1acabcddd87111e19944fc1054122	527775299
src/arXiv_src_2605_004.tar	f17c7d6eae1c61cd713e10abc1b69089	528739387
src/arXiv_src_2605_005.tar	307140887d94277d18e657ca598c312f	524576888
src/arXiv_src_2605_006.tar	a44704263b3cf1bda378f50ef8712aa8	524776777
src/arXiv_src_2605_007.tar	4173480dc81e56ba4aecc512d6423c8f	526360109
src/arXiv_src_2605_008.tar	bb1b70981829a59e92ae9ef9e7cd62dc	525328208
src/arXiv_src_2605_009.tar	2be590854abd4206584956d19348d4d4	529740326
src/arXiv_src_2605_010.tar	09577c424bf7d5dad5969400b310ffd3	525621107
src/arXiv_src_2605_011.tar	2cdf7b34a68be473ed95e68ff5515962	524554152
src/arXiv_src_2605_012.tar	7ae2dbab60aa14d01172f23b63b1b99b	525222133
src/arXiv_src_2605_013.tar	591472ebb85c2afdc0c4d25d4746fbbc	525986779
src/arXiv_src_2605_014.tar	42f83eefc760843b6808642af10b4d29	529397651
src/arXiv_src_2605_015.tar	39d7d4a8ac38ee2b1e55d444857747ee	528169727
src/arXiv_src_2605_016.tar	a346f4ccb4257b7e143df5248db3dd61	538416822
src/arXiv_src_2605_017.tar	d6b5c7e7f912639daf66c4162c576fa3	524476663
src/arXiv_src_2605_018.tar	87deee2e032969e507f8cdd49c1b5fcc	527299761
src/arXiv_src_2605_019.tar	8c98d5e478e83328976dcf9766dd65e2	529215665
src/arXiv_src_2605_020.tar	01eb9f190ee635db578b0ee57d11332f	534358096
src/arXiv_src_2605_021.tar	900b94d7da9ee57aee8879e8bf402dd4	529839010
src/arXiv_src_2605_022.tar	bb53e6e6b94066f68a4d9e7787916061	518262892
src/arXiv_src_2605_023.tar	62280a0178f94fd00dc70b989cc86028	525702657
src/arXiv_src_2605_024.tar	8267d9d4899e53fa0ff8cc5bcae27229	526221190
src/arXiv_src_2605_025.tar	df11b420dbecd87d772490100585d803	542487870
src/arXiv_src_2605_026.tar	6bc52ae745a584b6888a15247e2b6cbe	524695245
src/arXiv_src_2605_027.tar	bfe31c8d58ed5ec80babea06d0378c60	524375863
src/arXiv_src_2605_028.tar	04758956a12278b658c0cebb6debe486	526958374
src/arXiv_src_2605_029.tar	adf7fb3a9045b964407cb29549889ff0	540804683
src/arXiv_src_2605_030.tar	384161548856be1ebd9268430febe5a6	527740268
src/arXiv_src_2605_031.tar	7f70e037f558518b5104a63760f127a4	535180143
src/arXiv_src_2605_032.tar	cce87cc018d8637251b17eef16857547	496490680
src/arXiv_src_2605_033.tar	0ce7724539a1441fd753bc77d2e07f82	523375342
src/arXiv_src_2605_034.tar	47e4614000a7e74fc5282c750c3163c7	526586257
src/arXiv_src_2605_035.tar	ee7b9fa12bba31e2543fe67a5f8aad15	526288541
src/arXiv_src_2605_036.tar	b93b7025c5c3c57fcf1ac81404694749	531798855
src/arXiv_src_2605_037.tar	0000411bf3a5a99c46a0b2378959728f	522188296
src/arXiv_src_2605_038.tar	b07061a731e0f7651532f6ebdabcdc78	536128352
src/arXiv_src_2605_039.tar	49a9af9e01fdb7783cd2a479c23d530d	522869531
src/arXiv_src_2605_040.tar	318e6a3e1d7d8675ceae116b45d89035	529586998
src/arXiv_src_2605_041.tar	9d8f9609efc9dbf17696440d69336412	534244521
src/arXiv_src_2605_042.tar	7797756faa5cc806f86e34522a59ede6	527717833
src/arXiv_src_2605_043.tar	c81b152ac530dc5738d6a05b36f4c104	524576851
src/arXiv_src_2605_044.tar	01803a2d665d52ac291d8497ada60f4c	527405040
src/arXiv_src_2605_045.tar	f76f86f78f0235d219468614a1a027b8	537051240
src/arXiv_src_2605_046.tar	a444f77c2f16d32597c215b72d64b0e6	537816905
src/arXiv_src_2605_047.tar	b924ccb63bdcc0d2e81d2d1b01142a01	525738963
src/arXiv_src_2605_048.tar	282006eb0667f8a03038ac13b7a4c6b3	524950961
src/arXiv_src_2605_049.tar	ac4a804237d349e453e26e7715240eb6	551601954
src/arXiv_src_2605_050.tar	f73d171b788e5932ea41b0cd7c9ba94a	573762881
src/arXiv_src_2605_051.tar	0cc3ef3a5a9deb7dd26eecdd0e7502cc	531333005
src/arXiv_src_2605_052.tar	15a68f21c78776b0c7477c4a3d41d925	524530589
src/arXiv_src_2605_053.tar	6088e2e5a50ba2d72644d9ea1cd86d77	521592537
src/arXiv_src_2605_054.tar	a3cc246c850245ea0a11da9e2b3ea2d3	525152395
src/arXiv_src_2605_055.tar	cf99999e3473e24dd9575607c00c45ce	545001748
src/arXiv_src_2605_056.tar	f46186120800c550c73a9b1a8d000d15	548576852
src/arXiv_src_2605_057.tar	b9643429049541455489592e4c617e41	532228821
src/arXiv_src_2605_058.tar	64258ffc89f83a9a5f8d0a1eaf423ce5	528977930
src/arXiv_src_2605_059.tar	27a8102585526d4ba3c69a294ad5df0a	534181338
src/arXiv_src_2605_060.tar	5d1bd556da2f86895f4c1ea486ddc2c8	531977214
src/arXiv_src_2605_061.tar	6e638e6306ff163068dd531e5224ca47	526411768
src/arXiv_src_2605_062.tar	fb679da6ab4ff43ab6ddb048791f7c26	527642229
src/arXiv_src_2605_063.tar	592e495442504b55fe53971d1e7472f4	529413299
src/arXiv_src_2605_064.tar	13b91e0a236a47ac48826b270f7ec010	530033812
src/arXiv_src_2605_065.tar	d9ef1a10c48838e4562d66ea157ac5c6	525341587
src/arXiv_src_2605_066.tar	99de9c2d5af64f5ead0c507539a74a64	537769376
src/arXiv_src_2605_067.tar	f028be598005d70c0104f230495a5fdc	526535675
src/arXiv_src_2605_068.tar	4ad060f8bf6b61964cfbf8b7da9c6b96	539127821
src/arXiv_src_2605_069.tar	f5d8caec248bdbc3d37f2bba2b0b86e3	531399713
src/arXiv_src_2605_070.tar	944932abb4537e16b9e1699f8361f9e2	550920948
src/arXiv_src_2605_071.tar	9c7c5e8ac698eb9cd4c572c95117149b	543746583
src/arXiv_src_2605_072.tar	83cc754acb1921b8eb182b182834960a	524819327
src/arXiv_src_2605_073.tar	754a874051b11049c8a745e72fe889b0	492064851
src/arXiv_src_2605_074.tar	ac09061d37eb3e64db5f8f2a8d04f423	529708528
src/arXiv_src_2605_075.tar	5fdfd37e217f72f47248f43fe1184c58	532144714
src/arXiv_src_2605_076.tar	d08d9c5171c78991cb3841af3ee56404	524745940
src/arXiv_src_2605_077.tar	71ed0ad5fcc85211f133e5342f1eac44	569956159
src/arXiv_src_2605_078.tar	5456c2977c469d61a5fd02febd532383	565127799
src/arXiv_src_2605_079.tar	c7a85f163bc1ab2556b395843de00973	528165494
src/arXiv_src_2605_080.tar	03fa5b68d20f0f6437774919863e386d	524590933
src/arXiv_src_2605_081.tar	3df65371379111db45400432ad019493	529969100
src/arXiv_src_2605_082.tar	3040e4024cc5fd0497f4cc8634114312	526897696
src/arXiv_src_2605_083.tar	e361b59f899ccd4a9b28b4ad6b39ad06	550463104
src/arXiv_src_2605_084.tar	523af015ff564dd793f2dbe93f761488	529229242
src/arXiv_src_2605_085.tar	11bd5631eef7c0908c816fd725c69dbc	523436785
src/arXiv_src_2605_086.tar	3bcd100e8d41a6338da07f0db206f2d9	546614275
src/arXiv_src_2605_087.tar	8e86b9da11907732cded0258a8267670	532301363
src/arXiv_src_2605_088.tar	83f9c33a6850932c90d555203c3404ed	525733131
src/arXiv_src_2605_089.tar	c9083692326bb6d194e6e2e1cd39446b	524677134
src/arXiv_src_2605_090.tar	f100b50045a5c531010683b29f40fac6	525687401
src/arXiv_src_2605_091.tar	e5501eeabcd8999ac384341b0942c063	536208935
src/arXiv_src_2605_092.tar	9d46dd0dc33fed9a94ac044aacf1996a	529028854
src/arXiv_src_2605_093.tar	9dadb716572dcf0ddfee61cc4b2154ba	525576970
src/arXiv_src_2605_094.tar	cad318f2d6e131e1eeeb27bafa5ce296	524441627
src/arXiv_src_2605_095.tar	12c0aa71eccda857bbde66f8b3e5525a	534855203
src/arXiv_src_2605_096.tar	51abb9d1b50ff311f3fb913b573191b6	527493609
src/arXiv_src_2605_097.tar	9952b067e020c1a1fca664bc23f71f5c	537338913
src/arXiv_src_2605_098.tar	db799e2f21d1b24f4c9111bb54f54c9b	533895000
src/arXiv_src_2605_099.tar	bc63a1435b6ef7ec0a7226fc66026f12	531564651
src/arXiv_src_2605_100.tar	a645f5e8ab571c6dab729c7291132264	525684312
src/arXiv_src_2605_101.tar	54a0689fb0bab0e378dc05c07df5cd81	525785429
src/arXiv_src_2605_102.tar	ab311a02ac4a66316ecd47d9e24bf791	539103368
src/arXiv_src_2605_103.tar	4e5d90392205fb4776716063bbb5907c	532913480
src/arXiv_src_2605_104.tar	23883572039a7a09ff3a2148ae85037f	531286766
src/arXiv_src_2605_105.tar	53b6b8a901af41f15846f7ae32e08daa	525654083
src/arXiv_src_2605_106.tar	eeae091d1f34fbfbcfdc362d25721507	525950801
src/arXiv_src_2605_107.tar	b55ebda8285f180d6a98a483fe91207a	561898500
src/arXiv_src_2605_108.tar	16fc917dc121739e66ec267c2008fe43	561405627
src/arXiv_src_2605_109.tar	5c07d412cf30f43cbd100cf21638be96	550415842
src/arXiv_src_2605_110.tar	e0b194984e4726096ca3464498ce66f9	525041735
src/arXiv_src_2605_111.tar	ea4f97bf8375bcdb2245e58a078b3d30	541009392
src/arXiv_src_2605_112.tar	2bcdce6bcd71fdb031f3389d090309d2	525159066
src/arXiv_src_2605_113.tar	0f2325e18078f655a0330e878c7eb6f0	528263687
src/arXiv_src_2605_114.tar	971e708f1fc70f14bd5702cfec5c743c	528248472
src/arXiv_src_2605_115.tar	bd6b3f440c090f0ed39073e4558cd609	524654107
src/arXiv_src_2605_116.tar	bee9084e6b164d4e63a8febcff1690ce	525207856
src/arXiv_src_2605_117.tar	e7a6a13bc3349170546553bb57814a59	524597939
src/arXiv_src_2605_118.tar	bdc89163b8b0965b3597a2490faae301	524460665
src/arXiv_src_2605_119.tar	33ff2c355420910c9a71bfce204472bc	543635946
src/arXiv_src_2605_120.tar	9d354ffc36ebf0fd77b7b251939062be	529085308
src/arXiv_src_2605_121.tar	f8a8b56b2a53c310a901cb6dc018d034	525701726
src/arXiv_src_2605_122.tar	19acd0b01f4bb5e69bf8a76ed7e3d4c0	529544960
src/arXiv_src_2605_123.tar	8c52304aebc0abe68ae243e934dada07	524621919
src/arXiv_src_2605_124.tar	c938f8984a49da978be24e48fc37d999	526821480
src/arXiv_src_2605_125.tar	4baf5b7e55f9e5c3dde60539db126b03	535907770
src/arXiv_src_2605_126.tar	864914f721135c5230ec4f7d2d43b5bf	537629834
src/arXiv_src_2605_127.tar	39e302dccd9bf87691834ddcfc545041	527639104
src/arXiv_src_2605_128.tar	6c435518dc2ce8b250b3094a7b098d72	532520332
src/arXiv_src_2605_129.tar	d30a6c188d2c9741743e14c84743b415	539255458
src/arXiv_src_2605_130.tar	48e870441d0166df5ec85df1553cb689	526429807
src/arXiv_src_2605_131.tar	ec348cd97712b80b55b7b35b51b6c255	530629916
src/arXiv_src_2605_132.tar	5b6826055537dbe0ca7be9aeaff10586	539738438
src/arXiv_src_2605_133.tar	77e95c2b40e35b09849774f51c3460f2	525381573
src/arXiv_src_2605_134.tar	23a74418b9769897d4a7ec6fff99aba1	526390863
src/arXiv_src_2605_135.tar	eb30350b61ff4cf4d5a0962e360a4dc0	524312400
src/arXiv_src_2605_136.tar	f719e5421c2eef62d6f829312a5926bb	523606636
src/arXiv_src_2605_137.tar	19adba9dab873dd4dae08fae1bc375ff	544459190
src/arXiv_src_2605_138.tar	07af83b5fe8e324c0cc15e32dac7ee98	531533350
src/arXiv_src_2605_139.tar	cb5075165c93e47afa41e9c4ef9deb53	533686220
src/arXiv_src_2605_140.tar	032cc6147122bcdc3310ab326eac5107	537495848
src/arXiv_src_2605_141.tar	77e65593728236353de5c63b3cd02602	536664073
src/arXiv_src_2605_142.tar	fd28d174fac9379a9efc01257052731a	548471408
src/arXiv_src_2605_143.tar	67ff4ac5d71635abbda66bc8f48880f8	526643173
src/arXiv_src_2605_144.tar	25531b7d97b34605d581a94d45126f72	531617195
src/arXiv_src_2605_145.tar	253346400329f9e6464f5e9cc2d132b5	524529411
src/arXiv_src_2605_146.tar	d0929401b7ee70c167da7b352ac81d21	571850611
src/arXiv_src_2605_147.tar	c194d4f459b415bb6949f4e9e6cee1c8	561540105
src/arXiv_src_2605_148.tar	bbad4465e61238cfaecbbb2e841523c7	527160432
src/arXiv_src_2605_149.tar	9f8f0a84bf663b6ff067e40374e8abed	528909249
src/arXiv_src_2605_150.tar	7f22e162a4535c3e6cbd382a71a7f78b	556395799
src/arXiv_src_2605_151.tar	a5d791d86519fc09989f82b6d9d5d6e7	534050735
src/arXiv_src_2605_152.tar	65bdf441c680821c98026ebc6b023bd9	589859601
src/arXiv_src_2605_153.tar	13bb9e20a7cf5c784d4ca8e2978c7e82	524493250
src/arXiv_src_2605_154.tar	34aab6c2020b2c8278d7f58638418f59	528204335
src/arXiv_src_2605_155.tar	87d0fa5e3342244cd58a9ad080d80091	539637924
src/arXiv_src_2605_156.tar	b5a4d7db1d7d02c8927a4be291337dc1	524818966
src/arXiv_src_2605_157.tar	0e5bb446656605e348fb1917652ced8d	522100178
src/arXiv_src_2605_158.tar	c8587519ef5aa4a6b52c335ca8cdb530	525332593
src/arXiv_src_2605_159.tar	fe35244d6e48765515d8964e8f341700	524865865
src/arXiv_src_2605_160.tar	a65ca0037f689adb8552d036237830f9	524541021
src/arXiv_src_2605_161.tar	2158e98bee656bd3528d7bc1f28fc3c5	533829414
src/arXiv_src_2605_162.tar	07932577203e3a16aaca19cb0b8b1d0d	538635712
src/arXiv_src_2605_163.tar	92302ce41959f7039915806cf7d1d998	525792445
src/arXiv_src_2605_164.tar	55be58a17eb82810b547254883e0fae8	557726294
src/arXiv_src_2605_165.tar	5856cf19bd067d96fe4bf8a43c8dab7e	519798671
src/arXiv_src_2605_166.tar	b79688c910a24d1adc9b4d4a10f51aa2	537692856
src/arXiv_src_2605_167.tar	2f433ce9d6ca74d371e1a30230cb2131	524326631
src/arXiv_src_2605_168.tar	081d82e915b3627eab9f8bdb5a64cb23	531445111
src/arXiv_src_2605_169.tar	b3bee02496302eecb086436b78a31c63	528380176
src/arXiv_src_2605_170.tar	5c51dc5ebe5c7b09abece81b25970f63	530028299
src/arXiv_src_2605_171.tar	5735b09d9ca06bbec1b7177d5948356a	527487606
src/arXiv_src_2605_172.tar	a4b66b5852fe7790547c5592011f17a8	511538713
src/arXiv_src_2605_173.tar	bd2c1450b658519feed67d233c192a2e	530942776
src/arXiv_src_2605_174.tar	32fcc41b26f52d178865e29a56576ea2	529566678
src/arXiv_src_2605_175.tar	3c6a77ca5cb3cdbf9bb3e15a320ae714	547127271
src/arXiv_src_2605_176.tar	edf8cedbb3fab710b4c0b2884641cd6d	530834321
src/arXiv_src_2605_177.tar	708026701b2ff0fffd0db8ec593780b6	526952222
src/arXiv_src_2605_178.tar	8dd66abc1e14ccd058493444afbc0e89	525962302
src/arXiv_src_2605_179.tar	de55493fc7da43c8b92a037bd0b829f6	542459054
src/arXiv_src_2605_180.tar	76c1ca82556407ebba804a3e42589309	583504956
src/arXiv_src_2605_181.tar	f7cb03ed9a5ad2bb91c636b8cdd37974	533434470
src/arXiv_src_2605_182.tar	818e3257eaac394f7a2cc592b75540e5	524501367
src/arXiv_src_2605_183.tar	31bd9554cfe9b751ccaac4b1a684c73c	529147873
src/arXiv_src_2605_184.tar	9b2fd44b484853ef5882e7a2a2f385b2	536594857
src/arXiv_src_2605_185.tar	7fd52cfb571c233286aa932cc3f08dbf	524504916
src/arXiv_src_2605_186.tar	ceb2106e9998af8d56faf8191c0eae32	532696270
src/arXiv_src_2605_187.tar	d9e067d14d1f52fd3dd4549880ac0cad	544885630
src/arXiv_src_2605_188.tar	e25f000b6a1dce51ae13f8536cc14e4a	529741185
src/arXiv_src_2605_189.tar	4b7b488445ae8037397db3570361463a	534250505
src/arXiv_src_2605_190.tar	c2fd8063897a0d190dba4f768b557e6b	526225795
src/arXiv_src_2605_191.tar	c1193e6cc3b0b879b3321f2afdd10900	524728007
src/arXiv_src_2605_192.tar	32a1683802eec4a6e121cf86b87f93f3	535279905
src/arXiv_src_2605_193.tar	66c61f1c43e76f48dee2177ad39a49bc	537095723
src/arXiv_src_2605_194.tar	b51b95141dd83f133c1d08b0eaf08908	525974792
src/arXiv_src_2605_195.tar	de4f324a56c1c212357345bdda4c0f45	526335133
src/arXiv_src_2605_196.tar	02ce66a7fa4307f61667c519bc10b8f4	532132690
src/arXiv_src_2605_197.tar	0af825adf09d1b25603d296d02229b73	524301942
src/arXiv_src_2605_198.tar	f3020a297bcdf2d93828b01a1367b989	534025693
src/arXiv_src_2605_199.tar	fa21c95561495be69f2721a2d058854e	530446740
src/arXiv_src_2605_200.tar	a72da7be4de534e11880dde996b46647	529739747
src/arXiv_src_2605_201.tar	4b76219b8e481886f0bbe3c90d41b9d4	526873456
src/arXiv_src_2605_202.tar	42270ea806382a0c7707ecbb433b8277	524671895
src/arXiv_src_2605_203.tar	9e6f0153062031488499f7cc801fec42	531710469
src/arXiv_src_2605_204.tar	f6c90f342b9c9c429944f7ca0fede1d8	528714439
src/arXiv_src_2605_205.tar	ea26e3f56ee2578b10ce4dbf0ad2b8d6	535397919
src/arXiv_src_2605_206.tar	cb31bf8b77275b4977de09b39c545231	525096543
src/arXiv_src_2605_207.tar	fb1f0704645580a0cc23efa5874baa58	534887903
src/arXiv_src_2605_208.tar	e19cc54ab0bc24488712fc278946bb9e	527303257
src/arXiv_src_2605_209.tar	0c5def11c1cb57afd5e45b5f194cb135	525652468
src/arXiv_src_2605_210.tar	f6e8d8dba16ac349efcd191a1822b8d1	546257608
src/arXiv_src_2605_211.tar	04a2a72fff901994ec26090a38674828	522743150
src/arXiv_src_2605_212.tar	45aa0a72f2edb58e0b4c51839d5a6307	553465664
src/arXiv_src_2605_213.tar	28e46b68bb00d49397ff46c1ff4bb873	525655017
src/arXiv_src_2605_214.tar	0a7543e01f8cb2af2b2ddf6119e898dd	524967230
src/arXiv_src_2605_215.tar	962fa765bcf8fe3a6b0bda78ef98ba5f	526257475
src/arXiv_src_2605_216.tar	f8e8a48a257190687bed0526121b18be	567838759
src/arXiv_src_2605_217.tar	e97e7a98dae858a3adc51c92fa759ce3	573861196
src/arXiv_src_2605_218.tar	0bf2e385440a41df49ff3034a943e4d0	517082880
src/arXiv_src_2605_219.tar	874ceaf651ed228ad5bf601cf2034147	525596351
src/arXiv_src_2605_220.tar	69fa8a9f15b1fa8a09b54c51fdce3625	530958247
src/arXiv_src_2605_221.tar	61488c50ffab4c5cb31c719bedca3f2e	531398265
src/arXiv_src_2605_222.tar	1ec900bd420081394c948d7a0f1a20dc	548159326
src/arXiv_src_2605_223.tar	8ed58453689020647cf9e4ab16f15a73	541524458
src/arXiv_src_2605_224.tar	e4d575442c778a8e33db52aabe5b9f96	534235711
src/arXiv_src_2605_225.tar	1440bdd8569d09fb46b72f196c9ac346	528610072
src/arXiv_src_2605_226.tar	cd2b8ad8b4889622cbe39cb66a23e393	526222148
src/arXiv_src_2605_227.tar	80d9dc027a2cb493ac92afcefee06e48	531172546
src/arXiv_src_2605_228.tar	2d7c12a38580c4eda8d841460acd0549	548477667
src/arXiv_src_2605_229.tar	def4f4e7a29ad2517dfff2f579152443	529180523
src/arXiv_src_2605_230.tar	90c06424793c04e4dde044b3bee60061	9794202
src/arXiv_src_2606_001.tar	472b8e477620d1ad2000119094ebc191	540133061
src/arXiv_src_2606_002.tar	79930a6fbca5e1a316a6c589212e58a2	532660621
src/arXiv_src_2606_003.tar	ff619fa8a129426f299bee4093fd137c	552036201
src/arXiv_src_2606_004.tar	9fd9069d505623779333e219d9cbcbb4	529764160
src/arXiv_src_2606_005.tar	e0b79df3907944314cbba766cd979648	531669936
src/arXiv_src_2606_006.tar	01f4652f8c484896f7375ca819479f18	544745628
src/arXiv_src_2606_007.tar	0c5b897070630617b5595212b2ec0350	528498846
src/arXiv_src_2606_008.tar	77016db475e1c99b651e453f50e898ec	526994358
src/arXiv_src_2606_009.tar	679239b50578a616861d1143b95e6392	525073121
src/arXiv_src_2606_010.tar	ce11e4b4f14b60170bbfb3fa4bebb135	524332166
src/arXiv_src_2606_011.tar	b98e1397c69674edca802739c995b939	527647591
src/arXiv_src_2606_012.tar	880a7f7d7e1bd6296e08f95141ce31c5	532526273
src/arXiv_src_2606_013.tar	867f7ffab56d183f4d7003fd538b5254	526874004
src/arXiv_src_2606_014.tar	a5cd3f4c4309d9ca3f62fe94830a7c63	533661524
src/arXiv_src_2606_015.tar	c87b0f1877181cc2678f3f16753fcec2	521325968
src/arXiv_src_2606_016.tar	46d00b877a3928b42cc65b8456636363	525226883
src/arXiv_src_2606_017.tar	eeab3fa7f2171bd051ddb6986246b878	525341442
src/arXiv_src_2606_018.tar	beeda8b3c82ec8d66d1839c7018db060	525267865
src/arXiv_src_2606_019.tar	c46e64bc64e20a05cfa7283635c4e5ef	524637658
src/arXiv_src_2606_020.tar	5306337a513586bb744511c668615a62	553136224
src/arXiv_src_2606_021.tar	ee783e47b585f3ca5ab06ae88bbdf0bb	524467933
src/arXiv_src_2606_022.tar	f53bde969276dae0b5bfc663f3746537	508458139
src/arXiv_src_2606_023.tar	9cdbc88e1b5a6f64a6fb99c04e8ba030	531450528
src/arXiv_src_2606_024.tar	b8393f508f03a3fdb27fb99ff2ac748d	561784191
src/arXiv_src_2606_025.tar	9d1a7e3e8590de0e15c438ce5b4c02c3	533151180
src/arXiv_src_2606_026.tar	6d32ab6fd028afb04499d92a3b4ace1c	532885517
src/arXiv_src_2606_027.tar	c2e5e9be7794c33c6fedbaa9906b46f7	526971969
src/arXiv_src_2606_028.tar	f96070eef2768a1600547349b70fa35e	529686693
src/arXiv_src_2606_029.tar	429f9e25dc280251c23a4e01e2286c73	530369382
src/arXiv_src_2606_030.tar	3d6fd4636c13ad3317464baaea11c154	544856657
src/arXiv_src_2606_031.tar	a25a3d956835fbb38d08eb369933316f	534427326
src/arXiv_src_2606_032.tar	059c518457d2a95bb28330be61a19fbc	530948588
src/arXiv_src_2606_033.tar	b9158657e7f22551b1e272dcef44c5df	524680970
src/arXiv_src_2606_034.tar	7468cc38cb66080593781add60c9d8a3	527040621
src/arXiv_src_2606_035.tar	b7b6fb7b1ee394e10258b095a4a34885	532173408
src/arXiv_src_2606_036.tar	519b823f09ea00b0e2325e5e7401e68a	544386139
src/arXiv_src_2606_037.tar	6fe007f1e7f30abf93d32b72630a0fde	527226162
src/arXiv_src_2606_038.tar	0c2b71e44e97bb4017c84de5f19614d2	525399961
src/arXiv_src_2606_039.tar	270137ed74122165615a9e2134fba338	529865194
src/arXiv_src_2606_040.tar	2cad222c6bd42018dbd82f524e65ff09	522823674
src/arXiv_src_2606_041.tar	1d29484a6d183f96a0dcfa4e7b3cd09c	528824723
src/arXiv_src_2606_042.tar	61e2a5b0238aaa4e6cc6e5e6235c1dfb	539923984
src/arXiv_src_2606_043.tar	0e6e95defa94f416812ed4f41f9547f0	536097950
src/arXiv_src_2606_044.tar	5dcd1dbf86cc230fe1a6e0e85e1d9dc0	525711173
src/arXiv_src_2606_045.tar	e6f563125b683c815e8219ab4094dbd3	528598744
src/arXiv_src_2606_046.tar	20c4f35ad6da9ef7456d4ca3b12f5ce2	528794648
src/arXiv_src_2606_047.tar	94be6984374edd61738d5c8f0dcd32b8	528027183
src/arXiv_src_2606_048.tar	310665562bc818d7786a75ad44f394e2	528226389
src/arXiv_src_2606_049.tar	ec8ae097a2034384a7933c4bfcc1e7f6	535000490
src/arXiv_src_2606_050.tar	99dee0dc324eea9c6b22f4315fc1751d	539413184
src/arXiv_src_2606_051.tar	5a56d73ab9fd363cc8c2607c12ce4335	543977409
src/arXiv_src_2606_052.tar	d4dcbebce64c33b9efc667b2dfb35b4c	542781005
src/arXiv_src_2606_053.tar	085f17a650fdd32d03a3bd735e012e8b	527040860
src/arXiv_src_2606_054.tar	61ea3bf5a5945b4a3ca98c3d97956fe6	528471314
src/arXiv_src_2606_055.tar	1955fac57ebfb963b579f987aa423e17	524370615
src/arXiv_src_2606_056.tar	d4f37f7e8199010ad924d02c405a583b	524347096
src/arXiv_src_2606_057.tar	2274d7f6b3098e9850a03a80225a5bf7	527396319
src/arXiv_src_2606_058.tar	e22392bb99a352c4ee93b2e02bdcb282	543067833
src/arXiv_src_2606_059.tar	f2ac7c56c3a80e27cc9267779464ccc5	517199277
src/arXiv_src_2606_060.tar	17e7f6aefc5cfb0759cf3295c364fd2a	526350110
src/arXiv_src_2606_061.tar	9279540c1c1753a74e5a925529ed1e17	528060021
src/arXiv_src_2606_062.tar	277dff9f48dcd1d93bb9e7ea9c61a5fc	526051286
src/arXiv_src_2606_063.tar	5b49f3d47e5fbdb7280f6fc9417b683b	527651152
src/arXiv_src_2606_064.tar	17be1ae8f330c0f8b51cc5859882dd9f	526263015
src/arXiv_src_2606_065.tar	3b096509d502146ce457b892eb166052	525201809
src/arXiv_src_2606_066.tar	927d5ac8eea8862a94696e5877e12b07	541631708
src/arXiv_src_2606_067.tar	8287584adb94342a92a1da64c7b4045a	531749140
src/arXiv_src_2606_068.tar	f6bddcc4b64232ccc235246f7d5880ac	532325134
src/arXiv_src_2606_069.tar	52d6a423edeb40099eb56d86d068abcc	542568951
src/arXiv_src_2606_070.tar	be9cd8007567e1d45847abc309d400af	528356547
src/arXiv_src_2606_071.tar	c71c911ce93bc55830d83f396a00cf05	525249839
src/arXiv_src_2606_072.tar	f9ad2f8c0400c263782a5e684eeee434	542809012
src/arXiv_src_2606_073.tar	157d235f4551f825e32cd185ee6fdd60	524574843
src/arXiv_src_2606_074.tar	98aac66d665728150ce4af10030e6cc3	526360407
src/arXiv_src_2606_075.tar	28bea408c0e8a181661dc753b68fa70c	531339201
src/arXiv_src_2606_076.tar	e36207a71f74c1675bee86f035a1c0f0	535999942
src/arXiv_src_2606_077.tar	1d3e37dfec0c4ce883ff50b981a8f1a1	529324429
src/arXiv_src_2606_078.tar	adc2dba226b8f7210a113e3e4ed49b36	533833182
src/arXiv_src_2606_079.tar	daff0b377b6c8a4733b7a3885bf9f15c	526419029
src/arXiv_src_2606_080.tar	28de403c628e038d51c8b341f6d0a00b	525795055
src/arXiv_src_2606_081.tar	ae6936ba61facb4ef3ada544f6d0d29b	528712272
src/arXiv_src_2606_082.tar	39850cb59200a68c33c48d12e8bd703e	534935766
src/arXiv_src_2606_083.tar	9239ab9343fcc42811bf93421921853f	524562848
src/arXiv_src_2606_084.tar	5fadfd042f3cdc193b0b2ecf21a1e8fa	525444394
src/arXiv_src_2606_085.tar	d6f6dd8fd7437b4df1a52311e658c42e	537195575
src/arXiv_src_2606_086.tar	eb3b4a985ee23e162b057f56b0c19311	525756542
src/arXiv_src_2606_087.tar	f2c7b3d9ee9a0f181bc337db2c866aea	542507218
src/arXiv_src_2606_088.tar	99fd8f4784ecfeeadb33380204227a99	546190274
src/arXiv_src_2606_089.tar	d161659ba484415f417b83876b25d929	552508095
src/arXiv_src_2606_090.tar	014053bfb1657b6576e83c867593ef3e	551512554
src/arXiv_src_2606_091.tar	c26c9593d503627d058b75ecd7edbab4	532798561
src/arXiv_src_2606_092.tar	18c0414b0322c17659ce454f5feb0eee	529101586
src/arXiv_src_2606_093.tar	9b659ece4a831af8d640c168c4318427	529028074
src/arXiv_src_2606_094.tar	26b9c97f69d55887c3a7ba7d005fd207	525964512
src/arXiv_src_2606_095.tar	30f9cdded8f50e563591fc3c165b16bb	525134094
src/arXiv_src_2606_096.tar	9326fe55769269e1cd322ddcceb6c476	524389890
src/arXiv_src_2606_097.tar	936837f6fdc0171bf196cb3c8081bfee	527943382
src/arXiv_src_2606_098.tar	3f3bca8c7ff70c4123783c631959d02d	533625291
src/arXiv_src_2606_099.tar	63ba9c3891c3d5ea5a005ecb704d9d8e	531034777
src/arXiv_src_2606_100.tar	ba1a6227ba99c4416c12c0d121868a61	525292783
src/arXiv_src_2606_101.tar	00b7a649d0c5a7b132133e1aa71c6f10	530445603
src/arXiv_src_2606_102.tar	4f8c6e26b10d682aa4dacdefc801253f	549182888
src/arXiv_src_2606_103.tar	649e9d5ed5b07e5b46a020b94494480c	524870581
src/arXiv_src_2606_104.tar	e4377b7fe33ef2e8a9e12fef45e53de4	532194486
src/arXiv_src_2606_105.tar	34c85c162a37050ceab27fddc83ff14d	524427672
src/arXiv_src_2606_106.tar	e63c49e764768daaabf54dbfaf94353c	508310979
src/arXiv_src_2606_107.tar	c6e9b9bb22478e81aa2e80d933484199	528749077
src/arXiv_src_2606_108.tar	78f9c25cc0577c0e70ed98e0c227e733	526566106
src/arXiv_src_2606_109.tar	98b065dddcd0b7e5b4b3d3f56c19bcbc	538326716
src/arXiv_src_2606_110.tar	0b31484e61c9822fddba5942e067990b	537240382
src/arXiv_src_2606_111.tar	61a0057ffeec5c8d915a3e54a6521945	553281310
src/arXiv_src_2606_112.tar	968cb5d9590df4427330def3f64298ac	525337381
src/arXiv_src_2606_113.tar	dbd9c1555512fd03c02b3633d96df65d	525278205
src/arXiv_src_2606_114.tar	5896cf55db00aec40c500afce1a52abb	542638532
src/arXiv_src_2606_115.tar	87f47dac607b0b72cc9e8529dd5d6d53	542117619
src/arXiv_src_2606_116.tar	b8d7d0bf59541308d0a3b5cb8eed4947	534630112
src/arXiv_src_2606_117.tar	c8824ed431055bba5c0909228c8cb00a	546796251
src/arXiv_src_2606_118.tar	7dd06bb1b47f9b90a07d44c3fb494eca	516490721
src/arXiv_src_2606_119.tar	219a41d1a8a7074f8d01273c50fbded6	525747083
src/arXiv_src_2606_120.tar	07d40be5faddf068751aa973bdeea780	529607503
src/arXiv_src_2606_121.tar	f574f584bfa00d18f5cabd3150465586	527003756
src/arXiv_src_2606_122.tar	3288b4edd5a6eb0b8526342c340c322b	570661035
src/arXiv_src_2606_123.tar	0f401c0d87bb4b9e26ddc27f71d27fef	541471787
src/arXiv_src_2606_124.tar	957747b3102c9a17337c09362e17b20e	529379005
src/arXiv_src_2606_125.tar	acb59254c130f97d4f6190b0d72ed820	527963985
src/arXiv_src_2606_126.tar	7021137fb022cfdf44654d82783e4fda	524349051
src/arXiv_src_2606_127.tar	4fdc0af2bcabcd6664068bfcef2c9356	525190298
src/arXiv_src_2606_128.tar	858c9b9de849dda292f43fffd9e056b5	527037805
src/arXiv_src_2606_129.tar	64d4b0fdd74128d4673e567c895f23bd	526781557
src/arXiv_src_2606_130.tar	704457596a19abc238e66c2ba6781bb1	527386137
src/arXiv_src_2606_131.tar	b4dc0e76c9fefd98692655f552fdfde1	543777812
src/arXiv_src_2606_132.tar	a78e6fb3590094d0b9dee64faf6a038d	527954633
src/arXiv_src_2606_133.tar	772ad7b6762306fc87a1f361b8129b59	528659434
src/arXiv_src_2606_134.tar	3e23e05d98e4dca7173d51eecf872189	524841297
src/arXiv_src_2606_135.tar	cce1574fc75ecdc1996392e54ce733b1	524700466
src/arXiv_src_2606_136.tar	8036ec98cde2b157d619041f01108fda	543030170
src/arXiv_src_2606_137.tar	015a0c7d4151c83c2dbb9e86fe9d1c0b	524619688
src/arXiv_src_2606_138.tar	dbc66209b08d3775811a5e08c13e05e8	527815378
src/arXiv_src_2606_139.tar	d4a79524be61ec535fbea5eda447ad67	527811274
src/arXiv_src_2606_140.tar	00b2658d0303ff3c541d1486d0573160	529761563
src/arXiv_src_2606_141.tar	0eeab962766f2506768c633521c7b01e	526422834
src/arXiv_src_2606_142.tar	d952e8473df0d16e23537e653e07b9b5	533182303
src/arXiv_src_2606_143.tar	7905b9b14a22d9897e337175e30030e0	526215796
src/arXiv_src_2606_144.tar	d3632c0fd2f0b69ef095a7bf7fc991a4	531561155
src/arXiv_src_2606_145.tar	ab0289013551527dcdfde0439a453e6d	536625547
src/arXiv_src_2606_146.tar	284ac46ed4ed41a2e0c68ac9b7038d43	544329532
src/arXiv_src_2606_147.tar	94a20d77d6984e68411e30e31412a104	525816302
src/arXiv_src_2606_148.tar	324685ef6a1fc2f8d3a2183e615b520c	528752017
src/arXiv_src_2606_149.tar	fcde009a79fe1dbe4d0148f1a0a22ba1	524837077
src/arXiv_src_2606_150.tar	7d2f404c571a65d58032026267f2bdfe	524358434
src/arXiv_src_2606_151.tar	d412926ead6025e42ab7e6cb04b7acaf	531588771
src/arXiv_src_2606_152.tar	42bb4763c3826e43c0e8a9e50657d5da	525428840
src/arXiv_src_2606_153.tar	ec8165743645740dcdcbe5153da6acd5	559309757
src/arXiv_src_2606_154.tar	04e312b56587f65c0a38576170b49871	525142770
src/arXiv_src_2606_155.tar	ea5aec71e9126fa107242d55917e8b93	524736859
src/arXiv_src_2606_156.tar	4740713e0e29cc29d219ff8c975f5a42	527358158
src/arXiv_src_2606_157.tar	2e83ba31ee05ac33d29c3f5b7f2efe85	528713125
src/arXiv_src_2606_158.tar	3f5986bdbc484819a85e015cafbdf1b4	526292657
src/arXiv_src_2606_159.tar	121619537610cae1108aadfa375f9d90	530234957
src/arXiv_src_2606_160.tar	41959780e476711b31e26add187d15a3	528659362
src/arXiv_src_2606_161.tar	4e28e66144fef875aeedf074333d4b00	525135370
src/arXiv_src_2606_162.tar	c7a185cc2e1c999b6ed517b05070e956	524600369
src/arXiv_src_2606_163.tar	93ed9b9c963f3e2cc66f6a11e234f82c	534217630
src/arXiv_src_2606_164.tar	11c85793518d9ad64a8516cb4d6c34cc	530763215
src/arXiv_src_2606_165.tar	f57b0a29c2cfd40c520c84df2e329931	526569415
src/arXiv_src_2606_166.tar	9f24d08d6f322612c68b51b349b1e683	524291324
src/arXiv_src_2606_167.tar	6523e31832e48b12537849af414bee26	555706834
src/arXiv_src_2606_168.tar	ff478311ce108f9eccba173c2b41f9a9	528723435
src/arXiv_src_2606_169.tar	aa612546ca7094b899ff5ec4f67554e7	563162949
src/arXiv_src_2606_170.tar	29051c21a13a721465e8edf19aa13a8d	530371532
src/arXiv_src_2606_171.tar	956866df1266ed3654382a2b823a652f	526604711
src/arXiv_src_2606_172.tar	7878592ba5603afd58627d8e581e1236	542684726
src/arXiv_src_2606_173.tar	243c758a8d60c1bc625b3cd6bbb2ac4c	528284048
src/arXiv_src_2606_174.tar	8830c0f3000ae4e55e59e186bbbd961c	526762707
src/arXiv_src_2606_175.tar	f79c4f0be092f3ec89837592ec7a893c	555351247
src/arXiv_src_2606_176.tar	9c72ce53985f50c1473d2b6fceff2e44	546875647
src/arXiv_src_2606_177.tar	d4f67fa1d97d6016e6285a8876335841	532206218
src/arXiv_src_2606_178.tar	19426b56ce752358b2a1f2bc3659ad80	568445756
src/arXiv_src_2606_179.tar	a054db7beea7fe7007043833ee959c1b	531380393
src/arXiv_src_2606_180.tar	6e5631b3603e176dda9d472f810e3f94	532763652
src/arXiv_src_2606_181.tar	020f9d45a8e8f016c1cd4b164fd67d98	525849384
src/arXiv_src_2606_182.tar	e9568c71bf1f2b46af31be66ad9a95a0	555437464
src/arXiv_src_2606_183.tar	3f7c85f4d36b4492b21940f5b56dfcc9	538084280
src/arXiv_src_2606_184.tar	01dc4bfa4ad3f205a10ea9a3ae142f8f	526251468
src/arXiv_src_2606_185.tar	322fc7bbc669f6a124e0ca6822bf287d	526814124
src/arXiv_src_2606_186.tar	cb314c89e665ace60e451c76f3a1d3d8	531138943
src/arXiv_src_2606_187.tar	d3814c521d0f5df0eeba6a6d22ef818d	567566326
src/arXiv_src_2606_188.tar	551c19381cd559a46a07eb95e3dbab27	535730908
src/arXiv_src_2606_189.tar	ee22728928e041439949259712792e78	524650924
src/arXiv_src_2606_190.tar	a17fda034bb126b8e4afe291724062b2	525024383
src/arXiv_src_2606_191.tar	61776b5aff6ad3f8ce4e7426ea08c732	525980245
src/arXiv_src_2606_192.tar	9cb2fcb76ebfa09be411decb3107c535	524808454
src/arXiv_src_2606_193.tar	ddc946d5652c26ef27fd78cf2405a408	535944990
src/arXiv_src_2606_194.tar	acff43732f4ca75216c0292abdc0bb53	547880555
src/arXiv_src_2606_195.tar	a80a4ecb623c91a210ef5fe1f5617a10	560687987
src/arXiv_src_2606_196.tar	55e63bf01738a619aac37c6224711fd2	526571440
src/arXiv_src_2606_197.tar	47cc94079ca9163a07cd4cb80cc72b17	558273497
src/arXiv_src_2606_198.tar	90744b3d920bf809eb5c2ad5da77119b	540761940
src/arXiv_src_2606_199.tar	21b338537f61a104bb15b0f4cf7db850	541547721
src/arXiv_src_2606_200.tar	a95c7e4a88904a446363954495ea366c	529388746
src/arXiv_src_2606_201.tar	4b26373149765cbb5270f2e9dd8bebcc	558705359
src/arXiv_src_2606_202.tar	ebfa0e1fa20c737f03d09cfaae524b03	524159513
src/arXiv_src_2606_203.tar	83fe9b43547858cf707f8259ad081c05	528121981
src/arXiv_src_2606_204.tar	ead77f0c96b6c16cf389fc77bb243e6d	542889113
src/arXiv_src_2606_205.tar	f6ea4dc5f0b7dde525415527d253be1a	551437239
src/arXiv_src_2606_206.tar	f337fe25b1fdf7fa4b70951989890170	538257368
src/arXiv_src_2606_207.tar	ee4d67f40c714bc294366b566f63312e	526317443
src/arXiv_src_2606_208.tar	6b36519e39bd0bf66a97b608f1dc1004	525372524
src/arXiv_src_2606_209.tar	e945426c48917a8f445aa0c10820023d	525512885
src/arXiv_src_2606_210.tar	818665b3893bb5af2b400bb13f7c3010	524345681
src/arXiv_src_2606_211.tar	a7e7e8bdc86e212e6f7d6bc29052beaa	532941842
src/arXiv_src_2606_212.tar	bf36371b1a58321f68e80de4666b3852	564369060
src/arXiv_src_2606_213.tar	3d2120705c833434cedd35c2d71dca6a	527563217
src/arXiv_src_2606_214.tar	f2cf9e33641d9fa92dec21815c8e2d38	531907176
src/arXiv_src_2606_215.tar	90f427a8343418a19893108799a96187	530220499
src/arXiv_src_2606_216.tar	b753cbf3edebdf2a2b6de6162225c94f	540558859
src/arXiv_src_2606_217.tar	a50317633391f822dd4987fc0a82e223	528100896
src/arXiv_src_2606_218.tar	e367b4967be5964baa9912aeb720fa43	525562755
src/arXiv_src_2606_219.tar	33c6a58be3b4d7d640cf36928951776d	532146217
src/arXiv_src_2606_220.tar	256311c9a24e65669d08124ab4335049	531392698
src/arXiv_src_2606_221.tar	011d5a1b267c816856fcbfcb30c8b656	530812608
src/arXiv_src_2606_222.tar	c7b83791b348cf32355de473c432893c	525376803
src/arXiv_src_2606_223.tar	9dfe5c4a8ad76d861208f6d8c9fa924a	536498158
src/arXiv_src_2606_224.tar	9751b2bfe81a731e08f04993207ad8b2	524330983
src/arXiv_src_2606_225.tar	b1d09909b3f8f186556b212e4ac24de2	530258107
src/arXiv_src_2606_226.tar	5627b2e55aee821847bd619160468040	494350833
src/arXiv_src_2607_001.tar	506302e06a2a4d0afd21ab5e27d97adb	527238969
src/arXiv_src_2607_002.tar	961b555b6f1c1cd0faa01254acb19c5a	536183297
src/arXiv_src_2607_003.tar	940b3011cf61379bf2be6d9f9227ebcc	536873757
src/arXiv_src_2607_004.tar	85eb390109376277812a0a556cbfc15b	525664883
src/arXiv_src_2607_005.tar	dbc1581702e02bbcec19930461371116	525931522
src/arXiv_src_2607_006.tar	705f038c936fae3852905a4b16736def	526898452
src/arXiv_src_2607_007.tar	e60df8345f2e867ad402053e222118d9	524301193
src/arXiv_src_2607_008.tar	5829ed359e3ac00728f4f6a1918336d4	525288262
src/arXiv_src_2607_009.tar	2d622de8d37937be7340f3ce1467a283	525445127
src/arXiv_src_2607_010.tar	e06cf20d1b23463378001ebd7194eea3	526011400
src/arXiv_src_2607_011.tar	52435162cf7a3a0c8f2ce8a1675b5463	535781829
src/arXiv_src_2607_012.tar	2ebc55757a8cfec47c966ef4b0b3603d	531415271
src/arXiv_src_2607_013.tar	448164e2e566ba3bc7c0c8794e263c33	526516702
src/arXiv_src_2607_014.tar	d36b5199c2635e2ce7fb19d8279b7d1b	536952708
src/arXiv_src_2607_015.tar	02da1394121e679a1267b49920f96ba2	527598270
src/arXiv_src_2607_016.tar	0f46652267f6db84c4e01ed1f47a0b1f	525496476
src/arXiv_src_2607_017.tar	a63fe9727c7ef50294b22e13446ff7e2	531132665
src/arXiv_src_2607_018.tar	d94588ac5f7571c229bfda22b65d904e	526567357
src/arXiv_src_2607_019.tar	0f28c375e59d9786685409b00963ff9f	526367124
src/arXiv_src_2607_020.tar	43d98b078ac58eb39b5b899d621add12	534391054
src/arXiv_src_2607_021.tar	4d6f578e53b5062cb0603be8ea46f9be	527532223
src/arXiv_src_2607_022.tar	1adc043561a94cc830751978ba89ed1f	572567376
src/arXiv_src_2607_023.tar	135ea4f04fc4d3a79241297c0ebeaec5	525854862
src/arXiv_src_2607_024.tar	00f68ce9e0e3166cdc01625f751b10f3	526426589
src/arXiv_src_2607_025.tar	91ad8bb1b9590425b707178483c461ef	532189668
src/arXiv_src_2607_026.tar	9f652824e704ca0afae15dfbbeae2ec2	540856283
src/arXiv_src_2607_027.tar	526a0445f63d081b996ffa0baabedb1d	530792998
src/arXiv_src_2607_028.tar	d98845d92d876d01f6b66e44ad5d3e83	530517822
src/arXiv_src_2607_029.tar	c58dde2418fba0a7dca1f685b4de9388	532906886
src/arXiv_src_2607_030.tar	52e6266b8c9e92561c1dd5a469f6b404	524531611
src/arXiv_src_2607_031.tar	e913cf89ea1a111b357fdf64e75bf05c	525256003
src/arXiv_src_2607_032.tar	483fcad98d667395dfb60ad293226743	530363323
src/arXiv_src_2607_033.tar	e1afba92283a2067abd9c8e089b7fc6e	524877164
src/arXiv_src_2607_034.tar	decbd54338c1d16d719652ff608e81d1	525518757
src/arXiv_src_2607_035.tar	df801c4c426f646a4f929fc7757cf1f9	532505783
src/arXiv_src_2607_036.tar	7e527eb82a3d20edc0c26c71c2112109	525311337
src/arXiv_src_2607_037.tar	efc5090bcfb739e4a0f30b3a431e0d4b	540880149
src/arXiv_src_2607_038.tar	5ba3018f01c89ea9cc5ce99514b7e53d	535335316
src/arXiv_src_2607_039.tar	35f60fa07cefae3480cec39af1286910	529158882
src/arXiv_src_2607_040.tar	f3a7c08597fff548da6e8a5932f03ea6	525096639
src/arXiv_src_2607_041.tar	3d0888519d343802361dd65e03523710	531195571
src/arXiv_src_2607_042.tar	6a2f0fa2724f97a57cad17fea80910e2	559548170
src/arXiv_src_2607_043.tar	1e33f6e89d494018d5a28ca798ce0eb0	525185455
src/arXiv_src_2607_044.tar	bbba05519d220abad4d8b65c17f91891	544148701
src/arXiv_src_2607_045.tar	b9c368d97ce42dc2454c9f570b4057c6	524685626
src/arXiv_src_2607_046.tar	e1b3277dacbbe15262b349efa200b68b	518690349
src/arXiv_src_2607_047.tar	91387466064ef58f3752002459ea12b0	531568009
src/arXiv_src_2607_048.tar	af1f1a7f47dd3e6d9acfa27968ca3888	524290762
src/arXiv_src_2607_049.tar	acde5e95b1a506248fb346580cbc1a20	524808408
src/arXiv_src_2607_050.tar	181ce33de76e593cf4ca7f66d24d8916	571668391
src/arXiv_src_2607_051.tar	11d175450d45c91753d19ce649a1c85b	524693715
src/arXiv_src_2607_052.tar	f0f4d433a05fccbfc016da969eba2e81	531497984
src/arXiv_src_2607_053.tar	98a75a164e0e913e3f588255bfdc8f82	544636871
src/arXiv_src_2607_054.tar	ff0c51f8ad54b72eb3e3fdcfa662086f	528104225
src/arXiv_src_2607_055.tar	9c8ad8dc76d92d6e94202dca36f029cf	541681554
src/arXiv_src_2607_056.tar	156b0d2b5033e0556241b90f157a3ea1	546967119
src/arXiv_src_2607_057.tar	de7cacb83e5ffde20d4900ab72468af4	545787011
src/arXiv_src_2607_058.tar	4129dae2f703679010fbd88e5227cfd2	537849240
src/arXiv_src_2607_059.tar	2f18d26a38ff5bc21c92823d04e885d0	557662513
src/arXiv_src_2607_060.tar	405bbc14aca4a6ae5f058114a5650d77	527340482
src/arXiv_src_2607_061.tar	11fb5466185a8f246be83c014e087546	529432715
src/arXiv_src_2607_062.tar	68c715b9ed5c3fe98edf2c0a00ff7aba	531837923
src/arXiv_src_2607_063.tar	3f6dfab8116acbdb55f52341943dea67	527383698
src/arXiv_src_2607_064.tar	2944acfe396d0e198b9d8e6d60225193	529592434
src/arXiv_src_2607_065.tar	e8b2602d2486d112185a3f3ffd319fbe	562955780
src/arXiv_src_2607_066.tar	bc9056ba12c380d6d7a619d6a6a779bf	524385160
src/arXiv_src_2607_067.tar	1c06cebf17012618f93b3c7fc8f0cc53	543342793
src/arXiv_src_2607_068.tar	5f701d240f08d9a75cc9494386d361eb	534825772
src/arXiv_src_2607_069.tar	4d3e84ae50baddf6b53ca32219f512cf	535656656
src/arXiv_src_2607_070.tar	eff4580faab42620041f64bc82c5c2c4	527568898
src/arXiv_src_2607_071.tar	f52dcc85593e1a6c66e300642c5e7162	524675805
src/arXiv_src_2607_072.tar	3a23114e8223673269f8a102570c8fd2	527838828
src/arXiv_src_2607_073.tar	9de475fd194ff435b97a382741315989	524572794
src/arXiv_src_2607_074.tar	92fea1fa83b9d7efb3658808be9c2bb1	556282119
src/arXiv_src_2607_075.tar	fc84acb46d0364d91d20aa0fa00fbb04	524597095
src/arXiv_src_2607_076.tar	4824e8642a9b9456dfb977a30b6dd17a	527120790
src/arXiv_src_2607_077.tar	34e92bda4c5819db69851d11f9ca34ab	547153838
src/arXiv_src_2607_078.tar	3d3b670180e2f4b152c6120cd3985364	527238192
src/arXiv_src_2607_079.tar	210b0a0d83f98a7957f549edc2c228fa	527096666
src/arXiv_src_2607_080.tar	f9337f9d15cfeadc1fecc502df437d12	551000264
src/arXiv_src_2607_081.tar	a504cdd17f358a82a72ac0b830a1bccc	552951992
src/arXiv_src_2607_082.tar	6842325deca6399f85a98fc225e1c786	537095771
src/arXiv_src_2607_083.tar	299cf551ea04f21a60551e1bccf136c1	534912712
src/arXiv_src_2607_084.tar	5c409e473b5d7033ced824403d958cae	525670420
src/arXiv_src_2607_085.tar	0d80d1df2fc3f00b6d9765ae78d8d56e	524938597
src/arXiv_src_2607_086.tar	1d2a2757f7c5f21ad02fe2d0323fbc0c	532839412
src/arXiv_src_2607_087.tar	5f904439351e36b012120b221f3b37e4	552204358
src/arXiv_src_2607_088.tar	7b3f8e1e12ce59427d6b65bad6dc2a9c	527319960
src/arXiv_src_2607_089.tar	6710287ec214246712999b8c95d665d4	532570522
src/arXiv_src_2607_090.tar	c365bda3c282021565c8d63d1cdc844f	532689588
src/arXiv_src_2607_091.tar	81804b54109bce89507e503babb7e255	529639091
src/arXiv_src_2607_092.tar	2c5a9c91a150f32fa42030212a47392e	531770818
src/arXiv_src_2607_093.tar	849e0cc59069c31e587ea94ed9fb2287	527414050
src/arXiv_src_2607_094.tar	1b3fe2ac234d465eee846a1491f3f822	527535119
src/arXiv_src_2607_095.tar	97a28783baecec8b9188aa051007994d	529164353
src/arXiv_src_2607_096.tar	7099e63b4bff45c391034fefa5db9da4	527771387
src/arXiv_src_2607_097.tar	9d2e395acac3f984db520435deb5d415	524293996
src/arXiv_src_2607_098.tar	4f7c363117e7ca22ad458271c1de1577	534089162
src/arXiv_src_2607_099.tar	dbea646947fc1979396ec1835fbe4f44	525943237
src/arXiv_src_2607_100.tar	6b09a06c4c6a7aac2c8487d165c92766	528731800
src/arXiv_src_2607_101.tar	f630d3913bc6d7382fca76c8e0347d63	531913536
src/arXiv_src_2607_102.tar	e90a9546ec08c76caffd01d5e4ae6d86	539392075
src/arXiv_src_2607_103.tar	52727cd835b55de044e1d131dcab3e59	531185563
src/arXiv_src_2607_104.tar	c2a0e38aafd870b9b7862a08a66e84ae	526651602
src/arXiv_src_2607_105.tar	c532b0655c497522fef2b538b03596de	552237443
src/arXiv_src_2607_106.tar	8a8101d80f2c5b8818dad90a54f7ebf2	528146147
src/arXiv_src_2607_107.tar	4b4c472b8fde903c9ba316e315cd8479	528379700
src/arXiv_src_2607_108.tar	38f20fa67ead314194e1e41b452e2bf6	533118108
src/arXiv_src_2607_109.tar	634a13db67c467026ff4572933f35c5f	538462013
src/arXiv_src_2607_110.tar	da10e45cfd1c5f2a1c87e3e10ee71ead	528950105
src/arXiv_src_2607_111.tar	c3131aab03144ee91302b6c0540fb23e	530432545
src/arXiv_src_2607_112.tar	84dd569729d7a34e7f0af3b52531707c	525342921
src/arXiv_src_2607_113.tar	1788db21e86ee001bdfb162686953ba1	532801498
src/arXiv_src_2607_114.tar	bab27392e7294036d1c7ccfd624897e7	532398361
src/arXiv_src_2607_115.tar	286b291f75bae4cd22df62b443c8fd18	524636033
src/arXiv_src_2607_116.tar	db4dc91d39b9fca0732eaa23b08e8087	525666112
src/arXiv_src_2607_117.tar	828398669f08a5ff545553d260a12d98	524599970
src/arXiv_src_2607_118.tar	3eb4fa0229bd22ef661776b3e9d7871e	536380388
src/arXiv_src_2607_119.tar	ad36d41beeabb86c9479023900a07f51	542282957
src/arXiv_src_2607_120.tar	f65de47c72cbbc4388738c67860569ef	559306505
src/arXiv_src_2607_121.tar	504187a3a58c3848607c0ae5b72d0fdb	536703108
src/arXiv_src_2607_122.tar	e94f5f80368dd2b21332c76cff3861f3	524980080
src/arXiv_src_2607_123.tar	63e97772ad949244c3c4c1118d73f3d0	525424879
src/arXiv_src_2607_124.tar	26feb70a147ffcf326ff8aa39cfa1a5b	526833856
src/arXiv_src_2607_125.tar	b4aca698586374a64b64dde36333ed48	532515699
src/arXiv_src_2607_126.tar	2bdb2ee0978d8a1e451aea2c8c282c54	525773908
src/arXiv_src_2607_127.tar	c9d918b76f6a783eecf6b5f4ed2f3098	524956084
src/arXiv_src_2607_128.tar	42375e0a1b8e4d13394c86755ec69133	526081071
src/arXiv_src_2607_129.tar	c6fe641115bcb9911e7ca45d43e17902	526723529
src/arXiv_src_2607_130.tar	5601a2293ad40cf3936e6fdb9c7c07ee	546937400
src/arXiv_src_2607_131.tar	55fd83822121622f6c49fbd2e51c7fbc	534560527
src/arXiv_src_2607_132.tar	bbbc2be31f9e1bf4a378146c0add1046	534093715
src/arXiv_src_2607_133.tar	9c807786174d40fcc242aba8e8bd8ba0	524702259
src/arXiv_src_2607_134.tar	d38d8eafa38727cffb0902c6dfabcbdb	532103555
src/arXiv_src_2607_135.tar	5a0d0b90f25bc256bb47f3affcff5156	525248907
src/arXiv_src_2607_136.tar	1cd4b7ffd726d123c7e6e31727c96851	545977450
src/arXiv_src_2607_137.tar	b3bcd7d59972acbdd4b8d63c99bc1e2b	536472688
src/arXiv_src_2607_138.tar	8c664a150585ac52abb6f5656f148ec9	534388838
src/arXiv_src_2607_139.tar	2e2acec01c64b015556d97944211877d	544171821
src/arXiv_src_2607_140.tar	1f3b3dc939f908af1b1879f5b57a28ea	532418286
src/arXiv_src_2607_141.tar	2319a5402fb798f79567cd2226399d05	524454833
src/arXiv_src_2607_142.tar	be3795dc56620c28778bd51ce5a19294	526556203
src/arXiv_src_2607_143.tar	be396e859c8d9739913db1b705811f49	524299428
src/arXiv_src_2607_144.tar	2af8d950551dc4c778e7e185bb5d9e17	524819926
src/arXiv_src_2607_145.tar	cd59ad92470d97f4936e57e9c9b0e339	525261723
src/arXiv_src_2607_146.tar	6faae3ec4c4b19f3c9f30451e138d256	526694112
src/arXiv_src_2607_147.tar	4087bd1796bbcb14807620cfb1d2efc2	527628320
src/arXiv_src_2607_148.tar	b48e15f8bd3cebbd01243a02aa6f2239	540926174
src/arXiv_src_2607_149.tar	782e04366c1ae3e3e50d94a70f67d007	526941927
src/arXiv_src_2607_150.tar	16c49db9f9a5ded4fe6901e251fc53b4	525367963
src/arXiv_src_2607_151.tar	78f94226a4fa41984a210d350308ce7c	546702134
src/arXiv_src_2607_152.tar	fc9b275a104f8048e5cc624a42dd7a33	528878336
src/arXiv_src_2607_153.tar	730251fe021725c520f02bd160315a9e	527458551
src/arXiv_src_2607_154.tar	4db6447c351afbcaedafab19e1da98d6	527280090
src/arXiv_src_2607_155.tar	df77f978f8dd45dbd99c42a477a6feef	524293364
src/arXiv_src_2607_156.tar	c71abed24ba32e29eef2b4dafd81f674	526767483
src/arXiv_src_2607_157.tar	c2781937c3e1be730fee925255c85a8f	539639049
src/arXiv_src_2607_158.tar	9da2cd1a3b7ee0fd9552672c5015ec13	555788478
src/arXiv_src_2607_159.tar	dfa7eaf35708db2cb5726e884e8be438	536767639
src/arXiv_src_2607_160.tar	99a0a869c3d3cb868813c26e1a9e6ecb	556811774
src/arXiv_src_2607_161.tar	567663d882c7d494a801f4143817465f	526283933
src/arXiv_src_2607_162.tar	b2367365d4739f07c7eb4c032b6aca64	526798393
src/arXiv_src_2607_163.tar	e52f6ae5a73934fa22e7c7b26eb00c7f	542155481
src/arXiv_src_2607_164.tar	c1a5efdfa77ca8b96a6d6f5ed9de21ba	526311730
src/arXiv_src_2607_165.tar	70e7344aaf9c2de075ee000b8db48fc3	532460904
src/arXiv_src_2607_166.tar	428ad2f32da9cef69710778665b25870	531764047
src/arXiv_src_2607_167.tar	f23a714b50057003b45da3abef0c5a84	530107807
src/arXiv_src_2607_168.tar	5bbf1052f5a2728a5c11d63bd53691ab	527009102
src/arXiv_src_2607_169.tar	eaeb1329988ebb41d21ed6ef84d243d9	527015377
src/arXiv_src_2607_170.tar	f9bc4f4d16fefeb0446076c798827c8c	524904486
src/arXiv_src_2607_171.tar	dcf142221b35c51114947405c0d674a9	533661504
src/arXiv_src_2607_172.tar	352fe285b6d7957567dee14ea5627020	529871214
src/arXiv_src_2607_173.tar	8efa9fc5a31be6f908eb0ff8f3a54dcc	532542511
src/arXiv_src_2607_174.tar	c45ae8ef812d5bf86315eb3efcdcccb9	528132672
src/arXiv_src_2607_175.tar	fc43f7f696d765638473d73785382dcc	524699262
src/arXiv_src_2607_176.tar	aa0e2e3488e2d84d3afe34a0e172dd8e	530594031
src/arXiv_src_2607_177.tar	19a2e78b408594933608b52f96c0cd0e	532691181
src/arXiv_src_2607_178.tar	c20338206332e7ee59cb6d7782bbce1b	525213760
src/arXiv_src_2607_179.tar	bda5a4e445cda743aacdeab0648ccc6e	526144861
src/arXiv_src_2607_180.tar	72bd67219b293412fa45e558779975f5	526814704
src/arXiv_src_2607_181.tar	ed56b68b05c0282ec3d5a495f550b9b4	529992468
src/arXiv_src_2607_182.tar	a9c8d172054f11177677910ed5769dcc	533994271
src/arXiv_src_2607_183.tar	3f5c343c075f3577fd9418db87e73937	531582917
src/arXiv_src_2607_184.tar	0da88510cbd5a6a810136d8b48669ba2	548790872
src/arXiv_src_2607_185.tar	65994c93f07f6e7efd3d845615468f62	539081518
src/arXiv_src_2607_186.tar	15d454132950037bc955da223483de89	547952577
src/arXiv_src_2607_187.tar	26d984c02018f7cbff9df01c1592b164	529919762
src/arXiv_src_2607_188.tar	d16cd455b9a22ebd86430002e4ea69d5	546327539
src/arXiv_src_2607_189.tar	73c092b26230d5eaa39e28afe822f54e	527108604
src/arXiv_src_2607_190.tar	3b0de22aa0192a665cb6df68a3e3b9c3	541333792
src/arXiv_src_2607_191.tar	0781d5427c546f937b0cba377c589eb6	93398439